air_temperature,process_temperature,temperature,rotational_speed,rpm,torque,tool_wear,vibration,pressure,current,operating_hours,failure
27.46,37.64,69.21,2373.3,2338.0,23.42,25.3,1.838,4.649,15.94,992.6,0
24.77,35.67,71.11,1145.3,1149.5,48.91,148.0,1.58,5.384,16.21,3184.4,0
28.35,36.88,68.41,1435.3,1499.3,39.42,22.6,1.161,4.745,21.84,558.6,0
28.73,38.45,68.44,1703.9,1664.4,34.0,141.6,1.479,6.55,16.7,5398.9,0
22.95,33.78,57.11,1445.8,1490.7,37.49,15.8,1.133,8.527,7.85,2264.3,0
24.25,34.31,78.19,1086.4,1050.6,50.37,166.2,1.295,2.408,15.44,2892.8,0
27.11,38.57,66.63,1320.1,1355.6,47.31,25.5,2.676,4.632,15.98,2338.3,0
26.22,34.64,62.65,1482.6,1419.5,38.72,5.7,1.108,5.777,9.56,4363.5,0
26.82,35.13,61.48,1815.9,1831.8,28.61,71.5,0.158,5.27,6.57,2668.1,0
25.14,35.91,61.86,1905.9,1828.4,29.31,43.9,5.028,2.631,7.81,4953.7,0
28.61,39.47,62.8,1171.9,1148.4,47.53,6.0,1.686,7.359,15.91,3476.2,0
28.41,38.21,70.12,2096.6,2056.1,27.22,9.3,1.179,5.718,13.94,440.1,0
26.98,37.38,60.45,1475.9,1492.8,38.82,44.0,3.04,6.643,18.71,1688.7,0
29.1,39.85,69.79,940.1,944.2,66.81,36.2,2.553,6.345,20.14,5431.1,0
27.79,36.97,72.38,1409.5,1420.0,44.6,75.4,1.047,5.066,17.84,400.1,0
25.13,34.42,69.53,1189.3,1214.4,47.42,55.8,1.694,3.574,18.09,5754.1,0
27.59,37.78,65.61,2006.3,1996.7,29.39,44.4,2.01,5.634,19.49,5065.6,0
24.93,35.84,76.58,2023.0,2102.1,27.73,17.2,2.507,3.48,16.49,4769.7,0
28.61,37.44,75.63,1051.7,995.1,47.96,11.9,2.523,7.104,16.71,5005.5,0
26.75,36.55,64.13,1657.6,1645.1,37.18,24.3,1.23,7.271,7.11,3946.8,0
26.48,36.24,79.05,1226.5,1232.8,51.74,74.3,0.309,6.12,12.64,597.3,0
25.49,35.91,66.16,1297.2,1324.0,41.43,64.3,4.686,5.234,10.66,3179.1,0
29.3,39.29,74.04,864.9,880.7,75.56,12.9,3.498,7.082,19.84,3346.3,0
26.54,36.0,54.27,1696.7,1692.3,35.28,24.0,1.842,7.379,11.04,1180.1,0
25.99,37.24,66.04,1217.3,1221.1,43.89,133.0,0.776,6.406,10.93,5521.4,0
26.15,35.61,58.92,2068.8,2075.9,32.06,123.1,3.504,7.475,13.55,4603.9,0
27.91,37.62,69.99,1212.2,1229.8,51.32,56.5,1.884,7.532,20.8,4119.0,0
27.58,35.99,60.53,1297.9,1298.8,45.41,35.6,6.675,8.286,22.62,2963.9,1
27.68,36.96,63.6,1750.2,1749.4,31.39,22.1,0.925,7.471,14.4,5942.3,0
27.71,38.23,68.31,1536.3,1514.8,37.83,9.0,2.886,1.572,16.54,1169.7,0
31.13,41.45,61.67,1099.0,1120.4,54.72,36.5,0.821,6.23,14.71,3300.3,0
26.04,36.64,68.92,1099.2,1139.4,53.52,2.6,0.341,5.721,17.2,1548.8,0
25.83,36.38,59.13,2262.0,2183.8,26.86,86.4,0.476,6.73,7.2,147.5,0
25.22,37.31,66.79,1794.0,1845.0,36.34,99.7,2.4,3.245,19.62,74.7,0
28.08,37.33,66.53,1054.4,1059.3,59.21,27.7,0.879,3.745,14.89,5777.9,0
29.11,37.49,72.95,1558.0,1556.3,39.33,68.8,1.929,8.254,12.8,3194.2,0
26.62,35.57,63.92,1268.3,1314.5,42.83,28.8,2.62,6.481,12.59,4698.4,0
25.17,34.47,56.04,1017.0,1071.3,51.27,105.4,1.058,5.989,16.48,4764.3,0
25.2,34.23,51.69,2229.1,2203.2,27.68,99.2,0.595,4.69,20.65,321.4,0
28.15,38.24,76.45,1944.8,2001.2,31.6,6.7,0.655,3.981,20.33,4856.9,0
28.34,39.59,69.97,1659.5,1668.1,37.76,56.8,4.997,4.431,12.15,2869.9,0
27.94,39.48,81.62,1090.3,1038.2,53.05,19.3,0.698,4.441,17.76,2504.2,0
25.52,36.02,66.69,1169.0,1134.6,51.2,35.4,2.029,6.54,11.77,5278.4,0
27.31,39.46,65.72,1330.2,1369.7,48.2,39.9,2.781,5.983,12.22,5276.7,0
27.08,36.73,80.14,1583.3,1585.7,39.61,2.9,1.939,4.174,14.49,4631.7,0
27.29,35.65,61.65,993.9,911.5,52.3,27.4,5.115,7.295,17.47,2882.8,1
28.59,39.65,67.88,1584.9,1655.6,39.47,17.7,1.441,1.282,17.0,2261.7,0
27.3,35.46,78.55,1361.8,1412.3,46.78,108.7,6.294,2.112,16.97,852.6,1
28.21,37.45,70.16,1127.9,1163.4,50.12,27.2,0.365,6.654,9.22,5835.8,0
26.99,37.51,68.86,1128.2,1116.1,57.97,39.1,2.241,8.08,17.32,6.5,0
27.43,37.33,70.53,1427.3,1471.9,40.44,34.1,4.515,1.335,23.45,4804.3,0
28.11,37.92,73.29,1775.0,1704.0,37.37,87.0,0.029,4.763,17.41,1975.5,0
23.94,32.75,75.42,1152.1,1085.5,53.95,16.5,0.809,8.188,19.68,663.6,0
26.21,36.2,61.7,937.1,930.9,54.72,72.0,1.459,3.097,17.63,265.6,0
25.91,36.91,68.02,1713.6,1708.8,35.57,32.2,3.507,6.915,18.42,829.0,0
25.57,35.59,70.21,1940.7,1945.0,29.95,68.7,4.239,4.996,9.42,580.2,0
26.3,35.47,71.43,1134.9,1021.1,53.19,28.6,0.146,6.966,11.75,3845.4,0
29.84,38.59,68.51,2259.0,2263.7,24.58,28.2,2.591,7.328,19.78,4710.7,0
25.12,34.31,55.15,2485.3,2378.7,24.07,77.8,3.999,6.063,18.47,381.3,0
28.79,39.18,75.11,1418.1,1439.6,38.32,55.6,0.246,4.209,13.81,2446.9,0
23.48,33.83,61.68,1623.3,1517.1,41.02,3.4,2.054,4.024,15.83,703.7,0
26.18,35.38,64.57,1730.8,1787.4,29.4,1.0,4.017,4.754,18.85,1507.5,0
27.18,34.96,64.86,1562.6,1584.0,42.22,8.9,1.156,2.985,16.3,3716.2,0
28.02,38.44,69.36,1515.7,1539.1,42.66,36.4,1.864,6.619,19.0,4777.3,0
28.27,37.37,57.07,1738.4,1740.7,35.2,69.4,1.087,2.63,13.69,725.5,0
28.44,39.13,78.34,960.7,1000.0,60.33,10.9,2.062,7.736,19.43,917.2,0
26.15,35.4,57.59,1532.5,1587.5,44.3,16.7,3.008,4.299,16.32,72.0,0
25.93,34.94,66.61,1192.0,1116.7,51.28,1.8,3.398,5.118,11.23,1780.2,0
28.57,38.72,73.54,2363.9,2272.6,25.44,54.9,0.858,4.61,22.82,5193.4,0
26.47,38.83,55.43,2457.2,2503.3,25.35,14.3,0.478,8.042,23.28,2530.5,0
24.3,35.05,64.87,1402.9,1373.6,44.6,49.5,2.053,6.295,12.93,4615.3,0
24.58,34.72,66.22,995.6,982.8,58.55,59.1,2.409,7.084,13.51,1598.1,0
25.01,35.37,62.19,1913.0,1940.8,29.9,24.4,0.433,4.709,17.89,712.3,0
27.84,36.09,70.94,1564.4,1632.7,41.43,103.3,1.215,6.574,14.48,1505.9,0
27.13,36.01,63.29,2250.4,2282.2,27.65,24.5,3.877,6.652,14.92,33.2,0
28.23,35.72,57.96,1938.1,1996.7,32.81,6.7,1.192,5.596,20.53,5568.7,0
26.0,37.73,71.89,1325.0,1343.3,41.93,2.6,3.215,5.85,10.18,4819.8,0
27.17,38.69,67.71,1837.5,1799.1,35.07,82.6,0.93,5.956,12.68,1629.4,0
28.1,38.49,63.4,2341.6,2383.9,26.94,8.4,3.213,5.886,15.02,5805.4,0
26.23,36.37,60.09,2179.7,2082.8,26.72,21.6,1.483,6.707,15.55,5770.8,0
27.76,36.21,59.69,3023.9,3086.8,21.14,66.6,1.263,4.208,20.76,2557.8,0
25.53,35.31,70.68,1306.2,1282.2,44.77,21.8,1.555,1.046,18.96,1063.0,0
26.12,37.92,72.49,1321.2,1362.1,45.98,13.2,0.78,4.449,12.36,5751.9,0
26.09,36.22,66.4,1175.7,1160.7,45.93,65.4,0.443,4.507,16.63,4174.2,0
24.46,33.89,70.37,1965.3,1892.6,30.91,162.3,1.157,5.869,12.63,890.2,0
27.82,36.07,72.4,1350.8,1374.6,50.06,20.8,7.115,6.466,22.36,5299.5,1
25.91,37.29,66.43,1228.4,1251.9,47.07,37.1,0.273,4.611,13.52,2876.1,0
26.87,36.8,63.51,1384.2,1346.0,40.07,57.3,3.437,2.66,11.09,2157.5,0
27.81,36.05,76.8,1527.2,1566.5,38.43,39.7,1.261,4.561,19.41,1251.9,0
27.74,36.82,65.38,1882.9,1896.4,33.51,37.2,2.46,6.008,7.75,1798.0,0
28.18,36.9,68.85,1490.5,1467.4,41.92,8.6,1.141,7.343,12.83,1605.5,0
26.65,36.52,67.47,984.4,1006.6,56.17,0.2,2.285,4.426,4.73,2445.0,0
26.0,36.21,68.3,1134.7,1137.6,51.38,33.1,2.388,5.35,17.14,5913.9,0
26.69,36.19,69.49,1571.6,1551.4,37.44,58.5,3.833,5.06,11.26,747.6,0
23.48,34.25,55.02,1307.9,1320.2,45.39,10.9,0.28,3.866,20.21,5699.8,0
23.96,34.03,59.5,1963.9,1948.8,28.99,14.2,1.401,6.729,19.52,878.8,0
24.2,35.27,64.8,1265.7,1236.3,47.3,31.1,3.012,6.055,12.81,2949.3,0
24.86,34.5,61.03,1938.5,1874.3,31.69,15.2,1.441,9.38,23.8,24.1,0
27.65,40.69,69.37,1215.2,1232.1,46.9,43.3,1.272,3.732,11.34,650.8,0
25.04,34.47,54.69,897.3,865.8,69.69,2.2,1.176,5.254,10.64,70.2,0
26.09,35.19,64.12,1643.3,1666.4,34.3,13.3,1.6,5.595,12.9,511.4,0
29.45,38.42,70.62,1017.3,1020.2,69.23,33.5,2.356,4.271,15.59,4831.2,0
26.14,35.93,66.86,1237.0,1243.2,44.91,55.9,1.275,7.235,17.89,1952.8,0
28.33,36.61,68.58,1973.7,2021.1,32.5,85.9,3.048,4.925,21.31,1413.9,0
24.98,35.28,66.29,1785.5,1783.9,32.05,21.3,1.831,4.453,15.58,2723.0,0
26.44,34.53,64.97,1011.1,983.0,63.65,79.6,6.785,7.653,15.02,1550.1,1
24.95,35.11,66.43,1219.5,1226.4,44.93,23.5,1.604,3.995,14.78,4303.3,0
26.17,34.82,58.12,1720.0,1747.7,34.34,160.3,2.991,5.887,17.93,3901.9,0
28.53,38.15,76.49,1599.0,1632.4,37.97,48.4,0.881,4.181,11.11,1081.8,0
23.4,34.0,57.93,1358.9,1339.7,44.31,51.7,1.191,4.975,12.34,1491.9,0
27.72,40.02,68.7,1587.8,1711.2,39.91,12.0,0.94,5.476,22.52,2469.2,0
27.33,36.25,65.7,1396.2,1343.4,43.46,76.1,1.208,6.395,11.76,5251.6,0
25.66,35.51,68.06,962.1,947.5,57.74,166.6,1.53,5.517,10.13,2582.4,0
23.96,33.23,69.2,2151.2,2149.0,28.72,35.1,2.976,4.658,21.72,287.1,0
26.99,36.12,72.6,1273.8,1311.0,46.45,23.7,2.353,6.073,16.65,92.6,0
25.79,35.08,69.8,1369.5,1399.3,39.27,3.3,1.504,4.139,19.99,2691.5,0
27.32,38.14,55.42,1754.2,1841.8,35.01,33.1,1.46,7.105,8.81,5981.2,0
26.89,36.41,66.39,1267.5,1314.7,50.72,20.7,2.093,9.778,20.92,3015.1,0
30.05,42.3,69.68,2272.3,2273.2,25.39,89.9,1.141,5.606,0.9,3969.3,0
26.37,36.79,73.54,3342.3,3400.2,16.34,45.0,0.853,6.288,14.85,5145.9,0
24.8,33.79,67.21,1412.9,1410.9,42.25,34.7,2.11,3.677,21.89,1529.9,0
27.21,36.84,74.04,1535.3,1480.7,38.62,57.8,0.877,5.389,20.38,63.5,0
27.29,36.49,67.82,2404.4,2488.0,26.47,39.9,0.709,6.509,18.49,2027.7,0
29.57,40.37,72.3,2680.9,2681.5,22.89,2.2,5.778,6.108,21.55,601.4,0
28.52,36.88,75.07,964.9,917.0,59.31,14.1,5.0,5.237,16.0,1712.8,1
27.56,36.22,59.19,1359.9,1455.4,44.63,13.0,0.172,4.729,10.26,2051.1,0
29.78,39.19,71.26,1522.3,1551.7,40.2,86.2,1.418,5.066,13.17,382.2,0
24.47,35.16,72.95,948.1,980.2,61.95,53.3,2.251,5.067,9.81,1834.3,0
25.57,36.8,62.83,1102.0,1029.1,50.22,99.9,1.31,4.301,14.09,4441.5,0
25.0,36.38,64.83,922.7,994.6,57.69,32.1,1.142,7.23,9.21,3988.6,0
26.07,36.6,65.71,2039.4,1969.0,28.2,43.9,4.739,6.853,18.59,1417.4,0
24.1,34.01,57.98,2161.5,2248.3,27.83,3.9,0.934,3.611,7.6,267.3,0
28.12,38.91,66.1,1308.7,1276.5,46.17,73.6,1.542,8.569,13.39,2401.8,0
26.41,35.26,60.95,1545.0,1483.6,44.14,49.8,1.223,6.729,12.28,3179.7,0
23.91,32.06,59.29,1006.7,1083.0,52.5,135.2,4.634,5.035,15.02,209.0,1
24.82,35.26,54.72,2684.4,2588.4,23.69,10.2,1.255,5.16,14.03,1723.9,0
27.48,36.47,68.77,1180.7,1206.5,47.04,52.5,2.032,5.27,21.26,3750.7,0
28.53,38.46,70.14,1224.7,1191.2,49.89,36.7,1.56,3.748,13.26,2434.5,0
30.84,40.96,66.97,1025.8,1103.7,49.36,53.6,1.108,2.877,10.43,3607.9,0
32.68,42.93,72.47,1608.6,1585.4,35.93,20.6,0.493,4.577,16.76,4605.2,0
27.68,38.62,60.76,1359.1,1371.4,45.19,5.4,0.065,6.895,14.58,1991.4,0
24.87,35.7,70.52,1932.3,1843.3,32.24,11.9,2.18,3.048,14.42,3406.9,0
22.59,32.78,66.36,1750.7,1759.5,37.07,92.4,0.717,5.264,13.63,5897.8,0
27.39,36.94,73.78,1786.9,1860.2,29.57,106.6,1.559,4.954,13.53,3990.0,0
25.22,35.33,62.98,1980.2,2083.3,32.41,8.7,0.492,4.728,15.47,5396.3,0
26.02,35.42,74.19,1640.4,1714.9,37.59,74.5,2.664,4.964,11.85,4379.6,0
25.63,35.43,69.0,1518.4,1609.3,35.09,21.4,2.584,6.55,17.96,5681.8,0
26.57,39.19,79.32,1785.9,1796.4,32.41,10.2,0.768,4.166,24.49,3780.8,0
28.98,39.16,74.81,2296.1,2292.8,27.0,91.1,2.349,4.865,12.44,5993.7,0
27.16,37.61,61.91,1050.6,1026.7,59.61,52.3,2.65,6.192,14.51,37.2,0
26.53,35.83,68.03,1452.0,1395.9,34.99,64.0,3.573,4.179,17.03,5907.5,0
24.78,35.8,75.83,1314.5,1343.5,43.3,20.7,0.528,6.596,18.33,5920.1,0
23.5,34.26,59.45,2865.1,2891.9,22.41,47.8,1.131,7.398,17.19,807.3,0
25.88,36.64,67.26,1172.1,1186.3,53.58,22.5,1.417,4.642,11.18,5539.3,0
26.74,36.96,65.14,1408.8,1450.4,41.67,124.0,1.209,7.213,8.28,1001.7,0
30.39,41.42,67.94,1666.0,1609.6,35.56,34.7,3.983,4.331,9.08,5822.1,0
27.11,38.38,66.84,1723.9,1715.7,35.65,4.0,2.065,3.141,18.0,2700.2,0
28.82,39.1,72.29,1344.2,1393.7,48.69,3.3,0.687,7.992,13.33,3623.5,0
25.85,35.74,63.77,3342.3,3274.2,10.47,5.5,4.73,5.549,12.18,2193.7,0
24.48,35.37,54.46,1935.2,1901.0,31.76,45.5,2.233,5.804,13.44,5656.4,0
24.92,34.02,64.67,1562.5,1606.7,38.81,16.4,1.163,4.596,17.26,3573.4,0
25.4,34.68,73.68,1598.5,1553.6,38.69,23.0,0.341,4.063,21.43,5625.4,0
31.11,41.05,70.78,879.8,876.8,65.05,38.7,1.272,5.47,12.18,1198.0,0
25.21,33.47,67.03,1647.6,1578.3,36.62,26.2,3.432,8.676,10.77,2786.5,0
28.53,39.35,66.34,1026.8,988.7,49.9,64.0,1.518,4.899,16.37,4110.8,0
25.04,34.08,66.62,1077.4,1204.5,58.12,91.5,1.207,7.088,16.24,1558.6,0
28.71,38.24,72.64,1273.7,1230.9,46.71,87.2,2.068,8.651,12.9,4307.2,0
27.62,37.41,64.97,1862.1,1887.1,33.26,72.8,1.347,5.282,17.79,408.3,0
26.54,36.58,62.51,2279.3,2299.0,27.16,52.0,2.447,5.617,16.37,12.9,0
26.77,36.42,69.84,1362.6,1333.4,47.45,79.4,2.759,5.041,11.01,15.5,0
25.54,35.47,70.02,1081.0,1106.2,56.45,29.0,0.759,4.653,14.08,4016.1,0
27.74,37.68,72.22,1307.6,1188.7,45.46,24.9,3.122,4.69,19.37,3965.7,0
25.94,35.49,74.42,1088.5,1182.2,52.33,52.2,0.758,1.909,18.83,49.5,0
24.4,33.63,62.0,959.3,928.1,65.92,133.9,1.698,4.809,15.8,2573.2,0
24.29,35.38,68.27,1222.3,1164.5,48.37,67.9,4.099,4.367,25.12,3492.5,0
27.2,35.09,64.15,1966.8,1921.2,28.99,65.7,1.639,5.608,16.38,1808.2,0
30.01,39.8,65.86,1393.1,1323.2,40.51,32.5,0.346,9.184,16.32,4034.3,0
27.17,36.7,68.91,1188.4,1178.5,53.7,22.1,1.787,6.18,13.82,3491.1,0
26.61,37.03,65.99,1567.0,1590.5,37.51,15.3,2.517,5.917,14.27,861.6,0
27.42,35.97,67.59,1030.6,998.9,55.06,3.9,6.886,5.531,18.12,3236.0,1
29.46,38.96,75.52,1534.9,1516.7,39.33,16.0,3.073,6.42,12.59,4926.3,0
27.29,37.19,73.65,1233.7,1306.0,43.34,4.5,1.744,5.526,17.87,4708.8,0
26.03,37.1,53.9,1743.2,1723.2,36.49,4.1,2.777,4.246,17.94,623.5,0
29.06,39.39,70.22,1593.9,1624.9,41.6,9.5,0.69,6.165,9.36,5822.7,0
27.71,36.52,68.51,1323.0,1228.5,42.12,48.1,2.411,4.066,9.0,2353.2,0
29.92,39.43,74.45,2316.3,2340.1,23.91,80.1,1.098,4.963,13.85,1856.9,0
27.22,38.1,65.38,1646.3,1641.7,35.58,153.8,3.559,5.227,22.09,4179.0,0
24.4,33.2,62.7,2292.9,2291.0,27.67,2.2,1.717,5.09,22.43,4228.5,0
24.11,34.04,62.12,1726.4,1645.4,35.93,33.5,1.191,7.92,0.0,4751.0,0
30.15,40.14,66.7,1938.8,1953.7,32.05,8.8,2.798,6.973,15.98,3139.7,0
30.3,39.91,66.25,1048.1,1058.2,50.12,43.2,1.611,3.749,15.13,4912.2,0
26.49,39.19,60.56,1217.8,1247.7,50.23,21.4,0.335,4.079,11.21,3349.7,0
26.08,35.67,60.24,1484.2,1552.6,45.6,79.0,0.635,5.863,14.36,1166.1,0
29.77,40.22,64.35,2168.9,2096.7,27.32,2.7,5.217,7.66,12.28,1043.7,0
24.64,33.87,62.45,1406.7,1412.7,39.02,114.8,2.004,4.989,14.12,229.5,0
25.06,35.59,67.58,2173.7,2138.8,26.53,78.3,1.775,3.501,14.3,3683.5,0
28.14,39.01,64.39,1466.4,1557.3,38.53,41.1,1.341,5.868,10.57,1729.2,0
26.06,35.47,70.63,1205.1,1195.2,46.47,5.0,1.976,5.019,14.07,1189.0,0
26.84,36.79,55.96,1279.5,1340.0,49.92,79.6,2.163,8.533,13.93,2474.6,0
26.52,35.63,66.64,1263.1,1225.2,44.73,21.5,0.434,4.265,17.75,1704.4,0
27.53,36.38,62.46,1127.5,1114.0,52.58,40.1,1.176,3.991,15.68,1845.1,0
29.66,40.7,71.17,1322.0,1236.7,42.6,91.1,0.821,4.825,18.15,1629.5,0
27.03,36.48,67.2,1666.6,1706.4,37.66,102.5,0.47,4.015,16.89,5702.5,0
28.14,35.72,66.67,1192.4,1105.9,48.74,11.4,3.007,6.462,22.24,2890.0,1
22.75,34.52,70.74,1155.5,1155.4,49.06,113.6,5.545,5.116,13.79,2489.2,0
26.75,35.95,63.17,1744.8,1786.4,34.76,22.9,7.23,7.01,18.68,4231.8,0
25.16,34.92,61.82,1447.3,1458.9,43.79,3.0,5.46,9.353,15.3,1389.0,0
24.41,36.05,60.48,1688.4,1582.7,37.06,13.7,2.799,5.066,21.1,3518.0,0
25.09,34.95,62.16,3007.4,2990.5,19.91,125.2,1.863,3.486,16.46,3627.2,0
26.18,36.02,66.79,1385.4,1447.2,44.4,13.1,1.037,4.782,11.17,3514.8,0
28.68,37.45,62.57,2315.0,2342.6,27.05,38.7,1.197,4.365,14.76,256.8,0
24.2,32.56,47.94,1460.1,1447.8,43.28,23.1,0.521,6.524,14.21,2826.5,0
26.91,36.74,70.77,2456.0,2404.4,24.65,84.9,1.427,6.344,11.72,653.7,0
25.88,36.24,62.09,1690.6,1712.2,32.8,27.4,0.306,6.357,13.13,5242.8,0
26.19,36.5,64.58,1847.3,1825.5,35.66,25.1,1.714,5.346,6.64,3115.2,0
28.86,38.37,59.18,1160.0,1113.6,52.02,99.4,0.552,5.021,12.64,5727.7,0
27.93,37.95,63.06,1894.2,1882.2,34.66,69.2,2.931,6.922,17.73,5999.1,0
29.52,37.69,62.4,2002.9,2036.9,29.25,6.4,1.114,7.162,17.23,3374.6,0
26.54,37.0,63.97,1509.6,1476.9,43.64,52.6,3.468,8.26,12.95,4678.4,0
25.46,35.62,51.32,1608.0,1606.7,37.83,20.8,3.5,7.122,16.46,4007.3,0
26.4,38.38,69.66,1257.7,1243.0,47.91,4.5,2.325,5.83,20.07,2710.2,0
27.33,37.34,72.72,1960.8,1900.6,29.88,24.7,3.878,4.175,12.06,1459.0,0
27.2,36.26,67.99,1439.9,1424.4,42.11,30.2,1.647,7.006,9.17,773.9,0
24.68,34.63,65.79,1010.0,1013.3,64.7,16.5,3.325,5.526,15.08,467.5,0
27.03,36.7,66.48,1560.6,1567.1,37.61,3.2,2.0,5.933,20.35,2446.1,0
27.31,37.74,72.34,1509.2,1563.9,41.87,32.2,3.481,5.533,20.11,3422.2,0
31.88,41.91,60.83,2546.9,2557.9,23.39,24.0,1.819,2.314,14.22,5955.9,0
30.6,39.34,80.43,2063.7,2012.3,31.47,4.8,3.217,6.842,17.98,4035.0,0
25.14,33.51,64.93,1273.3,1304.3,44.6,36.6,7.995,4.944,16.06,4376.0,1
26.28,36.54,71.91,1589.0,1558.6,36.7,93.0,1.803,5.988,22.93,4786.8,0
23.92,35.31,59.12,1361.3,1315.6,46.14,109.5,0.794,6.16,17.19,3771.6,0
25.67,35.75,58.3,1423.1,1506.4,44.25,7.7,3.238,4.903,8.8,3223.1,0
27.48,38.29,66.29,2340.3,2356.4,26.82,31.3,1.803,6.869,13.44,298.9,0
29.26,40.27,65.28,1335.1,1324.9,50.15,7.4,3.368,8.493,15.3,228.8,0
25.39,35.66,61.01,2177.3,2150.7,27.57,67.6,1.053,5.163,11.12,1419.2,0
25.54,34.73,62.46,1889.1,1933.9,32.35,0.1,0.31,4.956,15.97,2838.9,0
22.56,32.75,61.38,1380.3,1453.4,42.29,25.6,0.247,5.467,12.97,2461.5,0
26.52,37.73,64.08,977.3,1029.6,55.67,11.1,0.776,6.338,17.63,5787.1,0
24.73,35.26,69.45,2015.4,2061.3,29.96,20.2,3.316,4.541,10.95,2389.9,0
25.79,36.54,69.73,1413.1,1434.5,41.48,51.0,1.155,4.726,13.94,2123.1,0
25.1,34.63,65.85,1342.6,1266.8,41.56,3.3,2.258,5.413,19.84,4721.2,0
26.66,36.46,75.93,1208.0,1187.0,46.57,14.2,2.193,4.452,15.39,2824.2,0
23.33,33.22,62.98,1243.8,1272.5,51.84,37.3,0.177,4.552,15.92,4151.9,0
23.92,33.86,71.59,1605.4,1582.4,35.96,6.3,2.385,6.285,11.22,3203.1,0
31.11,42.28,74.04,1253.6,1215.3,50.12,72.3,2.321,4.407,13.76,3650.1,0
24.28,31.93,56.97,1095.9,1084.3,53.3,37.3,6.295,6.318,13.88,3566.7,1
24.66,34.69,64.84,1134.3,1075.1,57.84,10.2,1.991,4.007,14.46,532.6,0
30.52,40.44,62.42,1439.9,1348.4,45.02,5.7,3.87,5.716,24.38,1641.2,0
32.66,41.29,74.42,1667.3,1658.5,41.57,18.4,1.632,4.304,17.81,4197.7,0
24.51,35.18,62.73,1740.1,1765.2,35.25,29.2,2.851,5.359,16.18,583.5,0
26.11,35.39,73.2,2269.4,2275.2,25.41,10.6,1.403,7.576,13.36,898.9,0
27.53,37.18,61.98,1631.9,1728.3,37.22,19.3,5.382,4.345,12.86,1940.3,0
30.31,42.16,69.55,1499.4,1543.7,41.12,124.4,0.691,4.131,15.5,772.1,0
24.88,35.89,59.41,1571.3,1593.5,38.91,2.6,1.824,5.89,17.34,5077.5,0
26.36,36.93,71.23,1398.9,1445.2,45.98,7.9,0.395,5.026,15.45,1009.4,0
28.4,38.79,77.18,2292.8,2187.2,25.46,16.2,2.16,9.86,12.35,680.7,0
27.72,37.55,69.97,1557.4,1469.8,38.18,14.0,0.237,3.186,15.6,3587.3,0
26.1,38.1,64.63,958.0,977.3,59.95,10.3,1.486,5.503,17.92,4134.5,0
26.58,37.38,61.24,1175.9,1244.2,49.96,11.8,4.314,9.376,19.93,4433.3,0
24.1,33.35,68.16,1224.4,1138.3,46.16,81.4,2.837,5.95,19.41,1671.5,0
26.37,34.97,58.03,1423.2,1339.9,43.91,64.5,0.474,5.938,13.39,478.3,0
26.32,36.88,76.03,1583.9,1620.7,36.35,14.9,3.622,3.188,4.44,5900.2,0
27.31,37.26,72.51,2951.5,2951.9,22.46,23.0,1.462,4.97,10.19,1462.9,0
25.74,34.31,65.18,1359.5,1368.2,44.57,51.5,5.561,6.132,10.88,2188.9,1
27.79,38.22,70.46,3342.3,3317.4,15.52,10.7,1.239,2.353,15.73,1106.1,0
28.88,38.61,76.44,1645.8,1600.6,36.74,15.5,1.159,6.89,10.89,648.4,0
27.16,37.69,58.51,1624.2,1599.0,39.96,29.9,0.649,3.952,12.15,4533.9,0
27.55,38.0,71.25,1767.7,1759.7,35.53,6.3,1.11,7.366,13.5,4280.0,0
26.96,36.35,58.05,1014.0,941.9,61.71,10.5,1.425,2.644,27.64,5449.5,0
26.85,37.48,63.41,1148.1,1075.7,58.24,42.3,0.201,6.407,21.24,2126.2,0
25.41,34.91,71.93,1157.2,1135.9,50.33,25.9,0.879,6.898,13.49,2988.7,0
27.48,37.05,68.84,2002.0,2088.8,30.75,20.3,2.54,3.834,22.36,2140.3,0
26.66,36.12,62.43,939.1,882.6,59.21,64.8,1.422,6.736,15.51,5395.4,0
31.04,42.17,76.93,1403.2,1411.5,46.19,18.0,2.843,5.221,12.05,610.1,0
30.0,39.72,68.33,1950.6,1938.9,30.58,32.0,0.349,3.828,16.77,5905.7,0
27.62,38.99,76.73,1378.1,1323.5,40.33,119.9,0.333,3.895,11.2,1344.1,0
25.32,37.11,59.35,1261.5,1243.5,49.59,35.3,1.874,5.312,7.15,743.8,0
24.63,33.89,60.8,1939.5,1939.5,34.01,18.0,0.772,5.715,6.69,258.8,0
29.23,36.31,70.86,1452.3,1466.1,41.41,4.7,0.844,6.516,19.48,4774.2,0
27.38,38.42,68.4,1371.3,1348.4,43.16,22.3,1.105,5.311,14.39,4354.3,0
27.81,37.47,53.87,2143.6,2189.1,28.99,11.9,0.894,6.526,10.63,4850.2,0
23.36,32.49,48.17,1517.7,1491.1,37.3,23.8,1.206,5.821,16.44,5032.2,0
28.7,38.12,68.39,1899.5,1844.7,29.75,11.1,2.101,5.529,9.04,3697.4,0
27.76,37.34,81.3,1171.6,1267.9,48.69,1.4,7.083,3.561,10.63,259.4,0
24.63,35.93,63.52,2057.3,2059.7,30.92,6.7,0.902,4.012,16.76,307.6,0
25.91,36.07,66.99,1433.0,1386.5,42.92,0.6,3.331,5.652,22.52,5621.2,0
27.38,38.66,77.94,2470.8,2538.5,26.1,4.1,0.133,6.386,9.62,5546.8,0
26.95,37.45,68.35,2122.7,2040.7,28.67,21.8,1.321,7.351,10.55,3496.9,0
26.27,35.96,58.57,2095.2,2109.4,28.18,111.4,1.621,6.371,14.22,4990.4,0
26.64,36.25,62.96,1677.5,1590.8,37.1,42.3,0.877,6.6,17.52,5411.6,0
26.35,36.91,66.1,1375.0,1263.9,41.8,2.9,1.228,6.975,16.25,435.9,0
27.16,37.98,76.57,1286.8,1255.3,43.65,16.0,1.47,5.198,13.13,589.7,0
29.79,40.79,81.14,2670.4,2599.1,22.28,88.8,0.65,6.954,14.37,5034.9,0
21.72,31.46,69.71,1712.6,1808.4,38.31,12.0,1.959,6.565,15.86,173.8,0
26.38,36.55,77.76,1877.3,1848.0,32.49,23.3,1.818,6.657,21.96,1490.7,0
27.2,37.79,74.35,1396.6,1374.9,45.34,72.6,1.368,5.853,18.53,1385.2,0
27.44,37.06,67.73,1520.6,1516.1,37.32,22.6,1.295,6.276,11.66,1272.3,0
26.11,34.97,63.39,1750.3,1751.7,39.19,2.9,2.559,5.799,8.91,3971.2,0
23.34,32.53,69.96,1807.2,1810.7,32.55,16.1,2.332,3.22,17.56,4195.0,0
27.51,37.26,58.65,1093.6,1134.4,57.25,102.0,0.902,7.677,9.91,2131.3,0
30.3,40.97,75.11,2356.5,2405.0,27.16,253.0,3.39,7.031,16.64,698.4,0
23.78,35.04,60.13,1585.2,1577.3,36.0,207.1,3.181,6.132,18.97,4530.1,1
28.58,37.22,68.68,1411.8,1425.0,41.08,25.9,1.249,6.674,19.13,2587.4,0
26.19,35.6,57.8,1711.6,1771.0,37.49,21.4,3.41,4.732,10.6,2304.0,0
26.73,36.37,81.12,1866.4,1855.7,32.36,41.8,0.301,4.472,18.23,1184.7,0
24.74,35.54,57.86,2991.3,2970.6,21.88,29.6,0.859,4.918,19.36,2005.0,0
26.18,35.65,60.7,1829.2,1801.3,33.08,73.5,3.537,5.264,14.0,4283.4,0
29.45,39.02,71.36,2093.5,2050.4,30.41,3.9,1.915,5.57,11.38,2097.7,0
28.02,36.6,70.21,936.6,953.9,56.79,22.2,6.84,4.367,16.24,4255.4,1
30.31,40.8,72.39,818.3,887.5,62.65,21.2,1.434,2.579,15.37,3695.0,0
29.2,39.04,65.98,1488.1,1468.4,39.49,0.3,0.752,3.606,18.76,585.8,0
27.73,37.07,67.39,2540.2,2571.6,25.95,5.2,1.383,4.29,15.25,5446.0,0
30.34,40.08,63.99,1207.3,1259.2,47.38,83.1,2.447,7.39,16.21,4124.9,0
27.73,38.85,70.33,1857.4,1927.9,30.19,22.0,1.407,2.631,17.7,1353.4,0
28.51,37.5,68.46,1608.8,1649.6,34.51,1.8,2.437,6.52,14.3,5972.4,0
26.26,35.42,61.78,1968.4,1985.6,33.71,66.6,1.985,3.947,15.45,2816.0,0
26.98,38.24,70.36,1561.7,1538.3,34.99,55.3,0.832,4.917,11.45,5897.8,0
25.46,35.53,60.21,1770.1,1733.7,36.45,65.2,1.985,5.803,15.03,307.4,0
28.83,39.5,67.29,2163.8,2173.5,26.86,19.1,2.688,5.591,14.16,2120.3,0
24.49,34.9,61.19,1702.4,1726.1,32.98,15.2,0.628,6.499,14.49,789.6,0
28.41,38.38,67.33,1127.4,1043.8,50.2,36.2,1.143,1.331,10.55,4295.1,0
26.47,36.12,53.79,1514.8,1551.1,39.66,4.7,1.3,8.549,14.86,4415.7,0
29.19,40.02,73.46,1426.6,1370.2,41.25,5.0,1.783,6.867,12.25,119.7,0
28.35,39.51,66.57,3242.3,3284.5,17.68,23.5,4.526,4.474,14.6,3659.3,0
30.49,41.58,62.61,1238.0,1229.0,49.48,53.9,0.786,6.59,15.34,1005.3,0
28.31,37.13,68.89,1819.3,1841.5,33.14,17.3,1.258,7.436,21.98,1167.8,0
23.71,35.01,55.19,1175.5,1218.9,51.24,143.7,0.835,10.342,12.65,4059.2,0
26.72,36.36,56.68,1373.8,1397.9,41.54,40.5,0.303,6.838,11.95,5352.5,0
24.51,33.75,63.86,1627.6,1599.7,34.38,156.5,2.278,5.25,14.22,531.9,0
25.81,35.64,56.22,2598.0,2672.2,23.22,34.1,4.375,5.165,11.2,1720.9,0
29.87,40.7,72.17,972.6,962.2,61.75,41.0,2.437,3.775,6.49,1201.5,0
28.13,38.67,70.42,1137.8,1099.9,48.03,47.5,0.688,7.251,13.67,136.1,0
25.45,35.2,60.26,1215.9,1239.2,48.63,253.0,5.129,6.571,15.37,4468.1,1
24.82,35.66,78.45,1102.2,1063.0,58.19,12.8,1.233,6.415,15.56,2102.8,0
26.92,37.06,69.22,1231.5,1167.0,42.24,17.8,0.899,6.035,13.95,261.6,0
24.42,33.84,69.44,1110.1,1077.3,53.52,11.1,0.752,1.702,11.97,937.4,0
25.51,34.8,62.18,1735.6,1735.8,35.21,22.5,2.83,4.052,16.24,995.6,0
27.47,37.88,58.11,1241.5,1206.7,47.38,103.0,2.943,1.299,13.16,3376.9,0
29.16,39.08,76.35,1724.6,1708.8,33.7,24.5,1.116,6.165,12.77,5956.9,0
28.07,36.69,65.78,1591.2,1481.1,34.96,11.6,2.913,4.463,17.39,639.3,0
22.27,33.11,56.24,1405.9,1469.2,40.97,10.6,2.89,5.377,14.49,769.7,0
27.46,36.98,68.47,2179.5,2183.5,27.33,146.9,0.643,5.168,20.24,2528.9,0
26.99,38.59,72.08,1430.6,1391.5,43.29,9.5,1.42,8.315,10.8,5465.5,0
27.68,36.27,77.83,1934.3,2000.2,36.88,1.3,0.38,4.681,22.04,4654.5,0
30.08,39.9,61.21,2982.6,2911.4,20.12,34.7,0.803,4.842,16.89,2468.9,0
22.72,32.02,59.66,1762.5,1713.6,35.42,1.5,3.498,4.031,10.77,5681.7,0
25.67,34.69,73.52,1749.9,1724.1,36.55,17.1,4.254,3.948,14.05,3510.0,0
28.03,37.55,64.24,1259.6,1224.1,48.53,51.3,1.994,4.946,12.63,3709.7,0
23.69,35.46,82.28,1444.0,1420.3,42.85,22.3,2.921,4.772,17.23,2162.1,0
29.8,39.95,66.25,975.5,1005.6,54.47,9.1,0.961,5.912,12.63,4757.4,0
27.59,36.8,54.42,1337.5,1383.8,45.2,12.0,0.934,3.03,11.56,5541.8,0
28.54,36.71,56.56,1678.2,1728.8,34.46,22.4,2.219,3.704,16.91,4490.5,0
25.71,33.99,75.04,1503.3,1572.7,39.42,4.3,1.259,5.919,14.22,2333.1,0
28.48,37.94,70.24,1596.3,1560.1,36.52,10.1,0.203,3.571,6.22,249.2,0
28.99,38.35,75.03,1248.4,1269.6,44.88,38.2,1.21,5.328,19.58,625.6,0
27.32,37.09,64.59,1430.9,1394.5,40.6,5.6,3.265,5.838,14.3,2079.1,0
27.32,35.05,58.73,1796.8,1759.2,33.71,95.8,1.415,5.176,14.34,4965.1,0
27.39,37.3,63.94,1474.4,1398.9,40.09,0.9,2.993,5.047,18.92,5146.7,0
25.12,36.15,52.14,1306.1,1383.2,44.61,1.3,0.287,5.722,17.19,5902.2,0
26.55,38.18,53.85,2059.9,2123.4,29.94,24.2,1.51,4.165,23.83,323.3,0
26.54,34.65,71.46,1334.4,1449.2,43.17,94.4,4.868,8.966,13.79,3358.1,1
27.62,36.82,62.84,2375.9,2416.9,24.21,9.8,0.469,4.41,18.16,3126.1,0
28.85,38.0,63.42,1480.3,1503.0,51.06,6.5,1.442,6.94,12.39,5928.8,0
24.73,34.88,58.87,1288.2,1265.3,45.27,7.9,1.187,6.603,16.6,2333.9,0
26.6,35.38,73.53,1200.2,1258.1,56.29,119.8,3.877,2.411,19.34,5357.1,0
29.81,41.5,65.17,2048.3,2070.2,28.83,1.5,3.334,3.7,13.01,5785.6,0
25.36,35.41,70.17,1234.6,1171.4,51.33,64.7,1.267,6.034,24.72,3041.7,0
25.21,35.08,60.34,1158.3,1164.5,49.36,104.7,1.346,8.76,17.43,5470.7,0
27.25,38.85,76.59,1646.8,1580.0,38.18,25.6,0.865,6.662,13.66,2237.3,0
28.54,38.52,72.63,1614.7,1633.2,36.23,11.8,0.56,7.478,3.77,1949.1,0
26.87,37.27,59.21,2419.2,2466.4,29.15,40.6,1.699,5.122,15.29,384.8,0
29.51,38.76,65.89,2233.5,2217.7,26.54,5.3,0.247,7.903,21.02,1295.8,0
28.56,37.19,60.67,1904.8,1867.7,32.49,25.0,1.047,7.306,16.5,5616.0,0
28.53,37.92,67.52,2024.5,2122.6,27.44,11.4,0.54,0.631,17.72,1191.3,0
27.96,40.15,70.79,1116.7,1131.5,55.96,7.1,2.061,4.813,14.45,4809.9,0
31.51,42.14,73.98,2264.9,2294.9,24.98,62.6,2.649,4.515,14.71,3849.4,0
26.44,36.71,69.67,1511.1,1529.4,41.49,59.9,1.378,3.871,14.87,3366.2,0
22.84,31.87,58.34,1242.3,1292.9,44.36,15.1,1.18,5.821,13.37,5038.4,0
30.06,40.97,66.0,1242.6,1280.0,43.57,31.1,2.829,7.852,14.73,2565.5,0
25.93,34.58,64.72,1215.5,1205.6,44.45,33.3,0.876,5.234,14.65,2676.4,0
27.07,35.5,61.56,1229.2,1147.3,49.46,0.4,6.109,5.03,18.54,2377.3,1
29.47,38.91,63.53,1578.8,1551.4,35.54,28.2,1.907,5.905,14.65,3064.9,0
23.65,35.6,72.56,1361.6,1367.2,40.88,100.0,1.442,6.09,19.07,3990.5,0
24.35,36.24,71.64,1637.8,1692.9,37.06,29.6,3.761,6.0,23.58,744.5,0
23.65,33.2,64.84,1255.0,1333.7,53.03,52.2,2.785,3.55,13.4,3717.8,0
25.26,34.59,66.98,1045.0,1033.8,61.0,60.0,0.447,7.407,21.88,862.0,0
27.73,36.09,62.93,2171.5,2268.9,28.06,7.2,1.073,3.116,17.65,5243.4,0
27.9,37.98,65.62,2901.7,2929.3,19.69,8.9,0.591,3.84,12.89,3047.6,0
27.4,37.56,65.26,1377.7,1391.1,45.69,6.6,1.213,6.66,20.76,539.8,0
24.02,34.81,55.72,1126.5,1142.1,50.7,83.3,3.12,7.427,17.58,2050.1,0
22.23,33.14,61.65,1023.0,1063.8,59.57,6.2,2.489,4.772,18.03,2820.1,0
26.96,36.76,68.84,1353.9,1359.7,47.38,22.8,0.483,4.57,5.79,753.4,0
25.91,36.46,68.92,964.9,969.8,53.96,83.3,0.914,4.561,17.65,4654.1,0
27.77,37.07,54.34,1081.5,1131.0,56.6,18.1,1.112,3.809,14.79,1334.2,0
28.25,38.79,73.38,1150.4,1210.6,54.65,11.9,1.879,4.611,16.67,2861.6,0
27.13,36.62,67.41,1397.8,1401.6,48.81,28.9,2.033,4.106,17.51,4598.3,0
28.37,38.83,58.86,2073.2,2072.3,27.18,31.0,0.263,4.106,16.72,2053.4,0
27.31,37.69,65.47,1476.1,1437.6,39.92,55.0,3.263,4.995,16.94,5771.0,0
27.91,37.98,62.43,1343.0,1327.5,43.0,23.5,1.164,5.645,18.21,5887.6,0
25.44,36.24,66.59,1569.3,1629.5,39.0,1.5,2.95,6.616,13.96,3020.4,0
26.49,34.92,51.93,1547.3,1552.7,39.62,53.2,0.462,5.4,22.02,2283.0,0
27.24,36.18,72.09,1032.6,1080.8,55.67,0.6,0.347,5.469,17.51,1810.3,0
28.49,38.22,64.09,1877.9,1845.9,32.43,81.5,1.965,5.081,12.07,3946.9,0
26.06,34.62,65.23,1167.3,1184.1,47.99,40.4,4.149,5.027,17.08,1900.8,1
27.89,37.49,61.28,1358.6,1389.5,43.16,3.6,1.247,5.303,10.87,3747.4,0
26.32,35.94,61.37,2111.6,2197.1,31.42,29.2,1.192,6.26,18.23,881.9,0
26.61,37.92,63.17,1943.0,1848.6,29.23,49.9,1.85,6.2,10.95,892.5,0
28.51,38.65,69.26,2568.0,2619.8,22.99,5.7,1.743,4.473,14.36,917.4,0
22.86,33.89,69.27,1214.1,1221.9,44.86,14.1,2.245,5.307,13.83,3080.1,0
24.26,34.56,68.94,1534.7,1539.9,39.37,28.2,3.58,6.68,18.31,2620.6,0
23.89,33.35,67.37,1942.7,1848.8,31.74,24.3,5.242,5.977,11.94,2476.0,0
22.18,32.32,65.26,2885.8,2813.8,21.24,38.0,2.987,4.426,16.74,1458.2,0
25.49,36.22,64.53,1196.8,1224.4,44.33,5.5,2.562,3.55,9.63,5205.9,0
28.35,39.54,77.56,1636.2,1712.2,38.26,101.7,1.449,1.735,19.26,3761.0,0
26.28,36.15,61.86,1588.8,1601.8,32.86,44.1,0.095,7.479,14.88,840.0,0
27.25,35.6,60.66,2069.1,2146.4,30.36,13.5,0.958,8.943,13.44,5086.4,0
29.03,37.31,70.71,1562.1,1421.8,37.61,20.8,1.996,6.608,15.85,327.5,0
29.51,39.18,64.2,1387.1,1305.5,44.7,6.2,0.278,4.21,16.16,5720.1,0
26.71,34.37,57.47,1489.6,1403.0,36.7,27.2,2.166,5.025,13.06,3853.0,0
29.56,41.35,75.29,2052.2,2106.7,28.11,29.1,0.385,4.547,21.43,1632.6,0
27.03,37.63,73.66,1495.0,1523.3,39.42,87.8,0.887,5.018,19.27,1694.2,0
25.18,34.54,59.66,1179.2,1180.5,50.46,34.9,1.155,5.971,8.52,5453.2,0
25.66,34.55,61.17,1447.5,1496.7,40.4,41.3,0.697,6.183,15.34,1128.6,0
23.89,34.92,66.47,1500.8,1488.8,40.68,52.4,0.897,4.068,14.02,122.2,0
25.07,33.96,61.13,1592.8,1658.7,36.74,64.2,2.108,5.984,4.13,2228.7,0
26.13,35.12,68.22,2057.7,2139.6,31.1,58.3,2.348,1.481,15.63,3889.5,0
28.46,37.69,65.26,1941.3,1855.1,30.77,11.4,2.398,7.672,11.91,5420.6,0
30.29,40.41,74.82,2521.8,2559.4,23.38,19.6,2.317,3.44,14.47,3279.2,0
24.09,34.71,76.68,1273.4,1309.5,51.81,3.9,2.918,5.589,16.5,5307.9,0
27.64,38.83,71.22,1407.7,1352.0,44.62,9.2,2.829,6.255,17.97,5196.3,0
24.77,35.81,58.17,1462.8,1389.8,40.82,43.0,3.212,5.822,16.28,2705.9,0
27.8,37.8,72.26,1355.9,1351.5,42.96,38.0,2.036,6.271,6.13,4590.6,0
26.59,37.61,62.3,1438.8,1454.7,43.4,1.9,3.015,7.457,14.96,2888.4,0
23.19,32.52,59.13,1903.4,1937.9,32.65,26.7,5.452,4.58,7.94,743.3,1
28.71,36.89,57.52,1456.6,1525.6,36.75,14.8,0.59,5.839,10.75,861.4,0
25.64,34.97,68.2,1856.9,1861.8,35.26,9.9,2.363,4.546,22.66,5592.2,0
25.78,34.98,61.86,919.7,931.1,65.11,30.0,0.446,7.204,15.54,3414.8,0
24.71,34.08,63.28,1166.5,1289.1,50.2,4.8,1.861,5.274,7.96,4070.1,0
25.54,34.58,66.03,1483.7,1501.0,41.68,70.6,0.823,5.306,14.31,2574.4,0
27.71,37.24,58.63,968.7,941.5,53.66,9.6,2.994,5.163,23.74,2594.3,0
26.47,37.09,61.6,1112.9,1149.4,52.4,39.1,2.219,6.006,12.89,5721.4,0
27.51,39.22,71.75,2366.6,2344.2,26.19,5.6,2.496,5.359,6.97,5129.7,0
27.57,35.85,68.47,1615.7,1593.8,37.77,5.6,1.126,5.354,14.67,4550.7,0
29.49,38.2,66.84,1338.6,1287.3,39.84,65.3,3.871,4.911,23.85,3419.3,0
26.16,35.37,65.16,1350.2,1366.7,46.12,15.0,1.313,5.1,13.17,2797.1,0
23.9,34.66,54.6,1464.0,1536.0,37.76,6.3,0.773,5.637,21.24,5558.9,0
28.98,38.78,64.93,1535.2,1560.2,39.01,3.6,1.103,7.01,14.91,214.2,0
26.19,35.46,69.55,1774.5,1811.5,35.39,38.2,0.731,6.021,24.7,689.9,0
29.08,39.8,70.25,1254.0,1293.0,50.49,72.8,1.01,4.772,14.34,4259.9,0
27.62,38.57,76.15,2309.0,2384.7,25.57,67.9,1.291,4.898,14.12,204.9,0
26.59,36.57,68.63,1692.5,1657.0,35.73,3.3,3.549,7.877,17.47,3505.4,0
27.55,36.73,67.07,2795.9,2767.5,21.56,3.8,0.406,3.195,12.47,1024.7,0
30.75,41.02,82.09,1924.6,1944.7,29.7,14.0,0.966,3.471,13.44,1472.0,0
31.0,40.77,67.48,1454.2,1456.7,43.17,93.8,2.371,4.359,14.46,898.0,0
26.99,36.75,70.41,1298.4,1261.4,43.36,4.9,1.624,6.45,21.85,3903.3,0
27.17,36.66,57.34,1533.0,1545.8,36.87,10.6,2.403,4.161,7.52,2947.6,0
29.0,39.93,69.47,1261.7,1158.2,51.24,2.5,4.402,4.116,10.26,512.2,0
25.16,35.41,56.97,942.8,994.8,53.54,41.9,1.469,6.929,21.41,874.2,0
27.52,38.55,61.64,1506.5,1467.8,39.31,6.6,0.712,3.309,15.3,3243.5,0
26.8,38.13,65.15,1413.8,1315.7,42.5,22.8,1.434,6.535,10.68,1745.8,0
27.48,37.94,69.14,1578.8,1631.4,35.47,0.2,1.097,7.35,17.11,2678.0,0
25.18,34.68,63.65,1217.3,1224.3,46.27,49.0,1.073,6.592,14.66,2004.9,0
23.67,34.71,70.18,2136.5,2163.7,28.06,65.0,0.729,5.821,12.64,5592.0,0
22.7,33.17,49.41,1040.6,1134.1,57.96,72.3,3.188,6.566,11.23,3385.6,0
24.62,37.22,72.56,1233.6,1284.6,51.4,7.4,0.392,9.432,13.5,715.2,0
25.93,36.24,59.29,2097.3,2163.4,28.01,36.0,2.777,5.555,6.08,5935.4,0
26.26,36.96,59.14,1892.8,1913.6,32.11,5.3,2.383,5.56,12.75,2087.1,0
30.72,41.01,75.3,1397.0,1508.3,44.21,77.6,0.286,8.697,19.08,425.1,0
29.06,38.96,68.8,1613.1,1639.0,36.62,32.1,1.904,4.642,17.59,4816.8,0
24.93,34.67,62.11,1100.8,1033.8,45.45,87.1,0.507,5.124,13.24,1566.2,0
27.55,37.84,75.26,1685.2,1608.5,36.41,60.8,1.416,8.25,9.47,5177.3,0
26.04,36.56,69.9,1173.5,1218.4,55.25,40.7,1.389,6.937,12.8,5857.0,0
26.28,37.44,70.55,1541.3,1498.4,40.08,65.5,0.852,3.627,5.59,4150.7,0
27.22,37.53,58.22,1000.0,1011.0,64.21,4.4,1.347,5.678,16.59,4548.7,0
28.09,37.63,65.25,1367.5,1400.5,46.03,14.1,3.621,6.596,17.01,4771.5,0
26.17,35.84,68.05,2299.5,2284.0,26.51,20.4,0.42,5.39,17.99,4654.2,0
28.98,37.65,59.41,1025.3,970.8,60.86,34.6,1.254,5.326,19.03,5377.7,0
24.57,36.23,66.08,1161.6,1107.3,50.99,0.5,0.429,3.536,18.11,551.7,0
26.86,36.32,60.25,1451.0,1436.8,43.8,25.1,5.29,6.476,15.18,2910.9,0
32.05,43.01,74.25,1273.1,1298.8,46.47,67.0,0.889,8.647,12.88,2008.1,0
27.3,37.57,69.87,2021.6,1961.0,28.11,29.5,0.816,6.11,12.67,2491.9,0
29.72,40.02,71.66,2820.0,2925.8,21.96,82.8,5.84,6.947,14.59,909.7,0
27.03,36.92,65.28,1556.4,1585.2,39.58,9.6,2.138,4.191,17.89,3758.6,0
28.01,37.22,62.68,963.9,985.4,53.79,16.3,2.912,3.908,11.05,3640.7,0
26.74,35.77,69.18,1347.8,1346.4,43.96,65.3,0.172,4.322,15.89,262.0,0
26.51,38.24,64.55,1142.5,1149.3,57.09,10.3,2.706,5.954,10.81,2251.5,0
25.29,35.4,72.08,1092.5,1113.4,53.21,28.9,0.973,5.682,16.71,1879.2,0
27.71,38.84,76.59,1393.8,1402.7,40.21,75.3,2.367,3.075,12.05,1376.6,0
25.15,36.53,61.29,1066.8,1137.5,51.84,53.5,2.528,4.98,22.45,1048.6,0
28.18,37.77,73.14,1180.3,1247.3,55.23,27.1,0.297,5.573,13.59,4488.2,0
29.02,39.44,73.48,1570.0,1583.5,39.2,2.2,0.579,6.019,15.73,1864.4,0
27.58,37.63,60.96,1621.4,1588.2,37.86,211.7,4.193,6.357,10.77,2007.4,1
26.28,35.12,59.06,1360.2,1317.8,41.4,15.9,0.47,6.826,16.93,277.0,0
27.76,37.57,61.77,3342.3,3344.9,15.88,29.2,0.306,3.452,19.0,357.5,0
26.23,36.82,61.26,1374.2,1365.2,42.8,0.8,0.649,8.255,11.52,3162.6,0
28.72,38.22,73.11,1207.3,1240.1,47.2,12.6,0.214,2.477,14.53,731.2,0
23.19,32.86,72.11,1526.6,1615.2,41.45,13.9,1.435,7.129,11.08,2381.0,0
26.18,36.01,50.89,1483.4,1502.4,43.45,82.1,0.864,7.528,14.12,4133.7,0
22.87,34.98,67.92,1512.5,1481.0,39.57,1.7,0.657,4.039,18.56,1892.7,0
23.86,32.03,66.51,2877.7,2817.4,20.03,76.4,3.435,8.384,23.02,5438.6,0
29.58,40.08,74.99,986.2,982.0,56.63,73.6,1.418,5.293,17.92,3406.7,0
28.64,38.39,76.04,1828.4,1844.0,36.32,28.7,1.678,5.248,9.98,206.8,0
25.41,34.77,58.41,1659.1,1612.8,33.82,1.4,1.334,6.86,14.56,3181.8,0
23.84,33.57,62.98,1120.1,1122.3,53.58,8.5,1.994,5.704,17.95,2423.3,0
20.92,31.59,65.53,1225.1,1290.3,49.79,51.1,3.144,4.803,2.65,1580.3,0
25.76,36.49,68.94,1411.2,1391.3,42.73,33.5,1.483,5.004,16.24,375.0,0
31.69,41.88,72.9,1209.5,1203.4,47.69,26.6,2.311,5.817,15.68,5771.6,0
27.72,38.81,67.78,2086.1,2128.0,28.45,100.5,1.493,4.62,23.52,1624.5,0
25.73,37.0,65.21,1606.1,1687.1,39.19,84.9,0.969,6.322,14.99,4678.5,0
27.78,38.6,65.48,1080.4,1117.9,52.95,33.6,1.928,4.758,20.93,1891.3,0
23.73,33.18,63.18,1895.9,1825.9,33.23,42.5,3.915,4.838,13.98,3564.9,0
26.26,36.75,76.08,1918.7,1993.4,30.02,32.4,2.773,4.866,17.67,5455.0,0
27.05,37.55,70.73,1421.6,1390.9,40.79,12.0,0.444,2.533,16.34,4034.3,0
26.68,35.86,64.12,1566.4,1544.2,41.02,24.8,2.004,5.08,21.81,2228.4,0
28.43,36.86,69.68,1365.2,1301.3,46.48,17.5,5.141,6.857,22.21,2683.5,1
27.54,35.52,58.67,2130.8,2107.3,26.22,174.7,1.755,8.013,13.19,5195.6,0
28.19,38.26,60.25,3342.3,3359.5,14.51,88.9,0.365,7.78,8.85,2746.5,0
25.47,35.77,65.94,1136.6,1080.1,49.21,17.0,1.657,5.524,18.51,2799.9,0
28.65,37.46,77.04,2111.6,2104.8,29.17,29.4,0.754,5.485,21.87,346.9,0
30.11,41.15,89.35,1841.9,1764.9,33.9,15.4,1.534,4.479,8.88,5335.6,0
24.91,35.06,66.5,3274.3,3304.6,18.17,87.2,1.091,6.648,22.05,818.9,0
25.07,36.42,61.71,1345.7,1324.8,50.23,22.4,1.231,3.62,11.66,3170.6,0
29.52,39.89,66.73,1436.4,1449.0,43.5,1.0,4.018,4.18,20.51,3207.8,0
26.47,35.4,65.61,1332.7,1305.4,43.1,12.0,1.755,3.246,14.85,437.1,0
29.66,40.12,68.41,1492.5,1502.9,43.03,9.8,1.299,5.339,20.1,1761.0,0
25.96,36.64,60.78,2914.8,2875.7,19.4,8.2,3.425,5.798,16.7,2968.1,0
29.76,39.21,59.2,1936.1,1880.7,30.15,7.2,2.834,3.78,19.34,3779.2,0
27.11,35.67,76.0,1520.2,1526.2,35.48,27.9,0.803,4.069,13.67,2890.3,0
27.37,37.47,79.47,1765.4,1830.0,32.51,4.7,3.847,6.357,9.57,1966.4,0
29.98,38.98,71.63,1664.8,1579.3,37.28,14.3,0.39,5.135,19.38,2351.5,0
26.13,37.25,71.03,1361.5,1307.0,42.46,59.2,0.753,4.085,19.5,4700.8,0
24.97,34.56,64.63,1181.2,1231.4,50.06,6.4,1.859,4.573,13.46,5945.0,0
25.95,37.68,72.58,2263.0,2265.1,25.2,39.6,1.959,6.548,16.74,845.4,0
27.75,35.63,57.62,1579.2,1587.1,39.91,47.4,3.683,6.38,12.79,5510.8,0
23.72,33.85,67.44,1085.7,1191.9,47.12,14.0,1.322,5.298,9.37,3184.1,0
28.12,39.55,70.08,1968.0,1948.9,30.76,95.4,3.809,3.905,16.5,5540.6,0
25.77,34.88,62.06,1550.4,1501.5,38.07,10.1,6.164,3.594,17.59,4479.4,0
29.15,38.99,62.54,1386.1,1343.5,44.67,65.4,0.935,2.819,13.49,4671.8,0
22.06,31.66,57.25,1557.0,1611.6,40.11,9.8,1.461,4.157,20.24,797.5,0
25.28,34.59,64.35,1273.3,1185.5,46.74,8.4,0.776,6.44,11.82,5561.6,0
23.48,33.72,62.65,1445.2,1394.0,40.95,2.7,0.83,4.332,19.9,1983.5,0
25.2,33.9,51.67,1566.3,1542.9,36.88,55.1,1.602,3.968,10.56,5141.5,0
27.35,37.23,64.62,2084.1,2006.2,28.27,18.9,1.064,4.104,16.91,4314.3,0
26.49,37.01,67.11,1358.7,1312.4,42.47,11.9,0.83,4.83,15.45,2819.6,0
26.34,36.13,67.67,1471.7,1528.6,41.0,51.9,0.983,7.066,18.99,2141.6,0
26.53,35.53,61.56,1814.7,1763.8,30.07,94.8,0.925,4.12,16.67,2207.7,0
27.26,38.29,77.34,1325.8,1232.2,45.82,102.7,1.768,4.598,16.76,1228.0,0
24.83,35.56,68.05,1186.6,1184.6,52.68,37.7,0.558,3.72,14.94,2612.3,0
28.26,37.22,77.44,1939.4,1829.7,33.4,60.4,2.549,6.888,17.26,2607.9,0
28.18,36.88,73.49,1910.8,1973.3,32.72,12.4,2.78,5.432,10.04,1663.8,0
27.62,36.67,70.71,1924.8,1897.2,32.36,0.5,2.637,3.39,5.59,3800.0,0
27.96,38.51,66.6,2677.3,2647.5,23.21,4.9,1.021,3.911,22.96,235.5,0
27.44,37.72,72.03,1007.9,998.8,60.04,46.5,1.031,6.098,8.34,2054.2,0
30.92,41.71,75.44,1819.0,1855.6,35.51,208.2,3.249,7.587,22.83,4049.6,1
26.68,36.35,71.09,1932.2,1904.1,31.42,253.0,1.022,4.553,12.14,3382.4,0
26.24,35.31,56.77,2080.1,1960.1,28.73,3.3,1.678,6.492,21.02,5818.2,0
25.34,36.26,77.98,1522.9,1477.6,36.12,10.6,1.643,6.057,20.67,1426.5,0
24.79,34.23,68.85,1808.7,1839.7,33.05,1.5,1.472,8.321,14.55,4781.8,0
24.36,34.55,72.06,1039.8,977.7,54.38,80.8,2.485,4.011,14.58,2060.7,0
25.07,33.52,66.43,1977.6,1951.9,27.51,9.2,1.661,8.187,12.3,2336.1,0
26.71,36.14,69.67,2379.8,2379.2,24.61,16.2,0.498,6.664,15.18,4069.0,0
27.52,38.53,73.26,1331.7,1289.0,45.52,7.4,2.239,4.135,16.36,1058.7,0
26.95,36.24,73.84,1582.9,1600.0,38.93,0.4,0.368,6.495,23.61,1483.2,0
25.32,36.13,72.97,1792.5,1755.5,37.77,16.5,4.322,4.345,7.78,4160.4,0
28.65,36.32,74.03,1302.1,1382.3,45.6,0.4,5.42,6.702,15.46,3019.5,1
28.33,37.77,68.18,1503.2,1552.7,41.37,47.9,0.732,6.384,18.01,3784.8,0
26.53,36.36,59.59,1526.3,1521.5,39.53,24.8,3.994,4.563,9.83,2680.9,0
25.54,37.29,60.73,2406.3,2481.4,25.94,5.4,1.314,8.23,19.7,31.1,0
27.95,36.78,61.92,2529.9,2542.2,23.32,77.1,1.171,5.479,20.15,121.4,0
27.23,37.9,73.12,1847.4,1862.2,33.0,70.3,1.107,5.572,18.43,5610.8,0
23.95,35.01,57.2,1990.6,2018.3,29.16,20.3,1.335,6.716,13.39,881.2,0
26.71,35.99,77.49,1233.6,1244.9,42.69,3.6,3.732,6.61,18.56,205.6,0
27.37,37.0,78.37,2650.6,2684.8,22.01,0.9,1.023,6.839,14.47,3915.9,0
25.05,35.19,55.73,1507.1,1520.2,35.53,47.1,3.801,6.568,13.51,5491.9,0
27.23,35.75,66.67,1745.4,1762.1,38.27,80.6,1.763,8.732,18.27,3753.4,0
23.94,33.49,58.66,1458.2,1546.6,39.6,6.6,3.265,5.87,13.08,2326.0,0
29.52,40.8,66.66,1258.7,1335.0,43.99,103.2,1.032,5.798,18.79,3886.9,0
29.35,39.87,65.54,1749.7,1691.3,36.73,45.7,2.989,7.509,18.72,3427.8,0
26.34,36.19,56.71,1756.8,1754.3,33.33,40.9,0.672,5.514,19.48,1593.9,0
27.58,37.69,71.4,1059.9,1052.3,52.44,6.7,1.768,3.759,12.08,5268.7,0
22.03,32.61,62.51,1704.7,1612.6,36.8,89.6,0.638,4.761,17.42,3326.5,0
24.54,35.31,68.62,1147.3,1231.7,54.19,76.3,0.918,4.767,13.9,5045.5,0
26.26,35.71,69.91,1692.1,1643.9,36.75,3.0,0.611,8.046,23.54,3982.9,0
24.71,36.24,67.06,1358.6,1403.0,39.84,8.7,3.128,4.344,9.8,4121.1,0
28.28,39.6,57.93,1672.9,1596.5,38.61,89.3,1.709,3.712,15.64,67.6,0
30.84,41.52,78.34,1350.3,1337.1,42.31,91.7,2.565,6.803,14.73,4781.0,0
24.5,33.65,67.88,1553.2,1536.1,35.8,14.8,2.598,8.576,15.19,3912.2,0
25.18,34.15,64.7,1446.5,1486.5,40.96,1.2,0.573,3.361,9.94,4014.8,0
27.32,36.99,70.4,979.4,985.0,55.31,47.3,2.048,8.654,12.04,4492.0,0
30.07,40.13,69.75,1262.1,1303.2,50.49,23.6,4.743,4.071,9.51,5841.9,0
24.41,32.64,72.83,1217.3,1223.9,50.56,18.0,6.517,3.116,11.03,3948.5,1
27.35,37.84,66.42,2242.9,2213.5,26.58,89.3,1.857,3.263,13.68,5320.8,0
30.49,41.78,68.99,2241.7,2199.7,28.2,11.0,3.273,5.592,24.37,2265.4,0
23.55,34.12,64.04,1306.7,1346.6,42.18,61.7,1.189,4.861,18.55,1536.1,0
24.29,33.61,62.08,1332.7,1282.3,47.71,19.0,2.779,5.365,12.45,3327.9,0
26.0,35.21,69.54,1594.6,1586.8,34.81,16.0,2.253,4.674,14.45,1014.4,0
25.81,36.11,70.38,1889.3,1829.8,33.02,143.2,1.596,3.515,10.4,2967.3,0
28.48,38.32,77.36,1105.1,1108.1,53.94,1.8,1.883,6.506,4.43,24.4,0
27.33,37.78,62.48,1092.3,1118.0,46.86,44.4,0.657,4.685,15.22,4888.3,0
23.3,33.9,65.04,1213.9,1202.7,50.58,10.2,5.469,7.188,14.17,4156.0,0
27.88,38.97,66.52,1634.2,1539.4,35.59,150.9,1.305,6.516,14.31,211.0,0
25.69,34.56,65.47,1642.9,1682.0,34.8,1.5,1.926,4.957,13.29,2546.9,0
29.4,39.62,64.27,1195.0,1172.6,49.49,54.1,0.513,4.705,13.07,5672.0,0
25.59,35.23,73.33,1734.4,1829.8,37.37,18.8,2.306,2.292,17.04,4854.0,0
25.58,35.48,61.3,1749.6,1771.5,33.89,8.5,1.452,6.746,10.62,1532.6,0
27.93,38.8,64.86,1885.4,1931.6,30.87,49.2,1.806,5.768,15.38,3351.4,0
28.38,39.35,76.0,1720.2,1617.3,34.89,79.1,1.092,6.208,8.1,4835.1,0
27.75,39.14,77.95,1202.7,1172.2,48.75,50.3,2.301,4.117,22.67,2007.5,0
23.48,33.9,69.47,2591.4,2621.7,24.9,11.2,2.585,5.508,18.07,5985.9,0
27.93,37.82,70.9,1296.7,1295.1,46.29,52.6,1.031,3.627,12.41,5141.7,0
24.78,34.53,63.2,1658.1,1579.1,32.92,5.9,0.712,3.94,13.63,2414.1,0
27.32,35.59,58.83,1596.3,1538.2,37.9,8.6,0.748,7.472,18.19,4019.6,0
24.0,35.34,76.67,1699.5,1701.6,38.54,26.9,3.37,4.961,18.75,5388.9,0
27.74,37.42,72.08,1580.3,1574.7,37.79,0.4,0.955,5.27,12.83,3388.5,0
25.24,35.74,78.78,1446.6,1346.0,37.13,10.1,3.047,3.267,12.81,5563.4,0
24.28,34.96,61.92,1693.4,1772.6,35.56,95.1,1.638,4.027,12.61,5861.4,0
28.28,37.03,79.03,1823.2,1822.8,34.29,7.0,1.2,3.775,17.93,2514.2,0
27.33,36.41,64.66,1185.9,1230.9,53.2,61.1,0.288,5.033,13.92,4061.8,0
25.62,37.17,68.89,1374.8,1438.3,40.25,77.4,4.698,4.537,17.17,1577.9,0
29.75,40.04,68.57,1573.9,1539.2,38.74,16.9,1.545,4.973,16.58,1679.2,0
25.97,35.39,74.35,1833.4,1840.8,33.55,34.2,1.136,6.285,13.35,3259.8,0
26.91,36.79,62.33,1867.7,1843.8,35.92,75.3,1.611,7.642,9.74,4436.6,0
27.39,38.47,67.8,1789.3,1829.8,33.59,4.5,1.809,6.184,19.23,4133.0,0
25.61,36.54,79.68,1117.7,1160.5,47.65,63.6,0.927,3.92,15.57,2435.3,0
27.79,36.33,64.92,1899.0,1863.8,32.46,81.0,1.239,3.52,15.79,751.8,0
25.78,37.42,74.2,3334.6,3298.1,17.54,106.0,0.622,3.972,14.94,5865.7,0
26.03,36.99,72.88,1456.8,1407.4,40.58,31.1,0.956,5.717,10.05,926.8,0
29.58,39.42,67.51,1607.2,1637.0,37.21,96.5,1.463,7.003,13.4,2071.2,0
24.77,33.58,66.06,1724.5,1705.0,34.14,35.2,0.511,6.933,16.08,3765.1,0
22.02,33.08,67.19,1324.3,1263.5,49.12,8.7,1.333,8.605,12.9,346.6,0
30.07,40.55,65.91,3342.3,3363.1,12.66,44.5,1.241,5.332,16.5,2455.5,0
31.95,40.49,64.11,1026.7,968.0,55.76,24.3,4.789,5.299,15.5,3427.7,1
26.04,35.81,58.54,1212.3,1166.2,50.55,67.9,2.744,5.403,9.5,2107.5,0
22.98,36.1,66.93,1688.4,1676.1,33.72,39.7,0.637,2.759,7.64,5074.5,0
26.23,36.25,77.81,1684.7,1694.3,35.49,24.6,1.624,5.471,16.62,1396.3,0
26.28,35.54,61.85,1190.3,1201.3,45.04,26.2,0.96,4.95,11.82,5869.0,0
26.47,35.46,64.48,1300.8,1321.7,45.31,27.3,1.686,3.682,13.83,1568.2,0
24.62,36.4,72.0,2067.5,2017.0,33.66,89.2,1.64,7.421,11.66,3935.1,0
28.01,38.86,75.84,2221.2,2265.2,23.83,21.2,5.654,4.38,19.15,2564.7,0
27.9,39.31,67.14,1046.8,1039.9,61.14,25.6,7.102,4.751,9.58,5620.5,0
23.86,34.11,63.26,1236.2,1270.8,49.56,43.0,0.863,3.16,18.66,3767.4,0
28.25,39.5,65.67,1448.3,1424.5,41.57,29.4,1.413,5.723,9.37,3413.7,0
30.96,40.11,67.56,1364.1,1277.9,41.76,51.7,0.844,8.417,17.28,5302.8,0
27.19,37.36,63.6,1271.4,1344.2,46.21,45.6,1.622,5.8,14.37,3478.9,0
26.18,36.46,68.66,1133.1,1069.2,47.41,78.0,0.88,7.135,15.36,3506.3,0
26.57,37.95,62.19,2854.7,2814.8,19.14,148.6,0.845,4.503,16.14,1759.0,0
28.08,38.4,66.17,1601.7,1643.6,36.49,130.6,1.115,6.483,14.3,320.3,0
23.39,32.76,58.19,1659.7,1701.9,35.45,14.6,1.145,4.359,17.73,5302.8,0
27.18,37.24,65.57,1389.7,1416.6,38.39,7.5,0.192,3.905,13.29,167.9,0
26.07,34.39,69.09,1288.5,1176.1,47.71,20.4,5.44,6.956,11.4,5527.0,1
30.55,38.22,65.7,2551.9,2517.8,22.1,44.9,4.85,7.603,13.11,4808.9,0
26.5,37.33,66.88,2071.5,2055.1,26.51,22.6,0.875,4.192,13.28,1639.7,0
30.19,39.81,73.0,1928.4,1888.9,33.18,51.8,2.73,5.966,15.92,537.5,0
24.64,34.38,74.57,1540.5,1494.2,41.54,41.3,2.082,2.537,10.44,5825.9,0
28.02,38.86,64.54,1198.5,1250.4,48.32,47.5,1.107,3.867,18.7,5843.9,0
27.49,38.89,72.75,1041.8,1089.7,56.31,252.7,3.428,9.95,21.17,1714.6,1
25.11,35.65,62.13,1626.3,1584.4,37.14,46.4,0.602,4.781,13.83,5157.9,0
27.2,39.13,72.89,1371.1,1376.5,48.3,84.1,0.767,4.554,17.26,3485.2,0
29.28,39.78,64.32,1208.8,1149.6,47.1,1.0,0.493,6.436,23.38,2230.2,0
26.2,36.5,65.85,1383.2,1442.8,45.42,38.3,0.3,3.891,15.65,2767.7,0
23.47,33.71,59.01,1546.3,1505.1,39.76,78.4,0.705,6.418,9.96,1958.6,0
26.81,35.53,77.94,1727.8,1682.9,36.0,34.4,2.891,6.434,13.69,704.5,0
25.05,36.0,64.28,1995.6,2074.9,29.35,90.4,2.265,4.985,12.4,3655.9,0
26.17,33.72,62.01,1978.2,2004.4,28.68,102.6,0.995,7.669,15.9,5566.3,0
26.69,36.1,56.17,1397.6,1309.3,43.47,42.5,3.134,3.112,19.79,3235.4,0
23.44,33.46,65.39,1453.8,1435.2,39.46,7.4,0.77,4.937,7.89,4102.3,0
23.62,32.83,57.47,1608.6,1597.3,35.84,100.6,0.413,7.48,20.36,2231.2,0
27.81,37.36,63.57,1195.3,1101.6,46.65,64.2,4.524,6.899,16.01,3133.6,0
25.8,37.64,54.26,1636.6,1554.4,38.0,189.8,1.726,4.8,17.82,2730.3,0
21.72,32.82,61.64,2008.9,1999.0,30.87,3.5,2.101,4.482,16.73,1817.7,0
28.42,37.73,59.69,1764.4,1812.1,37.34,9.5,0.827,5.844,12.48,4160.7,0
27.39,36.93,64.73,1248.4,1310.6,48.21,0.4,0.903,2.528,16.93,672.5,0
25.42,34.15,60.43,1978.3,2080.2,29.76,16.7,2.262,5.524,19.1,229.6,1
24.22,34.92,62.07,1357.3,1368.5,42.09,55.8,2.246,5.917,19.91,5897.1,0
28.52,38.27,62.91,1395.7,1380.2,39.45,6.8,0.61,4.348,19.46,5523.1,0
27.55,35.58,63.23,1852.7,1879.9,32.39,13.2,0.714,5.483,13.03,86.7,0
31.62,41.72,61.18,1586.4,1602.9,37.07,12.3,2.451,5.503,20.31,1507.8,0
27.69,38.13,59.75,2344.0,2303.0,24.28,29.0,6.729,3.26,19.24,2248.3,0
27.63,38.59,60.8,1464.1,1480.2,41.1,40.6,1.261,5.396,18.71,5555.2,0
26.52,36.44,78.89,2310.8,2318.8,26.35,36.2,0.59,3.375,10.28,2373.6,0
28.48,38.11,75.96,1287.8,1377.6,50.72,56.8,0.552,4.505,12.89,4328.1,0
28.1,40.09,76.2,1599.0,1578.2,39.08,28.8,1.574,4.72,15.58,5999.7,0
29.35,39.36,75.37,1669.8,1661.8,34.28,5.2,3.509,7.771,18.44,4948.3,0
25.81,36.53,62.82,1224.7,1161.0,51.61,17.4,2.695,6.786,9.23,4727.6,0
25.98,35.44,59.72,2094.3,2008.4,29.68,39.5,1.889,7.796,10.46,3946.5,0
25.89,36.58,75.36,1782.6,1770.3,32.52,26.4,0.525,4.591,15.44,4013.8,0
28.43,36.98,73.71,2617.7,2691.4,21.71,71.0,1.587,5.067,10.74,2019.2,0
29.85,39.38,73.64,1101.4,1085.1,53.1,120.4,0.381,5.894,13.5,223.9,0
25.93,34.72,62.98,1076.1,1069.7,58.73,27.2,3.871,5.644,14.56,998.3,0
26.0,35.4,73.65,2434.9,2474.1,23.26,22.6,0.83,7.173,6.93,294.8,0
27.48,38.73,69.05,1783.9,1835.6,31.84,12.0,1.079,6.512,15.92,1855.5,0
26.36,35.75,60.31,1393.0,1370.5,40.7,6.6,3.179,6.875,14.28,2702.5,0
28.75,39.47,72.23,1801.3,1816.2,34.84,73.0,1.043,5.072,8.79,3685.5,0
22.35,33.86,75.4,1576.3,1561.2,39.69,9.5,4.001,6.641,12.59,18.7,0
25.2,35.17,60.66,1811.5,1755.9,38.82,7.4,0.017,4.771,18.03,5796.3,0
25.29,36.28,65.84,1378.6,1316.3,44.08,10.6,0.748,9.09,13.52,4736.0,0
22.21,32.74,59.08,2050.4,2086.5,30.39,51.7,2.3,5.035,14.94,2057.5,0
24.92,35.04,60.45,1406.7,1451.9,41.93,15.6,2.575,5.715,15.99,5838.2,0
25.02,35.77,70.79,2054.1,1976.3,28.84,58.3,0.792,6.654,7.36,3698.5,0
26.45,38.29,62.71,1618.8,1640.0,35.88,4.6,0.476,9.105,20.58,5501.9,0
29.08,38.44,65.77,2532.9,2595.1,22.63,7.1,1.924,7.113,16.72,1532.8,0
26.36,35.4,64.7,1646.5,1689.5,35.95,17.9,1.303,4.225,16.56,3303.0,0
24.79,33.77,80.1,1799.1,1763.5,34.27,7.9,0.113,7.105,17.47,2033.0,0
26.74,37.73,57.27,1130.1,1143.5,49.44,100.1,0.503,3.113,14.57,5189.2,0
28.95,40.08,70.01,1392.3,1400.6,39.41,9.1,2.322,4.717,14.84,2411.8,0
24.9,34.36,54.24,1425.2,1386.0,41.23,40.1,1.847,4.343,24.03,3398.4,0
25.03,32.89,64.89,1590.9,1658.7,39.78,89.5,0.895,4.868,9.16,957.3,0
27.97,37.29,65.26,3059.7,3086.2,18.71,42.7,0.435,6.664,17.38,4520.1,0
26.41,36.95,69.06,2854.2,2962.9,20.03,66.0,2.14,7.148,10.76,15.9,0
28.14,38.08,70.31,1627.2,1583.9,36.81,31.1,2.933,7.379,20.52,5994.8,0
26.82,37.0,67.71,1268.0,1275.6,42.79,52.6,1.92,4.742,15.29,2074.9,0
28.25,37.73,66.42,1640.8,1696.6,37.65,6.3,0.613,3.329,9.33,37.1,0
24.78,35.79,67.72,2080.8,1974.2,31.36,54.4,0.895,6.229,17.07,1078.6,0
26.83,37.17,69.08,1453.0,1467.5,37.6,94.0,4.885,5.832,19.21,3174.2,0
26.43,37.02,84.59,1759.9,1665.2,36.73,49.9,1.489,2.788,16.32,5689.9,0
24.42,34.58,69.77,1177.8,1090.7,47.79,11.3,5.35,4.958,18.5,2765.9,0
23.72,34.25,72.28,1210.3,1188.4,47.23,55.3,0.914,3.954,20.67,2765.6,0
28.22,38.68,59.52,1753.7,1800.8,34.47,23.2,1.268,2.29,18.12,2484.9,0
26.15,35.22,68.8,1511.6,1493.3,39.5,40.8,0.417,5.733,13.26,1255.6,0
24.81,35.18,62.97,1298.6,1252.4,42.76,30.0,0.542,4.528,20.41,848.3,0
26.66,37.45,73.86,1345.0,1361.6,44.25,86.2,0.424,4.562,16.85,3651.5,0
29.11,40.26,76.42,1140.6,1171.1,56.53,9.2,0.597,5.609,13.02,4193.6,0
22.29,32.7,65.34,1496.1,1520.3,39.72,15.8,2.131,2.576,16.75,4622.6,0
23.86,32.89,53.99,1160.1,1076.7,51.69,138.9,4.77,3.819,16.61,4308.0,0
25.0,34.19,66.32,2210.0,2227.2,28.4,32.0,1.494,5.855,15.54,158.0,0
29.77,39.34,73.28,1823.3,1875.4,33.62,7.3,0.234,6.317,9.65,2889.0,0
27.42,37.6,62.44,3007.5,3011.7,18.64,13.8,1.224,7.525,19.77,5143.5,0
28.38,38.26,76.94,1634.8,1660.0,41.51,2.8,1.083,5.81,18.01,507.4,0
24.57,33.45,67.31,1345.8,1410.9,46.48,52.0,2.432,6.364,12.63,3854.7,0
24.61,33.48,60.82,3342.3,3288.9,14.45,7.5,0.493,5.636,17.03,3380.4,0
27.75,35.65,66.49,1378.9,1372.5,41.88,11.9,5.084,7.149,17.18,4726.9,1
26.97,33.85,76.4,1318.5,1264.2,46.04,142.6,8.513,4.388,10.15,2629.2,1
27.95,37.82,76.54,1270.5,1254.4,45.47,0.6,4.956,4.436,14.68,4381.8,0
26.47,38.79,75.14,2218.5,2168.5,28.04,26.7,1.625,5.337,16.29,6.1,0
27.41,39.2,74.09,1352.5,1355.3,47.73,9.7,2.002,5.478,21.62,2362.4,0
27.17,36.19,68.59,1391.9,1474.7,40.09,39.1,2.065,3.627,15.38,1042.6,0
28.41,38.56,75.33,1303.1,1289.3,45.91,118.9,0.879,3.096,21.81,747.5,0
28.46,37.0,75.2,1596.8,1604.2,38.74,92.3,2.4,4.114,13.94,3839.7,0
23.61,32.3,63.2,1334.5,1409.3,43.81,18.2,0.792,4.384,14.17,4749.0,0
22.36,31.16,53.8,1101.5,1064.7,51.09,6.2,1.464,5.991,8.46,5359.3,0
28.85,38.63,65.92,1451.0,1431.6,37.96,21.9,0.211,2.379,14.81,687.8,0
29.23,39.04,58.29,1483.7,1481.2,42.84,44.4,0.478,8.936,13.48,5272.1,0
24.81,35.06,58.12,1176.1,1155.6,52.5,0.4,1.033,4.165,12.82,2482.8,0
23.13,33.79,59.01,1440.6,1506.9,38.67,53.0,1.211,3.043,12.97,2098.1,0
27.05,36.71,58.56,1831.8,1781.8,28.75,34.1,0.854,3.453,11.23,543.5,0
28.71,38.75,69.19,1337.2,1324.6,46.76,130.8,1.252,5.268,11.43,816.3,0
30.45,39.35,77.81,1176.5,1235.3,54.35,76.7,0.312,4.064,15.09,4432.7,0
27.88,36.54,81.18,1149.4,1156.9,52.89,36.8,0.22,5.195,17.53,2319.8,0
26.11,34.61,61.4,1164.1,1127.2,47.15,60.5,5.626,5.244,22.14,523.0,1
25.06,35.71,57.81,3342.3,3319.0,16.56,27.1,2.586,5.635,16.55,967.6,0
26.87,36.53,70.06,1659.6,1680.1,33.64,4.0,0.748,5.306,8.72,2114.0,0
26.25,34.38,73.58,1856.1,1776.5,34.15,19.3,1.442,6.095,16.27,696.0,0
24.82,34.76,67.93,1422.0,1486.6,40.45,1.5,0.893,7.962,20.34,4837.4,0
30.95,39.7,75.44,1114.8,1117.3,56.88,2.9,1.02,4.882,16.16,5084.0,0
30.42,42.08,75.54,2044.5,2069.9,29.19,17.4,1.332,3.91,19.92,5177.5,0
29.12,38.54,74.23,999.4,984.7,62.42,15.9,1.093,6.863,13.71,4139.3,0
25.01,35.69,64.47,1647.4,1641.6,36.18,25.8,2.779,6.066,12.73,1124.6,0
28.56,39.65,68.57,1951.3,1962.6,32.33,108.9,1.984,5.313,12.9,3669.3,0
28.13,37.17,58.73,1183.8,1204.5,48.45,15.0,1.046,5.759,17.1,4846.3,0
27.74,37.81,54.78,1390.4,1472.7,49.24,147.8,1.647,4.655,11.39,4901.6,0
29.35,39.9,72.06,1363.4,1389.1,46.5,52.4,2.407,7.499,13.83,2218.7,0
28.12,38.24,73.53,1777.8,1799.5,32.31,38.5,0.78,6.895,16.59,5523.2,0
28.33,38.69,65.17,1368.3,1358.4,45.02,38.2,3.108,5.873,20.39,3419.4,0
28.12,36.79,68.96,2171.1,2210.3,29.66,31.9,0.94,4.997,11.67,1616.6,0
27.53,38.09,76.83,1859.6,1841.0,32.03,47.6,4.404,2.846,20.72,162.1,0
23.28,32.8,60.72,1563.8,1587.6,39.05,76.0,1.676,6.659,20.98,3625.5,0
27.02,37.37,61.96,1870.8,1875.2,31.8,3.3,0.347,5.627,10.76,5444.7,0
25.74,36.66,72.7,1043.7,987.4,50.53,59.1,0.617,6.958,13.13,376.0,0
24.29,34.96,76.3,1830.6,1864.9,34.22,14.0,0.518,3.356,12.76,3484.3,0
30.21,40.56,73.24,1676.0,1635.5,37.8,76.9,1.954,5.254,11.05,2472.3,0
30.31,40.95,71.57,2108.6,2232.2,31.2,156.7,0.733,5.137,16.04,2970.2,0
29.57,40.26,62.61,1249.4,1271.4,50.38,74.2,1.672,2.685,18.48,3060.3,0
27.36,38.86,60.48,1811.5,1837.1,33.34,24.8,1.86,3.235,15.3,2363.3,0
29.55,39.52,76.69,1144.8,1061.4,51.42,25.5,1.241,5.895,14.8,3029.1,0
26.87,37.04,65.35,1193.5,1291.1,50.69,78.1,3.497,9.387,21.44,2030.7,0
27.26,38.19,66.18,1638.9,1585.7,35.54,26.8,1.756,7.427,12.96,2995.9,0
24.66,34.17,59.96,1588.7,1479.7,40.3,65.4,0.238,2.761,15.56,2692.0,0
27.64,36.31,68.73,1563.5,1572.2,35.26,34.4,1.768,5.782,14.62,2347.8,0
26.97,37.46,72.46,1296.2,1196.9,45.46,17.8,1.214,4.427,12.19,3907.4,0
24.24,34.04,60.01,1643.9,1650.5,38.06,4.7,0.14,6.473,11.87,2010.1,0
26.75,35.54,65.64,1680.5,1665.6,35.83,64.4,3.02,5.669,16.29,4638.4,0
26.69,37.19,69.5,1564.6,1473.7,40.46,14.1,2.107,4.546,21.45,1581.6,0
30.45,41.88,69.12,2495.6,2477.9,24.18,67.3,1.063,6.742,16.81,5920.7,0
28.64,37.01,63.63,1648.5,1657.7,39.24,23.3,0.798,5.589,10.96,5685.1,0
26.87,37.9,64.24,1245.4,1307.5,46.5,15.7,2.843,5.873,12.24,1835.3,0
27.35,34.81,60.66,1575.8,1534.5,41.38,8.9,1.677,5.493,15.8,305.5,0
26.94,36.54,66.3,1343.4,1399.1,49.52,9.6,0.08,5.511,12.4,639.5,0
26.44,38.28,70.15,1714.1,1761.5,36.23,4.8,4.076,5.64,16.35,4881.3,0
24.69,34.36,66.34,1579.1,1559.9,35.41,9.0,1.381,7.48,17.21,1072.5,0
26.55,36.64,62.05,1923.7,1888.3,28.83,101.1,3.351,6.836,13.59,5026.9,0
25.36,36.12,85.65,1836.5,1783.4,35.94,18.9,1.427,7.265,6.19,4482.3,0
24.35,32.63,69.77,933.0,941.7,59.66,102.4,4.524,3.159,16.01,829.5,1
27.87,37.94,67.55,1564.4,1535.4,42.76,26.5,1.558,6.146,19.0,2914.3,0
27.63,37.7,69.78,1935.4,1924.8,34.14,39.0,4.73,3.924,16.66,4094.7,0
23.28,35.14,67.99,1952.2,1974.5,29.94,24.2,1.13,5.777,21.26,2625.8,0
26.6,35.37,68.86,2431.7,2476.1,24.01,15.3,0.663,7.272,18.11,2135.5,0
28.84,38.46,64.33,1907.4,1914.9,31.7,5.0,1.506,3.882,13.05,5751.2,0
28.97,38.04,73.67,1235.0,1191.8,47.59,108.4,3.531,5.851,12.8,2583.6,0
28.9,37.87,78.22,1769.4,1724.7,35.73,36.7,0.956,4.672,13.94,234.5,0
26.93,38.06,72.0,1871.6,1809.5,30.42,36.4,7.664,7.004,13.45,4083.2,0
25.16,35.19,65.8,1955.2,2019.1,31.52,86.4,0.205,5.824,15.81,206.8,0
24.68,34.13,67.84,1389.4,1384.3,46.49,18.4,1.882,5.027,10.42,3591.7,0
27.54,37.02,64.91,1641.4,1691.9,39.19,28.3,1.37,5.13,12.09,5112.6,0
27.61,37.05,75.92,1833.5,1907.2,33.73,101.5,0.798,5.929,13.77,2988.9,0
29.42,38.95,66.86,1614.7,1552.2,36.92,30.2,4.231,8.094,15.08,3157.3,0
29.05,37.79,62.13,1009.6,1102.8,62.06,24.0,1.774,5.896,18.18,4026.1,0
26.59,36.33,66.26,1148.6,1194.2,52.2,8.8,3.757,6.252,13.2,4955.2,0
24.36,34.0,57.9,1043.9,1084.3,54.69,8.3,0.67,6.951,6.48,3386.7,0
26.21,35.45,66.52,2589.1,2628.5,22.48,22.5,1.352,5.242,18.98,2666.5,0
27.28,37.44,65.05,1448.3,1496.6,38.49,3.6,0.459,4.021,13.96,1807.4,0
26.45,36.69,69.03,1806.5,1811.3,33.55,138.6,3.627,5.666,14.11,2250.4,0
25.69,35.14,52.36,1302.5,1249.1,45.44,38.9,0.782,6.87,18.09,5448.6,0
27.36,37.21,64.55,1183.0,1188.0,50.6,38.3,0.55,5.389,19.4,4970.3,0
25.84,38.0,70.88,1357.0,1278.0,43.26,24.1,3.072,3.938,16.68,435.7,0
25.59,37.71,70.49,2004.7,1956.6,31.28,74.0,3.811,6.515,15.1,4082.7,0
27.47,36.42,72.38,1839.2,1786.4,33.39,57.9,1.298,8.164,14.01,4890.7,0
26.05,35.13,58.38,1216.4,1188.9,46.21,139.7,3.251,5.589,10.89,1139.1,0
27.34,36.28,67.86,1267.6,1246.6,47.2,51.7,1.788,4.294,16.04,4161.4,0
27.4,38.45,59.13,1480.8,1384.8,41.41,2.6,1.961,7.083,10.3,1153.6,0
24.57,34.17,61.09,1410.0,1372.3,41.3,73.8,0.539,6.892,14.85,2061.5,0
25.89,36.13,60.27,1563.8,1565.6,40.5,22.9,0.666,6.384,22.61,4719.0,0
29.73,41.72,68.64,1468.4,1392.0,42.69,19.8,2.604,5.866,9.35,55.4,0
24.53,34.52,65.72,1367.4,1337.2,47.16,10.3,1.069,5.778,16.69,1755.2,0
22.62,33.32,64.58,1357.2,1373.9,46.3,50.8,0.232,7.834,13.43,853.5,0
23.13,33.65,70.26,1448.4,1352.2,40.24,85.1,1.879,6.6,11.96,3387.2,0
26.91,36.32,64.36,1416.0,1387.8,39.51,19.7,1.353,5.418,13.07,4853.3,0
26.91,37.97,61.19,1353.8,1356.8,39.13,32.0,0.884,6.124,15.44,3864.3,0
26.61,35.77,65.58,1683.0,1735.3,32.2,39.0,0.292,5.261,24.26,3760.7,0
29.28,40.62,82.36,1923.4,2001.3,32.07,31.3,1.238,5.202,18.29,1631.9,0
21.5,30.92,49.03,1337.8,1365.3,45.44,31.3,1.293,5.163,17.5,5623.1,0
27.64,37.16,72.77,1728.5,1815.8,32.87,23.0,1.444,6.57,12.91,4623.5,0
29.97,38.88,82.12,1270.1,1373.9,48.14,61.8,0.089,5.206,10.77,5671.2,0
24.59,33.67,58.55,1303.7,1327.3,39.49,44.2,2.316,5.446,12.04,5078.7,0
26.09,35.66,62.86,1113.3,1080.5,48.2,23.7,1.79,5.838,19.99,5616.9,0
25.34,32.91,67.37,1302.6,1290.9,46.37,29.1,3.094,7.198,14.25,5563.1,1
25.06,34.83,60.28,1338.5,1338.7,48.43,154.9,2.183,7.399,15.99,3205.6,0
26.2,35.69,78.86,1819.6,1850.2,35.24,95.9,2.037,4.575,15.19,3438.3,0
29.7,40.49,61.53,1386.8,1303.2,44.09,66.8,1.778,6.324,15.6,540.8,0
30.52,40.95,72.95,1257.7,1242.7,47.38,31.1,0.911,6.397,14.59,553.3,0
26.18,35.47,68.81,2442.7,2457.3,24.49,32.5,2.691,5.774,17.04,3658.8,0
30.66,40.2,67.76,1130.7,1148.6,57.02,24.5,4.019,2.932,12.07,3581.6,0
26.92,36.69,70.92,944.5,944.3,62.66,48.0,1.266,5.467,17.56,1956.5,0
30.36,41.84,75.95,1225.6,1168.4,49.47,24.1,0.469,5.805,23.11,4278.2,0
26.66,35.84,64.85,1420.1,1418.4,48.06,20.8,0.647,7.454,15.17,3409.0,0
27.11,36.39,60.14,1422.1,1375.7,45.89,30.2,0.559,7.339,13.72,2281.6,0
27.58,36.45,63.65,1837.4,1780.7,36.77,23.1,1.732,6.479,14.42,3566.1,0
33.21,41.73,77.93,1423.3,1512.2,38.9,73.9,1.822,9.115,18.07,2155.4,0
28.55,38.86,73.83,1242.9,1149.6,49.64,82.2,0.094,6.34,10.24,5222.3,0
25.44,35.64,66.23,2034.8,2037.9,30.27,60.4,0.786,4.797,19.94,1925.5,0
28.79,40.07,71.04,1902.8,1939.5,29.39,20.1,1.779,6.938,15.49,4879.4,0
26.13,37.17,68.3,1770.0,1817.4,36.03,54.5,1.678,5.312,16.51,1865.3,0
25.87,38.27,70.16,1391.1,1403.2,46.56,14.6,0.839,6.152,14.65,96.1,0
28.67,38.59,67.92,2172.4,2168.4,31.34,19.9,1.453,4.132,15.05,3048.0,0
26.91,36.65,61.93,1556.4,1613.1,37.75,67.7,7.327,4.711,11.43,3562.7,0
27.41,36.11,78.81,1293.4,1294.2,38.93,15.6,1.463,3.297,11.41,1614.7,0
26.88,37.57,73.49,2020.6,2079.2,29.88,29.7,0.56,5.535,10.05,215.1,0
27.52,37.64,70.27,3342.3,3403.9,15.6,21.2,1.091,4.527,9.37,3063.8,0
27.7,38.35,66.93,1881.3,1871.4,29.73,69.3,3.037,8.934,19.96,3445.4,0
22.98,31.84,60.57,1380.3,1443.8,42.61,11.0,1.006,7.365,14.42,598.6,0
28.18,38.53,68.38,1373.1,1308.6,44.86,113.3,1.286,4.834,16.55,2310.0,0
24.89,35.09,75.39,1350.0,1391.7,44.94,40.3,3.662,4.38,16.64,3116.2,0
23.97,34.1,58.92,1365.9,1270.9,46.1,112.8,0.568,4.472,15.56,3426.9,0
26.73,36.05,67.03,1826.6,1882.1,33.74,26.8,1.632,4.304,17.93,4012.4,0
27.02,38.21,64.53,1845.5,1965.9,31.59,27.9,1.088,4.102,20.4,716.7,0
25.46,37.51,60.57,1306.8,1316.5,43.75,3.6,1.898,5.401,15.54,4090.7,0
28.51,37.4,76.38,1460.8,1473.8,37.88,84.0,1.057,4.524,12.32,3400.5,0
24.17,34.89,63.23,1346.9,1431.5,49.07,80.8,0.396,3.942,19.82,1250.7,0
26.04,33.16,56.44,1428.9,1424.6,43.81,96.2,0.505,7.393,9.25,1949.4,0
25.68,36.35,67.2,1106.5,981.2,52.84,2.5,3.446,4.678,17.64,0.3,0
26.76,34.89,65.44,1716.3,1730.4,35.34,12.1,1.566,4.65,15.61,4974.1,0
27.41,36.88,60.45,1181.1,1136.4,50.68,30.4,1.211,7.968,17.59,4774.6,0
24.83,33.52,71.72,948.2,941.8,60.35,57.0,4.112,8.295,10.7,3987.9,0
28.3,38.08,76.94,1570.3,1516.2,40.54,42.4,1.945,6.86,17.76,1029.9,0
26.98,37.81,67.12,1379.0,1456.3,44.99,59.8,0.989,5.846,13.81,4389.1,0
23.07,31.21,67.89,1980.4,2005.1,30.69,43.3,1.781,4.442,12.83,153.0,0
22.93,32.57,58.43,1162.4,1143.7,48.94,15.8,3.411,7.084,21.21,4926.7,0
26.83,36.31,62.27,1099.6,1129.8,51.29,12.9,2.602,4.719,19.11,1696.2,0
26.41,37.99,78.39,1653.6,1650.8,35.06,7.7,1.024,3.35,16.87,1758.5,0
26.64,37.07,69.06,1257.3,1335.2,45.86,161.7,1.644,4.867,16.16,4702.5,0
26.79,35.62,68.33,1374.6,1400.1,42.8,4.8,1.261,3.838,11.75,3886.7,0
27.3,36.83,60.35,1500.5,1573.1,43.91,34.1,6.303,4.29,12.0,1832.5,0
28.75,40.3,62.22,1205.8,1176.8,48.12,10.6,2.562,7.601,17.17,2435.9,0
24.63,35.34,72.71,1265.0,1276.0,45.19,42.2,0.69,7.693,10.38,79.7,0
24.51,33.59,48.56,1519.0,1573.0,38.61,21.8,2.688,4.453,19.44,4856.9,0
24.66,34.4,68.95,1362.9,1374.6,48.33,58.8,0.286,4.502,20.0,728.8,0
27.43,37.19,80.09,1326.2,1213.6,51.12,46.7,0.255,4.205,19.25,228.0,0
29.34,38.8,68.73,1777.4,1765.2,34.46,10.2,1.677,8.134,17.48,4813.6,0
25.99,34.28,68.34,1423.0,1374.0,39.98,14.6,1.64,7.83,11.51,2165.1,0
21.85,31.17,61.78,2711.2,2773.6,22.31,32.3,1.704,4.524,11.34,51.5,0
23.44,34.83,75.74,1429.0,1464.6,45.84,5.4,2.262,7.149,20.26,5113.6,0
25.18,34.8,76.51,1292.5,1343.0,52.23,25.8,1.143,5.89,16.56,4803.7,0
25.73,35.63,58.37,1678.3,1636.9,37.43,14.6,2.774,6.135,17.98,4397.1,0
26.03,36.17,70.41,1357.9,1314.5,41.33,14.5,1.041,6.444,20.09,5418.2,0
26.93,39.15,62.79,1543.7,1478.9,37.8,40.0,1.72,5.182,23.23,4528.3,0
26.23,36.24,70.28,1628.5,1612.8,36.16,18.6,0.765,5.05,11.8,4472.9,0
28.95,40.04,71.36,1394.7,1390.1,42.32,14.7,1.256,7.983,20.12,4680.1,0
25.5,34.9,67.74,2092.7,2141.6,32.16,52.0,1.001,5.521,8.47,2534.8,0
25.13,34.87,75.5,1359.4,1345.6,37.65,38.8,1.272,6.107,13.78,4146.4,0
27.81,37.82,60.2,1849.6,1802.0,30.95,32.3,2.327,8.327,10.28,5491.7,0
23.78,33.0,70.14,1342.4,1390.4,45.89,80.8,2.708,6.306,17.1,3458.1,0
27.63,37.43,58.29,1452.5,1404.2,42.39,41.7,2.951,5.654,22.16,701.6,0
27.06,37.94,70.62,1883.1,1941.9,35.69,71.8,1.041,4.928,12.17,5374.6,0
26.56,35.75,68.51,1567.1,1698.9,40.37,60.2,1.891,4.448,8.19,745.9,0
30.03,40.03,81.13,1458.2,1434.2,37.79,24.3,0.766,5.938,11.11,2791.2,0
25.61,36.31,64.03,1319.5,1191.7,51.44,13.5,2.234,4.589,10.19,4264.8,0
30.97,40.15,63.64,1774.0,1784.0,35.59,26.7,0.372,5.086,4.98,1401.7,0
26.4,37.49,81.11,1284.8,1305.5,46.35,13.4,4.595,2.824,17.08,3749.0,0
24.3,34.37,67.27,1667.1,1665.2,32.95,15.7,0.835,6.188,16.41,3041.0,0
26.99,36.82,59.6,1256.5,1303.0,48.14,44.8,1.996,4.325,12.64,2659.4,0
24.7,32.69,68.27,1207.7,1205.6,50.37,33.9,10.928,9.239,18.45,2289.2,1
25.35,34.97,65.34,1144.9,1094.5,50.85,11.4,1.123,4.343,17.64,4296.7,0
27.64,38.02,63.55,982.9,937.3,54.71,29.0,2.027,5.009,21.31,3125.2,0
27.96,39.71,72.89,1337.3,1315.5,42.92,33.0,0.408,5.449,16.22,4428.7,0
25.61,36.17,75.15,1206.1,1193.2,52.38,6.0,1.89,4.956,10.86,2164.3,0
28.82,39.95,68.22,1111.9,1088.0,56.24,51.3,0.563,2.857,17.98,5678.9,0
29.17,37.96,64.6,2145.6,2142.1,28.78,29.3,1.384,5.641,10.98,1587.3,0
29.72,39.6,65.66,1761.6,1704.6,33.97,34.7,0.323,6.274,16.39,4640.9,0
27.91,39.13,65.94,2459.1,2548.3,25.04,88.7,1.843,5.079,21.62,5754.3,0
29.58,38.69,62.21,1336.5,1313.8,50.61,195.7,1.22,5.184,15.98,5573.6,0
23.09,34.05,67.02,2377.4,2326.0,24.91,18.9,1.173,5.05,17.91,3315.9,0
26.21,36.95,71.97,2753.5,2767.2,22.2,52.2,0.272,4.317,9.01,466.1,0
25.12,35.39,67.15,1921.4,1894.4,29.03,4.6,1.666,4.617,20.41,2033.7,0
27.09,36.76,67.71,2717.2,2699.5,22.62,68.9,1.187,7.826,4.28,2885.5,0
25.71,34.72,71.21,1254.1,1265.9,42.72,80.3,0.816,6.243,21.97,5295.8,0
26.52,38.29,62.62,2232.1,2239.0,29.15,35.1,0.642,6.8,23.36,1105.5,0
30.61,41.25,73.07,2551.7,2489.4,23.1,26.3,2.155,4.766,13.86,826.5,0
26.51,36.85,70.94,1496.2,1529.4,39.58,24.6,1.757,6.977,13.19,4656.7,0
27.68,37.26,66.72,1372.8,1366.6,40.17,1.9,1.485,7.295,14.47,154.3,0
26.39,36.42,69.82,2737.5,2709.9,21.3,11.4,5.451,4.991,19.7,55.9,0
27.0,37.17,76.9,1724.0,1800.0,32.86,27.6,2.891,9.41,8.73,1320.3,0
26.86,37.26,63.79,1635.8,1662.0,39.25,58.1,2.19,4.158,14.18,335.3,0
27.75,38.48,71.04,1694.8,1642.2,36.43,14.0,1.5,3.806,16.39,2988.4,0
29.18,38.4,67.36,1558.5,1529.9,36.71,82.4,2.055,4.336,21.41,3303.6,0
30.14,38.68,80.12,1094.3,1068.5,51.79,46.0,6.933,5.605,12.12,2613.0,1
27.47,37.55,60.31,980.9,1026.7,61.47,33.1,0.364,6.661,17.39,2518.2,0
28.03,36.28,61.49,1564.3,1529.8,36.87,5.5,1.779,4.518,16.1,1671.5,0
24.55,34.22,69.67,2438.7,2409.1,26.78,17.5,2.003,2.594,19.07,5291.3,0
26.67,36.17,68.07,1745.4,1691.9,37.65,90.7,0.577,4.702,18.8,2792.8,0
28.73,39.22,65.72,1336.0,1373.9,41.94,101.5,1.545,5.056,12.48,4468.1,0
28.58,40.56,64.37,1759.6,1747.0,39.47,105.1,2.38,6.121,27.31,4204.0,0
27.27,35.33,65.36,1394.2,1342.5,46.11,60.2,2.213,1.773,21.08,358.5,0
28.62,40.9,75.02,884.0,785.1,62.12,78.5,1.457,5.035,10.64,5447.6,0
27.83,37.6,59.81,2432.6,2416.8,22.87,15.4,1.74,5.442,12.17,2397.6,0
29.25,39.6,73.86,1560.7,1520.3,34.93,10.9,1.567,5.595,18.02,4443.2,0
27.43,36.01,66.33,1095.6,1077.6,55.41,33.0,4.576,7.209,14.67,3107.3,1
26.14,37.14,76.79,1722.9,1779.5,34.78,12.4,1.075,4.111,14.47,75.3,0
27.52,37.56,72.64,1351.8,1426.6,47.89,8.5,1.555,5.306,21.91,5637.9,0
20.99,30.93,58.28,1141.1,1093.3,46.31,98.9,0.992,5.637,19.6,741.2,0
27.62,35.68,77.16,1100.5,1051.0,52.37,121.0,6.431,5.956,14.65,4681.8,1
19.55,29.63,64.29,957.4,958.2,59.13,13.6,0.346,6.125,14.12,5676.7,0
23.4,34.25,79.36,1543.6,1574.7,43.33,15.2,1.063,4.104,6.82,4371.3,0
27.75,37.52,61.16,2322.6,2364.1,22.54,4.7,1.177,6.226,16.84,3202.5,0
27.81,38.98,71.55,1816.4,1897.8,33.0,22.2,2.358,5.138,6.47,1681.3,0
24.53,35.66,62.93,1004.4,1010.6,61.86,5.2,1.562,6.664,10.87,3729.0,0
25.43,34.78,60.93,2044.4,2037.6,25.86,111.9,1.619,7.237,10.18,1847.4,0
29.59,41.19,71.03,1403.8,1378.7,44.97,71.7,1.477,6.811,19.15,1334.5,0
25.88,35.93,64.2,3342.3,3298.4,14.85,80.0,0.688,3.546,16.36,3286.5,0
31.34,41.39,73.88,2317.2,2338.5,26.49,1.2,1.635,4.534,17.43,1361.4,0
26.85,36.95,70.2,1139.8,1244.7,48.87,0.1,1.73,5.853,9.43,3643.5,0
27.67,37.74,68.45,1495.2,1498.7,40.36,16.9,1.175,4.99,20.2,3675.8,0
30.08,37.45,70.96,1745.2,1846.1,36.24,4.0,2.036,4.566,15.16,2656.6,0
27.11,36.93,73.43,1993.4,2056.7,31.86,20.3,0.822,6.789,9.95,4691.8,0
24.85,33.48,55.03,2927.1,2817.9,20.03,8.2,1.134,3.891,13.35,3885.5,0
26.63,38.26,61.42,1266.2,1299.6,46.93,57.6,3.36,3.059,22.06,5545.6,0
26.78,38.36,63.49,1557.9,1457.1,37.17,2.1,0.869,4.053,12.07,1686.1,0
24.12,34.97,59.46,2303.2,2339.7,24.78,0.2,1.057,6.026,16.4,5090.6,0
26.34,36.1,69.49,1444.1,1417.6,40.3,0.9,1.79,7.682,15.27,1196.3,0
25.37,34.36,73.07,1233.2,1237.2,45.81,1.2,3.765,8.274,12.29,46.0,0
28.7,38.04,60.57,1527.6,1487.3,37.99,92.6,2.577,5.117,17.29,777.1,0
26.92,38.86,59.03,1503.9,1532.7,41.16,67.9,1.725,4.058,16.94,5090.9,0
26.28,35.59,65.28,1455.2,1564.7,40.38,153.3,1.441,5.539,14.51,4353.3,0
26.64,34.28,64.86,1580.8,1704.8,32.93,90.5,0.26,5.735,14.34,1077.2,0
27.3,38.33,57.43,1497.6,1456.1,40.54,55.9,1.653,2.942,11.11,5839.5,0
28.08,39.58,85.21,1232.2,1228.6,47.35,38.0,0.761,2.74,8.6,3391.7,0
24.85,36.51,64.17,1038.1,1089.8,50.35,8.2,0.709,3.563,18.42,2357.2,0
24.77,35.81,73.34,1167.6,1176.5,47.91,7.3,0.534,7.334,12.33,2199.9,0
29.06,40.26,70.33,1680.4,1655.7,33.25,0.7,2.594,5.117,16.89,3978.1,0
26.03,36.08,65.95,1252.1,1301.2,46.36,7.3,0.963,4.684,16.33,5947.5,0
24.02,31.94,62.56,1297.6,1277.4,44.65,0.6,5.721,6.969,16.86,5041.3,1
27.74,37.77,73.42,1695.2,1714.9,32.9,84.7,1.264,7.115,23.04,167.1,0
27.78,38.4,70.1,1732.4,1768.2,35.36,58.8,3.524,4.376,9.71,5062.0,0
23.79,33.65,66.48,1223.2,1235.5,46.8,11.0,0.625,5.699,13.98,5387.1,0
27.31,37.13,64.47,1096.4,1058.9,53.77,25.9,3.839,5.831,14.86,449.8,0
28.32,37.36,71.57,2865.5,2866.4,21.88,30.2,1.884,6.802,17.17,5483.5,0
27.6,36.6,62.26,1116.0,1150.2,56.4,11.6,3.805,5.485,14.53,5413.4,0
28.11,39.95,75.05,979.0,965.9,51.64,22.2,1.235,3.311,11.96,4975.0,0
24.04,35.92,79.15,1169.6,1185.3,41.99,21.4,2.475,5.461,9.32,2868.6,0
27.51,37.51,68.17,1602.8,1634.7,37.59,37.2,4.654,6.021,13.73,1557.6,0
26.24,36.53,68.73,1434.9,1479.8,43.9,16.5,0.933,5.302,10.15,1011.3,0
25.88,34.9,57.36,1835.6,1831.8,33.59,49.7,1.308,4.492,18.12,1043.9,0
28.59,39.23,78.95,1380.4,1343.2,38.22,20.5,1.625,3.522,9.43,5853.7,0
29.81,41.57,67.45,2501.9,2522.0,25.25,32.7,1.798,7.178,15.86,3716.1,0
30.44,38.91,77.09,2809.2,2794.3,22.58,126.4,0.075,6.581,21.15,3372.7,0
29.48,39.94,64.43,939.8,885.0,63.32,24.8,2.008,5.551,19.87,350.6,0
26.63,37.17,74.78,1475.5,1403.2,40.63,48.6,1.697,3.956,16.13,2228.9,0
27.56,38.08,65.59,1527.9,1547.2,42.04,108.2,1.071,6.532,14.38,3646.7,0
28.38,40.03,76.49,1560.2,1491.9,39.69,59.8,6.462,4.655,18.42,5395.5,0
27.09,39.13,69.73,1950.2,2020.0,31.72,39.1,2.855,2.865,21.8,3444.9,0
27.11,36.88,60.41,1695.6,1667.0,36.93,28.3,3.888,6.855,11.1,3165.3,0
28.5,39.17,77.21,1460.6,1378.2,40.91,97.4,1.15,2.429,9.4,1347.0,0
26.73,36.82,69.13,1471.1,1549.8,38.03,148.2,0.93,5.135,10.8,523.9,0
25.39,34.76,57.15,1866.7,1859.1,32.48,18.5,2.097,6.655,12.99,2880.0,0
26.02,36.29,71.13,1407.6,1416.7,44.79,9.9,1.585,5.726,14.03,2862.5,0
28.12,38.79,71.27,1484.2,1436.8,41.88,26.6,1.021,6.547,22.0,4738.0,0
26.86,37.07,65.6,1292.6,1351.0,43.93,22.0,1.034,7.109,15.77,321.8,0
27.53,36.65,65.55,1301.0,1290.4,47.05,45.2,0.44,4.063,13.2,5786.8,0
28.19,37.73,72.9,1641.4,1540.5,38.29,2.7,2.915,5.497,21.71,1138.4,0
26.1,35.64,61.47,1575.6,1561.4,38.31,126.5,2.555,5.408,14.42,5043.6,0
28.36,37.52,64.37,1028.2,1059.4,54.82,25.2,0.161,5.345,18.57,2511.9,0
27.61,37.92,68.51,2065.5,2026.0,30.56,20.2,2.525,6.498,11.3,5683.7,0
24.38,34.8,57.96,2731.6,2658.8,21.26,2.3,4.88,6.454,20.02,4329.3,0
29.73,40.71,71.98,1250.4,1237.1,45.56,2.1,2.633,6.998,14.16,2426.5,0
25.85,34.99,58.0,1648.8,1746.7,33.71,32.8,0.896,4.002,13.86,5943.9,0
23.54,32.96,66.42,2182.7,2253.0,29.23,78.1,1.78,5.958,7.7,2010.4,0
24.76,36.31,61.8,1164.9,1229.1,48.85,21.7,0.273,3.874,12.63,239.3,0
24.81,34.64,62.83,1447.2,1499.0,38.55,2.8,0.678,6.122,9.66,227.3,0
26.95,36.98,74.76,2173.0,2164.5,27.36,22.6,2.521,7.933,15.74,2271.1,0
26.3,36.13,65.17,937.7,910.3,59.35,22.3,0.651,7.754,11.01,5323.0,0
26.18,37.31,59.5,2683.1,2696.8,23.89,37.8,1.217,3.544,8.27,543.5,0
28.09,39.26,72.1,1712.2,1752.7,39.13,18.1,1.368,3.82,17.35,3441.4,0
27.53,38.64,64.88,3005.1,2943.4,21.11,0.6,2.465,6.136,11.99,2939.3,0
27.48,37.51,70.23,1313.7,1303.3,42.71,67.8,1.234,4.639,11.8,3947.2,0
27.67,36.8,67.93,1871.1,1941.1,33.59,66.6,0.671,7.375,25.19,5123.5,0
28.08,40.01,73.45,1283.1,1319.0,48.19,98.4,1.831,6.628,12.41,4005.5,0
22.63,33.49,68.34,1470.6,1520.1,39.83,24.4,0.469,6.25,18.96,669.8,0
26.12,35.66,60.26,1182.8,1058.5,53.51,49.8,3.588,3.914,10.17,2202.3,0
22.49,33.91,64.12,1588.6,1602.0,35.7,19.6,0.443,6.681,16.17,3413.1,0
26.92,36.39,76.32,2629.4,2635.1,23.95,35.2,2.631,6.367,17.38,3097.4,0
26.84,38.25,64.7,1257.8,1197.9,42.38,123.9,2.123,5.405,7.75,4904.2,0
28.94,40.42,67.7,1683.5,1703.6,37.47,20.8,2.611,3.299,9.66,2218.3,0
29.23,38.3,63.78,2689.7,2751.4,21.81,20.9,0.618,7.729,19.75,1677.8,0
27.26,37.84,70.28,1858.0,1844.1,29.45,5.5,0.846,3.781,13.29,5806.0,0
25.85,36.63,65.0,1825.6,1850.9,32.63,15.4,0.935,3.256,15.28,2745.0,0
27.82,40.44,63.8,1108.6,1087.3,55.55,4.2,1.214,6.22,19.28,3946.3,0
25.79,35.05,67.34,1306.7,1324.4,47.07,95.9,0.465,7.035,20.2,1047.7,0
26.85,38.28,66.73,1749.5,1652.5,36.52,49.6,1.396,4.387,12.48,3207.9,0
28.82,38.84,67.89,1268.3,1227.9,44.71,29.8,1.416,4.073,14.89,4536.1,0
25.73,34.49,66.2,3141.9,3104.4,19.61,38.0,2.564,5.985,12.88,4499.3,0
28.46,38.34,72.79,1806.8,1795.3,34.35,6.3,1.331,8.334,14.18,5497.9,0
28.2,38.21,73.02,1355.6,1304.5,44.01,44.6,0.252,8.079,12.45,5478.0,0
24.94,33.88,59.13,1394.0,1430.7,41.65,53.7,0.335,6.882,13.27,4848.8,0
28.8,39.11,73.81,1688.8,1751.1,34.61,66.4,0.746,5.952,22.91,1122.8,0
28.25,39.2,78.31,1521.5,1545.7,39.62,2.4,1.182,5.171,12.87,1705.8,0
27.05,37.29,61.85,1483.4,1501.1,43.38,20.7,4.057,5.114,4.17,4692.5,0
25.33,34.78,65.35,1464.9,1472.4,39.91,169.2,2.964,5.034,13.93,560.0,0
25.13,34.98,56.8,1104.3,1164.4,48.61,49.8,1.088,5.763,7.86,805.5,0
25.77,35.77,61.79,1322.0,1262.1,43.19,19.3,0.786,4.802,16.3,2662.7,0
27.94,38.15,73.78,1338.0,1228.8,45.11,80.6,1.425,5.083,14.22,3951.9,0
24.94,36.05,62.58,1228.9,1165.3,57.14,2.1,1.422,4.564,23.42,3673.8,0
27.73,38.0,75.7,1294.1,1263.8,48.28,41.9,1.315,5.235,18.98,949.4,0
24.37,32.96,57.31,1101.6,1109.2,57.41,32.9,3.768,6.017,7.16,4129.0,1
26.44,35.88,61.07,1695.9,1735.1,33.28,23.7,0.967,5.861,9.71,3298.2,0
27.07,37.24,58.4,2416.6,2406.6,24.08,165.9,0.939,6.315,13.71,5222.9,0
31.74,42.86,74.82,1443.2,1402.8,38.6,151.7,1.746,9.901,15.96,1799.6,0
24.1,35.39,70.77,1626.9,1621.3,37.74,60.0,2.935,7.356,18.66,1029.5,0
29.79,41.57,85.18,1016.5,1063.5,54.59,29.9,0.938,7.208,17.25,2200.4,0
27.15,37.28,69.48,2016.9,2006.8,28.7,48.2,1.665,7.476,17.05,4406.5,0
27.67,38.44,67.92,1580.5,1553.3,39.21,21.0,0.046,6.251,12.93,1898.9,0
27.09,35.63,65.43,1356.7,1407.1,44.05,47.6,4.362,3.657,14.3,4572.4,1
27.74,38.17,68.41,1400.3,1498.3,41.0,33.9,0.117,6.291,16.27,1755.0,0
26.54,35.47,69.58,1655.7,1668.0,38.28,3.9,0.578,5.022,16.26,3053.6,0
29.76,39.7,72.58,1263.2,1222.4,43.59,32.7,0.803,4.684,16.8,1639.9,0
25.94,38.97,69.99,1061.1,1020.5,50.79,13.5,1.736,3.249,11.43,1164.4,0
29.11,39.42,76.91,1017.4,1098.9,55.36,160.4,1.425,3.405,14.72,1463.0,0
25.56,34.7,75.38,1363.8,1400.9,40.33,45.9,0.235,5.206,18.85,5585.6,0
26.73,37.14,67.9,1986.8,2008.2,31.84,3.5,1.753,5.928,12.56,5807.5,0
24.71,34.19,66.1,943.4,968.6,55.35,5.3,3.973,5.542,16.97,3566.7,0
27.76,36.8,73.06,2056.8,2036.6,29.22,51.9,0.427,4.859,11.4,1002.4,0
29.74,41.84,80.12,975.6,1016.5,57.91,48.2,0.927,6.253,14.72,647.3,0
26.7,37.76,71.74,1092.9,1147.2,53.44,58.7,1.173,6.571,17.46,1996.9,0
26.46,36.8,68.7,1112.0,1121.2,54.89,1.4,1.111,6.308,18.24,5423.9,0
24.62,34.23,64.0,1217.4,1196.5,46.85,34.5,2.498,6.376,11.48,973.6,0
26.39,36.08,65.2,3342.3,3332.5,18.88,11.2,2.092,6.66,2.5,2512.5,0
23.66,35.21,54.62,1996.8,1994.3,29.61,31.6,1.606,2.804,20.42,2836.9,0
25.02,35.33,65.41,1282.8,1333.4,43.07,76.3,1.218,6.061,20.07,5294.8,0
27.3,34.22,60.78,1837.0,1883.4,33.24,162.4,2.102,4.643,7.16,5372.5,0
29.49,41.91,68.24,1670.9,1684.4,36.85,46.7,0.208,8.252,16.95,1281.5,0
32.47,42.65,65.9,1362.4,1381.4,46.13,19.2,4.342,7.2,15.38,921.9,0
25.68,36.02,70.87,1669.7,1672.7,38.3,38.1,2.582,5.935,20.49,932.0,0
29.72,40.81,77.68,2037.4,1909.8,27.81,70.6,2.789,5.203,20.1,2990.7,0
27.34,37.8,55.42,1217.1,1184.2,48.86,3.4,5.206,2.258,18.73,3261.7,0
26.55,37.29,67.02,1324.6,1315.5,45.15,65.4,2.527,3.775,13.71,1881.9,0
27.72,37.29,69.0,1683.2,1688.4,37.51,45.8,0.507,4.785,5.38,4968.9,0
26.97,35.74,73.01,1169.7,1074.7,47.11,16.1,1.522,6.058,16.75,3050.5,0
27.07,37.35,65.55,1335.4,1393.5,40.95,38.7,2.478,4.918,10.46,4557.6,0
26.03,37.46,61.94,1179.3,1127.6,53.31,61.1,1.497,7.71,7.77,49.9,0
24.05,33.41,58.55,1396.4,1425.2,41.51,65.9,1.625,4.617,26.57,2170.5,0
23.76,33.03,74.16,1298.6,1282.3,53.24,17.6,3.032,8.973,12.13,4587.1,0
28.16,39.38,80.87,2683.4,2704.3,21.26,3.1,1.205,3.648,17.12,2037.2,0
26.3,35.84,67.36,1414.9,1337.7,44.59,21.3,3.494,6.57,18.49,69.4,0
25.66,35.25,72.54,1551.2,1522.0,36.02,21.2,0.847,5.333,16.76,1453.9,0
26.87,36.49,69.5,1781.9,1846.7,31.41,108.6,1.634,5.028,3.59,3600.2,0
28.44,38.37,63.36,1067.1,1039.5,51.59,243.0,4.965,5.787,21.98,3123.9,1
27.21,35.64,63.39,1178.2,1106.9,48.89,106.0,5.009,5.092,16.47,252.2,1
25.54,35.0,61.29,3028.2,3037.7,19.94,3.7,5.965,5.901,16.79,4667.8,0
29.3,39.53,69.2,1263.2,1259.8,47.15,20.4,1.494,4.364,12.07,425.7,0
30.01,40.23,75.42,1402.8,1374.4,45.94,41.7,1.194,5.825,11.37,76.5,0
27.84,39.0,69.59,1968.6,2007.7,32.77,91.5,1.749,6.09,11.59,5227.5,0
28.8,40.64,72.48,1956.8,1926.1,31.65,17.0,2.12,5.715,11.8,5641.8,0
29.33,40.85,65.3,2477.4,2436.5,24.09,14.2,0.57,4.724,12.54,5521.9,0
29.11,40.02,72.53,1648.2,1680.8,36.62,151.9,2.527,7.579,19.88,1119.4,0
28.08,37.93,74.86,1456.7,1424.9,38.23,75.3,1.009,2.892,13.27,5205.5,0
28.05,37.42,65.73,1310.9,1270.0,47.97,14.9,5.688,6.204,17.15,425.0,0
27.89,37.91,57.58,1268.0,1412.4,42.69,0.9,1.642,8.07,12.64,320.9,0
24.66,35.24,57.38,2016.6,2061.8,29.4,1.8,0.128,7.15,16.61,5486.3,0
28.25,39.07,62.09,1310.2,1396.5,42.39,32.9,0.947,3.839,14.84,4160.8,0
24.14,34.76,68.65,1670.3,1669.3,37.46,63.7,1.634,4.426,12.52,2310.3,0
25.26,35.14,62.33,1709.2,1676.8,30.65,24.3,0.403,5.342,9.38,3990.8,0
29.46,40.24,71.78,2561.9,2501.5,24.1,68.3,1.921,3.776,16.53,4487.6,0
28.53,39.79,68.1,1202.5,1193.0,46.25,68.8,2.145,4.446,11.05,5157.5,0
29.82,40.7,79.14,1283.9,1186.1,44.46,31.0,1.24,3.282,16.98,2686.8,0
26.31,36.27,72.84,1328.0,1221.3,45.57,2.1,0.12,6.51,8.69,4695.9,0
24.55,33.71,66.43,1630.7,1607.0,32.72,17.1,4.529,7.112,12.13,4237.7,0
26.37,35.51,67.05,1355.4,1340.4,41.71,57.9,0.321,4.471,6.24,1260.9,0
27.05,36.37,71.22,2396.7,2381.6,26.25,42.0,1.01,4.977,10.89,5694.5,0
27.01,37.27,60.1,2111.3,2140.6,30.13,32.2,2.406,4.045,13.1,1846.7,0
29.12,39.64,70.39,1470.1,1436.6,40.34,32.2,2.035,6.341,20.26,3962.2,0
26.13,34.71,59.95,1459.0,1486.6,42.62,138.3,0.728,4.418,20.71,2915.6,0
27.55,37.05,80.67,2408.1,2409.8,23.71,45.8,0.715,4.072,19.02,2970.5,0
24.87,35.12,59.06,1938.7,1923.6,29.42,96.4,1.516,6.583,17.26,5718.6,0
27.75,36.85,68.56,1654.4,1594.7,36.35,3.6,0.544,7.283,15.68,1360.8,0
26.86,37.29,72.4,1414.4,1522.4,49.59,16.5,1.497,5.671,12.48,3505.8,0
25.35,35.04,65.71,1951.4,2033.1,31.87,14.9,2.557,2.982,14.01,5200.6,0
26.38,35.65,66.8,1273.7,1258.4,41.41,13.6,0.929,7.169,12.2,1541.6,0
26.48,36.53,65.19,1308.6,1365.8,42.45,5.2,1.278,3.088,19.22,3347.4,0
26.31,36.7,62.15,1449.5,1477.9,37.5,37.4,1.866,3.611,13.27,4381.7,0
30.39,39.54,68.75,1349.0,1397.9,42.68,86.7,3.39,4.91,19.41,4176.4,0
26.65,36.41,74.87,2298.1,2266.4,26.55,64.4,1.972,5.91,9.37,3524.0,0
26.36,36.83,72.49,1856.0,1924.5,33.44,25.8,0.868,4.832,21.07,1916.5,0
22.66,31.89,64.04,1283.4,1210.1,54.34,78.4,2.838,7.446,11.99,4115.4,0
25.06,33.4,74.47,1066.4,964.9,55.05,8.1,5.654,6.756,14.57,4861.3,1
26.32,34.79,79.12,1200.9,1187.3,48.43,9.4,6.984,6.094,17.72,3954.0,1
25.48,35.06,68.8,1145.0,1114.3,51.0,7.0,1.093,3.487,9.4,4277.1,0
29.61,38.29,65.75,2767.9,2798.4,21.74,32.3,3.151,7.498,14.89,4936.0,0
26.52,36.17,66.17,2010.3,1925.7,30.51,37.7,0.942,5.273,13.12,250.1,0
29.43,41.09,71.84,1525.6,1534.2,36.89,1.4,0.711,3.971,19.72,351.6,0
26.97,35.59,56.25,880.0,847.6,64.16,1.3,3.19,4.528,12.38,821.6,0
26.92,36.64,67.18,1545.5,1621.2,36.87,18.0,1.449,7.566,20.58,3259.1,0
26.67,38.8,63.29,1131.1,1053.2,47.45,2.3,1.478,5.875,15.45,4668.0,0
26.86,37.27,63.66,1351.3,1425.1,43.78,61.2,0.552,5.179,11.77,2740.1,0
30.29,39.92,70.94,1452.9,1511.5,43.56,29.4,0.619,4.674,16.07,2945.4,0
22.21,32.05,64.19,1658.0,1653.3,39.76,11.1,0.739,6.237,15.57,481.6,0
22.85,33.28,58.02,1951.6,1977.1,28.0,13.9,1.023,3.373,10.72,2072.6,0
25.76,37.46,55.45,3342.3,3382.9,12.99,24.3,1.048,5.719,13.14,1711.1,0
26.88,36.35,66.84,1120.0,1117.1,52.82,0.8,0.247,4.763,15.29,4927.4,0
28.23,37.47,68.14,1729.6,1775.2,33.84,62.8,2.413,3.384,19.91,4725.8,0
27.8,36.42,81.8,2968.0,2944.4,21.33,12.6,4.477,4.975,20.36,793.1,0
26.08,36.18,66.41,1354.3,1400.7,44.38,4.8,0.552,3.299,13.67,5638.5,0
28.89,37.48,70.32,1451.7,1430.2,44.19,14.7,1.366,4.608,18.5,3320.8,0
28.91,38.45,66.1,1184.1,1170.4,47.68,48.8,2.696,2.198,21.72,3747.9,0
27.22,36.31,62.27,1198.7,1240.0,51.16,5.3,3.049,4.504,13.17,1939.1,0
28.78,39.85,77.74,2035.8,1972.9,30.81,4.1,0.985,3.671,12.62,2206.1,0
27.4,36.89,59.01,1865.1,1933.7,31.25,32.1,2.799,5.386,14.32,2531.0,0
25.73,36.12,65.27,1793.9,1781.8,36.81,13.5,0.451,5.217,18.74,1048.0,0
28.25,36.64,78.99,1163.0,1188.1,48.22,1.0,3.653,6.628,18.75,4075.0,1
27.07,37.2,72.12,2708.6,2710.2,18.97,93.0,1.02,7.287,14.54,2467.0,0
26.85,35.65,70.56,1327.0,1355.3,41.28,54.2,4.73,7.334,17.26,2825.3,0
29.8,39.37,67.63,1166.6,1143.5,49.32,245.8,6.118,5.498,10.11,3562.7,1
21.95,34.16,59.65,1104.0,1124.7,48.91,43.2,5.921,5.494,10.42,3909.5,0
24.01,34.95,65.56,1241.1,1220.5,47.09,79.3,0.488,3.978,17.89,1780.0,0
24.48,34.35,59.25,1094.1,1229.1,50.63,44.5,0.868,5.221,7.01,5091.1,0
26.12,39.32,75.48,3342.3,3304.9,12.53,11.2,2.362,7.533,12.05,1521.4,0
26.34,35.43,62.99,1016.1,1059.6,56.13,157.5,3.185,4.113,19.71,2963.9,0
23.84,35.0,61.76,1275.2,1226.6,43.3,104.6,2.012,8.434,16.2,620.2,0
24.88,33.35,76.17,1099.2,1044.2,53.35,2.9,6.163,2.895,19.62,1431.6,1
25.13,34.88,68.74,1997.7,2028.9,28.25,30.5,5.788,5.747,14.66,4516.9,0
31.76,40.42,63.78,2707.0,2545.2,22.46,5.4,1.296,4.218,24.98,3166.0,0
30.45,40.71,72.54,1232.1,1169.6,57.86,31.8,0.949,2.026,22.26,1767.2,0
26.03,36.08,64.72,1982.1,1931.7,30.73,28.7,1.856,6.894,12.79,555.5,0
26.12,35.82,60.71,1605.2,1631.9,36.89,68.8,2.512,5.612,4.89,4588.2,0
24.55,35.64,61.9,1228.7,1212.3,45.27,45.7,0.878,6.134,12.92,2710.5,0
23.03,32.47,67.93,1295.2,1211.8,47.73,35.4,0.562,4.347,25.84,5657.4,0
26.62,36.94,68.49,1151.7,1139.2,50.78,75.1,2.747,6.669,15.22,3116.2,0
24.85,35.67,65.66,1420.6,1411.5,42.23,81.7,0.066,4.824,9.54,1701.7,0
26.68,35.2,57.47,2091.9,2110.8,29.46,106.6,0.586,6.931,16.17,2478.1,0
23.65,32.9,71.59,1268.7,1178.6,47.07,36.1,0.582,4.756,13.38,4639.6,0
25.33,35.38,56.9,1138.0,1134.3,47.23,31.6,0.867,6.927,10.64,1505.6,0
27.15,37.78,64.68,2760.3,2765.4,21.85,74.6,2.641,6.105,7.77,2662.2,0
27.58,39.0,58.12,1157.9,1172.9,54.19,33.2,4.138,7.777,12.71,4037.8,1
27.68,37.47,70.42,3342.3,3369.5,15.13,46.3,1.374,6.113,14.39,5772.6,0
24.21,33.89,60.07,1188.9,1207.3,50.34,33.1,3.525,7.193,19.12,5907.7,0
28.56,37.69,70.78,1727.2,1774.7,33.66,110.6,4.332,5.999,14.89,1080.7,0
25.25,35.58,64.02,1298.4,1357.4,47.06,91.7,1.189,6.848,15.67,1839.1,0
28.12,37.82,69.48,1385.8,1319.6,45.1,20.1,2.177,5.641,10.32,5317.3,0
26.83,36.55,66.83,1347.1,1359.8,39.63,46.5,0.743,5.63,13.01,1259.4,0
24.1,34.0,58.16,1316.7,1348.4,44.51,47.5,0.206,7.452,15.19,2683.6,0
26.22,36.77,71.67,1723.7,1700.9,39.14,12.6,1.37,5.633,14.1,670.5,0
27.58,37.02,68.84,1135.2,1113.7,47.14,39.8,1.636,3.162,16.38,4459.7,0
28.08,37.3,85.6,952.9,1071.9,61.85,78.7,2.059,6.086,11.73,2423.1,0
26.57,37.0,56.76,2242.9,2230.6,26.59,12.4,1.356,7.521,17.84,5996.7,0
29.91,36.89,73.25,3342.3,3395.2,8.12,98.0,1.886,5.819,21.26,3312.2,1
28.87,38.26,76.48,1648.5,1706.8,35.84,30.2,1.017,5.473,7.43,2825.4,0
26.34,35.19,61.57,1862.5,1929.6,35.16,51.9,3.093,4.742,14.3,2308.0,0
28.35,39.55,72.84,1506.0,1575.7,36.22,8.0,0.36,4.629,22.13,3378.4,0
30.72,40.28,77.8,2056.6,2066.6,30.74,94.7,1.326,4.226,7.75,3241.3,0
30.77,40.21,78.32,1256.5,1261.0,48.72,11.6,0.929,5.179,11.78,1850.6,0
24.39,34.35,55.04,2270.5,2267.5,26.19,8.7,1.095,3.435,19.25,5623.0,0
25.0,34.4,66.19,1324.3,1336.6,44.51,17.8,2.807,2.55,15.73,5141.1,0
29.82,39.42,80.49,1271.3,1271.3,46.38,9.6,5.043,5.381,14.83,511.3,0
24.73,34.83,71.55,1433.6,1425.6,43.16,73.7,0.81,6.696,9.58,1803.2,0
24.2,33.78,64.6,1278.5,1208.9,44.87,16.0,0.433,3.151,17.05,610.9,0
25.88,35.45,67.39,1231.2,1267.2,49.49,12.0,0.618,8.844,19.76,2880.9,0
27.69,36.68,68.48,1460.8,1428.5,40.54,55.3,0.586,6.846,16.42,4809.8,0
26.65,35.49,68.14,1593.9,1603.8,36.54,12.9,1.406,5.839,12.7,4793.6,0
25.55,35.61,63.26,1280.6,1255.7,44.86,27.6,2.774,7.864,14.3,4931.5,0
25.5,35.81,59.48,1262.9,1207.5,46.0,12.1,1.027,4.885,11.38,1488.0,0
25.43,34.0,61.12,1240.2,1198.9,48.9,21.6,3.692,6.072,14.58,5603.2,1
25.09,35.85,65.81,2636.2,2688.3,22.88,108.7,2.828,3.117,8.73,5650.5,0
31.41,42.18,69.33,1644.5,1571.5,38.16,52.2,0.417,5.669,13.07,1758.1,0
27.45,38.42,66.54,2023.4,2016.8,29.35,6.3,1.438,6.388,18.05,2444.2,0
28.62,38.92,75.55,1260.1,1289.7,45.61,13.7,2.059,5.096,15.15,4933.3,0
25.87,36.51,68.56,1267.7,1245.8,47.27,59.4,0.528,5.161,14.25,2186.4,0
26.48,38.66,68.05,1581.8,1551.6,37.26,14.7,1.445,3.753,11.45,2059.7,0
25.42,35.12,67.64,1929.2,1910.0,32.71,82.0,2.812,7.781,15.48,3519.3,0
21.55,30.5,55.98,1290.7,1256.4,45.97,8.7,0.988,2.783,16.29,5012.2,0
24.09,32.56,62.25,1660.6,1594.2,38.67,12.3,2.1,8.063,11.93,1132.3,0
23.23,34.98,66.49,1189.0,1182.7,54.26,34.5,0.295,4.317,12.87,4946.6,0
22.35,34.12,60.64,881.6,786.1,57.73,5.1,0.726,2.974,8.8,4811.1,0
24.46,33.53,69.69,1218.1,1210.4,50.01,31.4,0.517,5.174,18.21,5605.5,0
29.5,38.77,68.15,1219.3,1262.6,42.33,9.9,1.168,5.214,21.64,1053.2,0
26.76,36.44,63.4,929.1,928.2,58.26,74.5,0.681,5.659,12.89,4103.5,0
29.43,40.66,66.09,1417.6,1439.0,42.41,38.3,3.925,4.502,17.48,4375.7,0
27.67,36.38,62.18,1613.6,1614.5,35.21,43.4,1.793,7.843,19.02,184.1,0
28.42,36.45,60.55,2009.8,1992.1,33.25,116.8,0.497,6.481,14.58,1729.9,0
25.05,37.22,73.59,1827.0,1816.8,32.96,0.7,0.922,5.614,16.91,5367.7,0
27.9,38.21,70.52,1376.7,1430.0,39.94,48.6,0.942,5.052,11.7,1184.7,0
28.31,38.76,69.11,1241.2,1275.3,44.63,45.0,2.844,9.335,18.24,5678.0,0
25.7,35.49,64.08,2370.5,2396.2,25.85,79.6,1.946,5.049,12.58,2915.4,0
27.97,38.43,59.88,1643.5,1708.8,35.51,1.7,1.379,5.345,16.11,576.3,0
27.98,36.47,70.34,1346.2,1394.4,42.13,76.7,5.577,5.397,18.84,3404.4,1
25.75,34.91,60.01,1269.8,1240.4,46.44,4.3,3.105,7.276,15.98,1655.9,0
24.6,34.71,56.94,1524.7,1490.5,39.74,30.7,5.644,5.624,18.37,4703.6,0
24.48,32.21,68.46,1476.4,1506.8,42.45,13.9,4.438,4.148,10.11,452.3,0
27.02,36.72,67.5,2167.7,2183.8,27.61,124.6,1.545,6.256,17.11,1241.9,0
27.5,37.14,52.6,1816.2,1866.9,30.88,6.0,1.08,6.488,14.27,5576.7,0
25.26,34.96,58.35,1453.4,1455.8,39.39,3.9,1.79,4.54,15.0,82.5,0
26.9,36.35,72.74,1476.3,1498.4,45.11,88.9,2.494,6.343,14.64,3702.7,0
27.99,37.0,67.45,1509.0,1572.3,42.31,16.0,0.823,8.726,14.26,3982.1,0
28.09,36.26,62.0,1804.4,1742.9,31.51,3.9,1.625,7.84,20.68,4030.7,0
29.95,40.1,73.05,1585.2,1567.0,37.63,63.5,3.189,7.273,17.44,2011.0,1
29.4,39.1,62.7,1213.4,1266.9,55.12,33.2,4.0,5.739,4.72,1607.3,0
24.85,33.47,62.3,1161.6,1159.5,45.44,66.4,0.683,5.661,17.99,5517.2,0
30.22,40.28,84.55,1351.9,1365.2,38.37,11.4,0.304,7.219,17.1,5319.3,0
25.79,35.49,77.94,2131.7,2106.4,29.74,59.7,0.281,2.862,12.1,3335.8,0
28.94,38.48,65.6,1891.5,1914.3,32.87,21.2,2.857,5.26,16.39,5940.4,0
26.99,34.83,65.07,1469.8,1469.9,40.07,65.9,3.48,4.405,14.9,1584.8,0
26.03,36.71,70.66,1295.0,1274.5,42.76,10.5,1.021,4.552,15.83,3247.9,0
23.23,32.0,68.46,1260.6,1291.8,45.66,1.0,2.495,6.057,11.87,5525.1,0
26.51,36.57,64.29,1463.7,1432.3,43.88,26.1,3.195,6.334,9.33,1361.1,0
23.73,32.92,60.73,1635.2,1661.7,36.3,9.8,1.88,4.282,20.27,2443.5,0
28.78,38.4,66.54,1488.3,1509.3,34.89,1.2,5.035,2.99,13.05,5019.2,0
29.88,41.04,63.58,950.1,965.2,60.47,1.4,1.266,7.132,12.34,5706.7,0
25.26,35.79,59.43,1621.2,1664.8,34.44,17.5,2.416,5.927,17.01,5.9,0
27.45,38.58,68.3,2193.3,2307.1,27.08,42.6,0.041,5.193,13.2,1563.9,0
25.4,35.73,61.89,2336.2,2279.0,23.61,63.0,4.256,4.045,15.97,169.7,0
25.59,35.99,63.9,1723.2,1685.0,36.47,13.7,1.677,5.998,11.9,3454.1,0
28.4,36.62,70.45,1179.2,1165.3,49.4,30.5,4.404,4.734,17.93,1081.2,1
26.77,36.46,67.1,1552.2,1525.1,34.24,21.3,2.466,4.717,18.93,3829.4,0
30.33,40.1,67.98,1171.9,1106.4,54.78,67.0,3.032,6.822,15.77,4484.3,0
25.89,37.11,76.27,1560.8,1514.0,39.93,45.4,1.399,6.356,10.86,1301.3,0
28.85,38.34,74.16,1135.4,1213.0,51.1,31.1,2.862,6.181,16.58,3243.9,0
27.04,37.31,66.73,1891.1,1844.1,32.42,7.6,1.195,7.034,12.05,462.3,0
28.44,38.67,63.95,1916.9,1954.0,32.58,10.4,3.591,3.836,15.89,5719.8,0
25.96,37.11,68.76,1520.4,1494.9,40.91,20.2,2.556,6.864,7.31,4076.6,0
26.75,36.62,65.24,1525.4,1533.0,44.83,25.0,0.601,6.856,18.73,3845.9,0
26.62,37.45,64.22,1594.6,1574.0,38.21,110.5,0.577,7.282,16.11,4861.1,0
25.18,33.47,60.43,1289.4,1261.1,42.92,19.7,7.474,6.635,16.6,4942.1,1
28.17,36.56,67.47,1389.8,1376.2,45.88,17.7,0.213,5.622,19.02,1470.2,0
28.15,35.87,63.17,2252.0,2317.4,25.79,42.7,1.204,6.396,8.25,3405.8,0
28.04,38.82,65.27,1503.6,1498.2,36.59,16.3,2.686,7.193,11.76,1801.7,0
29.92,40.6,71.65,1855.6,1852.1,34.81,5.9,0.899,5.565,13.47,3711.7,0
29.75,40.65,75.33,1755.4,1770.1,35.3,50.9,1.675,6.868,5.9,1764.7,0
26.1,35.42,89.06,1160.0,1238.3,44.07,19.9,0.865,0.65,15.99,3851.7,0
27.6,37.03,65.01,1690.0,1677.0,34.95,13.3,0.559,2.918,10.71,4430.3,0
25.6,35.48,73.6,3207.9,3180.5,19.95,73.7,3.41,7.022,19.95,1411.8,0
26.9,38.34,74.46,1485.4,1456.1,37.63,54.7,0.681,6.022,11.48,4890.7,0
25.65,37.34,65.9,1944.9,1960.5,29.36,68.9,0.798,6.155,19.45,1088.2,0
30.09,40.88,60.27,1401.3,1351.5,44.96,55.3,1.14,4.832,11.04,2262.5,0
27.58,37.91,67.48,1339.7,1281.7,48.06,67.5,1.189,2.928,19.7,411.2,0
26.41,37.75,60.49,3342.3,3318.9,18.25,79.0,1.295,7.307,14.01,1659.2,0
29.24,38.98,67.07,1902.8,1912.4,32.26,14.9,3.283,6.584,12.21,4736.7,0
22.51,32.12,59.85,1317.5,1268.9,43.53,12.3,1.75,7.387,22.16,569.6,0
22.82,32.69,65.05,2390.6,2446.8,25.91,167.9,0.972,2.4,18.8,452.4,0
28.44,37.46,61.24,1442.0,1476.4,47.83,31.2,1.28,7.064,14.34,1270.8,0
26.97,36.8,68.48,1169.6,1180.5,50.49,49.6,2.184,6.937,8.24,5694.0,0
27.35,36.23,67.94,1726.0,1772.4,38.38,23.7,0.138,6.359,11.13,2047.5,0
24.2,35.22,64.71,1793.5,1796.5,32.26,4.3,1.163,5.631,15.48,5777.5,0
26.8,37.35,69.84,3342.3,3427.5,16.89,88.2,3.777,4.539,12.67,2890.5,0
30.86,42.29,70.05,1274.7,1222.1,48.14,67.1,1.439,6.35,11.13,2063.9,0
28.5,36.87,59.68,994.2,906.8,60.03,46.9,6.207,5.375,15.28,5699.7,1
27.19,39.09,67.65,1113.8,1048.3,57.96,37.0,1.262,6.574,18.53,5607.9,0
25.97,34.4,61.61,1482.1,1494.7,38.05,44.7,3.315,4.82,22.22,5843.8,0
26.06,34.86,70.35,2068.6,2107.0,29.07,31.3,4.083,5.123,11.37,893.8,0
22.59,31.97,64.25,1275.2,1322.8,48.38,23.3,0.061,4.226,12.41,1754.3,0
27.37,38.67,75.36,1404.4,1495.8,38.73,102.2,4.777,5.465,19.24,3700.6,0
28.54,38.77,67.14,1267.4,1241.5,44.78,26.5,0.435,5.557,10.84,374.5,0
23.7,33.45,57.78,1442.9,1454.6,43.03,24.2,2.724,7.387,12.89,5453.1,0
25.53,34.73,71.69,1494.9,1382.5,40.93,8.6,2.753,5.694,15.57,1897.9,0
24.54,33.16,68.39,1363.5,1311.3,50.29,52.0,0.535,1.295,19.52,4503.7,0
24.92,36.05,71.01,1271.7,1317.9,50.66,48.2,1.191,9.251,8.78,2402.4,0
26.96,37.76,69.12,1812.1,1796.4,34.77,55.7,1.753,4.625,14.27,872.7,0
22.68,34.03,63.59,1998.6,1999.4,30.77,0.1,4.927,3.016,10.82,4015.2,0
28.08,38.48,70.88,3342.3,3311.2,15.01,91.1,1.685,7.13,19.71,3250.7,0
28.36,35.72,67.2,1581.3,1550.9,36.54,12.7,1.886,6.797,16.55,4416.3,0
26.35,35.1,71.65,2052.5,2033.2,29.07,75.1,3.137,5.014,14.16,2334.2,0
21.89,32.35,68.16,1280.2,1350.9,44.19,17.4,0.864,3.676,14.07,4134.7,0
24.86,34.49,63.75,1491.4,1567.0,36.64,74.1,0.772,5.893,16.97,5642.9,0
29.32,38.76,70.29,1548.5,1518.0,37.73,23.1,2.435,4.903,12.16,103.7,0
21.29,30.19,58.52,1111.2,1162.6,48.12,33.8,2.008,5.569,13.9,5412.7,0
26.15,37.1,62.13,1371.7,1437.8,43.97,44.4,1.162,5.607,13.21,5812.9,0
24.49,34.95,74.29,1576.3,1559.9,38.83,34.9,3.062,2.632,14.77,4411.9,0
28.46,38.96,78.6,1037.4,960.3,56.86,10.0,4.159,4.651,19.15,2103.8,0
25.5,34.87,67.86,1242.0,1306.7,47.38,21.2,3.02,4.81,11.79,3998.2,0
27.66,37.83,69.59,1681.1,1620.5,35.84,21.9,1.102,5.369,17.64,3183.5,0
27.98,36.64,62.1,1680.2,1602.2,36.29,7.5,1.601,5.537,15.86,3270.5,0
30.52,40.39,63.51,1219.6,1243.3,47.88,51.9,0.885,3.038,14.14,2863.1,0
26.44,33.92,55.92,1278.8,1250.8,42.03,1.1,8.255,5.165,18.58,4675.2,1
27.6,36.03,69.8,2215.5,2280.8,28.79,7.7,1.556,5.099,15.02,2899.1,0
23.88,33.56,72.32,1350.1,1289.3,48.95,17.1,0.33,5.133,16.52,4193.9,0
29.23,41.61,74.96,1055.8,1034.0,52.57,173.5,2.377,7.066,19.54,209.8,0
25.33,33.53,64.45,1210.7,1204.3,51.81,16.1,4.272,7.082,14.87,631.2,1
25.73,34.48,57.75,1057.0,1116.5,55.43,2.8,1.426,9.664,13.11,4965.3,0
26.81,37.02,61.62,1074.4,1035.8,60.69,50.1,0.353,3.894,17.04,4988.2,0
23.72,35.49,73.26,971.3,957.7,57.3,83.3,0.861,6.878,14.66,4209.7,0
27.31,37.51,75.04,1521.6,1364.3,43.41,15.9,1.715,6.01,18.92,2305.6,0
28.78,39.49,61.27,1703.4,1702.9,37.92,11.2,2.69,5.023,23.11,5488.6,0
27.44,37.1,73.73,2638.8,2525.0,21.7,1.8,2.115,6.027,21.04,1788.2,0
23.67,33.16,60.22,1508.9,1573.6,40.11,24.8,0.749,7.271,11.23,1966.0,0
26.6,36.68,62.47,1371.1,1377.9,45.19,42.3,1.0,5.067,17.65,2404.2,0
28.33,37.68,64.06,1374.7,1456.8,40.44,29.7,0.676,7.045,7.76,234.8,0
23.09,33.82,68.97,2750.5,2721.3,21.12,36.5,1.251,5.951,16.27,1327.4,0
24.7,33.09,58.13,1589.6,1595.5,37.13,31.4,2.62,5.619,13.99,442.1,0
28.6,39.49,73.29,1240.4,1176.5,46.45,59.7,1.039,9.05,16.8,3188.0,0
27.39,37.43,68.15,1801.3,1794.7,29.74,8.7,1.216,4.153,14.82,4171.2,0
27.67,37.46,68.94,1443.5,1456.1,41.66,46.0,1.468,6.552,13.13,3540.8,0
30.57,38.93,65.94,1493.3,1481.4,44.32,26.7,0.43,7.171,15.65,3992.1,0
27.79,36.81,64.36,1354.3,1391.8,51.18,50.6,1.773,6.19,19.52,4919.7,0
28.17,39.36,78.09,993.6,942.9,57.13,75.9,1.638,5.088,23.91,5883.2,0
32.27,42.06,74.71,1529.2,1631.2,36.22,25.7,1.683,5.874,20.11,755.9,0
26.42,36.7,71.22,1311.0,1329.0,41.84,10.4,0.675,3.46,18.14,888.8,0
25.25,34.37,59.98,1553.9,1484.7,42.15,3.9,4.682,4.199,18.53,5067.0,0
27.71,37.68,74.26,1415.6,1414.2,46.49,50.5,4.879,6.791,14.34,3413.4,0
27.73,36.36,65.6,1403.5,1373.8,45.37,48.0,1.2,4.664,14.69,5729.2,0
25.8,35.9,75.41,1154.4,1179.9,54.25,67.7,0.224,3.875,17.83,2397.2,0
24.79,35.16,62.46,3342.3,3257.9,16.69,113.4,0.061,6.074,8.36,4421.9,0
31.47,41.79,67.35,1303.9,1299.6,44.18,53.0,0.595,4.774,16.62,2036.8,0
27.5,36.6,70.34,1342.7,1434.8,44.87,16.9,0.634,6.255,14.42,4073.6,0
25.39,35.04,68.01,1655.5,1671.8,37.65,35.9,1.295,8.334,14.06,3732.3,0
28.68,39.22,61.28,3342.3,3248.9,17.36,2.7,0.857,5.329,10.68,3296.9,0
26.63,36.42,63.32,1506.6,1515.5,39.39,68.8,1.017,4.861,15.77,1747.5,0
26.34,36.06,67.34,1856.5,1845.1,32.89,58.9,3.068,3.944,12.15,5137.3,0
27.97,39.88,71.29,1051.8,1091.3,56.78,5.5,0.946,4.316,15.81,683.6,0
24.27,33.32,64.68,1437.0,1458.9,43.75,46.1,3.832,4.888,15.29,5156.7,0
27.56,38.64,65.83,1864.0,1883.3,32.05,79.6,1.507,3.272,12.41,1556.0,0
30.68,39.52,77.37,2972.6,2949.2,19.47,139.5,1.589,6.956,19.32,4794.4,0
27.78,38.44,60.95,1347.7,1253.7,45.91,31.3,2.721,5.043,14.09,5744.7,0
26.1,36.81,74.1,1182.3,1193.3,46.96,35.6,3.071,6.329,17.08,457.7,0
25.84,35.33,66.58,1386.1,1331.5,37.84,29.4,2.063,6.128,10.87,2931.4,0
26.03,34.81,67.49,1343.7,1385.6,46.04,5.6,1.499,6.236,13.96,5806.1,0
26.34,34.37,63.04,1659.3,1609.2,36.52,19.0,1.049,5.156,11.16,116.6,0
26.09,35.48,75.04,1227.9,1365.7,50.67,22.2,0.249,6.815,15.1,128.6,0
28.68,39.21,70.77,1149.3,1093.8,49.93,8.7,2.862,6.966,16.28,2875.0,0
23.38,32.31,51.68,2298.8,2312.2,23.61,30.5,2.334,5.869,16.25,3140.3,0
28.57,38.67,68.18,2446.1,2344.6,26.05,61.5,1.021,3.701,21.64,3801.4,0
26.09,34.61,67.64,1042.3,1137.7,60.31,134.5,6.41,7.771,20.02,4255.5,1
27.6,37.37,65.94,1177.7,1130.5,49.32,16.5,3.162,4.664,9.13,984.3,0
24.6,33.45,56.14,2215.3,2230.5,27.38,17.5,0.062,6.997,18.22,1298.8,0
29.51,39.43,62.06,2437.4,2462.9,24.3,59.1,1.514,6.188,12.16,363.8,0
29.34,38.84,62.73,1455.8,1496.4,42.08,36.5,1.318,4.158,18.09,194.9,0
28.77,37.58,73.95,2100.4,2126.8,28.58,11.1,2.87,6.057,8.26,2268.4,0
23.82,33.16,63.05,1575.4,1567.4,36.83,14.7,2.308,4.773,14.25,5189.1,0
28.51,37.57,73.39,1444.4,1488.1,39.53,20.8,0.539,4.714,16.38,3461.9,0
27.66,36.35,67.86,1680.8,1684.0,39.1,4.8,0.924,7.561,11.22,2455.6,0
23.64,34.72,63.61,1161.2,1077.3,51.27,33.2,1.664,3.666,20.27,536.0,0
26.8,36.44,57.78,959.1,913.6,58.35,1.7,0.963,5.664,22.98,4398.4,0
27.58,35.38,66.17,1626.6,1680.1,35.21,50.2,0.461,6.967,14.69,5381.5,0
27.96,37.34,63.78,2007.1,2047.2,28.69,26.4,0.617,5.639,18.13,407.6,0
27.2,38.12,67.14,1337.2,1255.7,43.89,48.3,4.238,4.227,18.55,4116.4,0
27.43,36.67,74.53,881.8,858.5,56.31,3.8,1.048,6.37,12.54,3844.8,0
29.8,41.29,65.99,1729.9,1675.7,35.97,128.3,1.942,4.753,12.44,5428.6,0
29.3,38.45,78.49,1112.8,1107.0,48.5,4.5,0.178,4.996,16.41,3229.4,0
21.12,31.62,60.98,1834.8,1819.4,31.63,27.8,2.618,2.43,20.88,809.5,0
26.22,37.25,74.43,1486.6,1491.0,40.21,67.5,2.011,6.991,19.04,2764.6,0
26.52,36.97,66.1,2094.7,2143.9,28.38,12.6,2.777,6.467,9.01,5784.0,0
23.35,31.97,56.06,1481.1,1482.8,40.11,35.5,0.422,6.511,19.8,3793.6,0
27.04,36.1,67.11,1522.4,1495.1,38.84,58.0,4.846,4.121,19.66,520.7,0
29.35,40.52,63.33,1314.7,1349.8,46.08,32.0,3.354,3.833,3.61,3027.9,0
24.68,33.87,63.49,1043.7,1056.0,57.78,103.3,0.4,6.235,18.01,3695.6,0
27.52,38.5,65.05,1819.9,1782.0,36.11,11.4,0.932,5.786,15.18,1040.3,0
25.02,34.59,60.58,3125.5,3082.5,20.0,3.3,2.014,8.396,20.25,4899.0,0
25.51,35.65,72.64,1460.2,1452.3,37.98,34.8,0.436,6.452,19.0,282.7,0
29.8,38.42,74.9,1323.3,1285.8,42.99,24.2,4.117,4.171,17.28,4376.2,0
25.76,35.16,57.88,1624.9,1570.4,42.02,69.5,2.509,4.057,15.73,2748.3,0
27.77,36.9,69.55,1459.0,1499.9,38.43,42.9,0.946,5.928,16.51,3222.3,0
23.11,33.33,58.9,1018.1,1094.1,54.88,73.1,2.301,6.525,8.9,2735.5,0
30.57,40.67,70.97,1277.9,1367.0,41.36,58.6,0.988,7.194,8.57,1121.6,0
28.06,38.52,78.38,1506.0,1500.8,38.95,49.7,4.293,6.078,17.47,3085.5,0
26.49,35.99,72.23,1919.0,1940.2,32.22,11.1,1.654,4.563,15.51,91.9,0
28.0,37.07,63.3,2662.4,2632.4,22.53,5.8,1.933,4.854,17.62,5829.4,0
24.03,34.21,64.46,1445.7,1439.0,43.29,13.1,0.61,3.679,13.22,1310.6,0
29.22,38.19,69.58,1276.8,1231.7,42.45,60.9,1.13,7.321,12.13,4118.1,0
26.2,37.28,69.44,2065.2,2117.0,29.41,59.4,3.131,5.585,13.08,3052.7,0
26.44,36.33,64.38,1471.0,1459.2,39.56,116.6,1.206,0.84,11.82,1266.9,0
25.87,35.54,60.72,1566.2,1612.4,38.56,23.0,0.576,6.377,19.24,1852.5,0
25.69,36.15,65.83,1826.2,1866.4,33.75,25.3,0.405,5.442,17.85,1318.3,0
28.24,38.16,69.52,1744.4,1758.7,32.07,17.3,1.785,4.711,17.22,5264.3,0
27.36,35.7,63.88,1289.2,1305.9,44.05,119.9,5.104,6.71,21.7,960.5,1
28.15,37.09,64.58,1535.0,1488.3,37.74,26.6,0.133,5.866,11.94,401.6,0
26.83,37.89,70.24,1673.9,1625.1,34.09,35.0,1.84,6.546,9.82,3607.6,0
27.88,37.96,59.57,1960.6,1862.7,31.38,7.7,0.124,6.122,14.09,2118.7,0
26.01,34.33,54.17,1590.9,1550.2,38.7,32.6,1.655,5.983,16.64,2569.6,0
31.31,41.66,69.45,1138.9,1096.1,49.24,7.3,1.467,4.91,12.22,2849.1,0
23.71,33.15,68.41,1373.1,1413.1,42.07,27.4,0.927,6.93,10.67,5796.2,0
29.37,38.5,73.65,1664.0,1706.2,37.63,27.6,1.408,2.469,11.69,709.9,0
29.59,38.44,64.86,1346.5,1341.3,43.08,19.9,2.167,5.91,18.29,238.7,0
25.15,36.15,64.97,1034.7,1056.3,53.64,41.9,3.691,3.799,17.35,5055.6,0
31.31,39.34,78.92,1344.8,1293.5,44.9,113.3,4.295,5.596,22.3,4291.0,1
28.84,38.0,77.8,1398.5,1383.8,42.6,6.4,1.679,6.346,20.77,1107.4,0
28.79,38.91,67.99,1429.2,1351.1,46.39,17.9,0.535,4.966,16.19,3104.6,0
26.91,38.48,64.58,1595.6,1582.9,38.42,12.0,1.652,5.169,7.43,433.5,0
26.42,36.97,64.62,1416.0,1406.7,41.84,1.1,1.286,6.733,16.08,3716.5,0
26.43,35.59,62.59,1639.4,1576.2,35.11,41.3,1.99,3.595,15.33,3674.0,0
27.63,39.16,70.58,2348.4,2381.2,24.49,21.4,0.5,6.628,16.11,3887.3,0
29.65,38.3,64.06,1225.5,1190.2,43.43,173.9,5.06,5.193,12.43,1691.1,0
27.21,37.48,57.15,1257.8,1157.1,43.47,80.0,1.027,7.54,10.26,3280.4,0
25.03,35.51,68.69,1585.9,1539.2,37.12,189.0,1.771,4.298,16.04,3611.1,0
28.5,37.62,66.33,1185.7,1215.3,50.36,1.5,0.068,6.312,8.94,807.2,0
28.69,39.39,80.16,1750.1,1667.2,32.78,7.1,1.478,6.171,18.92,5759.1,0
28.16,37.65,63.11,2844.5,2849.5,22.29,0.7,1.832,2.766,9.35,5079.4,0
28.34,39.04,65.08,1876.2,1832.1,33.03,87.2,2.938,5.952,7.07,5308.3,0
26.31,34.47,62.16,2270.0,2231.4,24.59,11.1,1.969,6.448,16.67,4569.0,0
24.99,35.33,51.35,1340.4,1297.1,43.38,9.0,3.955,4.726,13.6,4747.6,0
25.11,34.7,65.91,1617.0,1588.8,32.48,0.9,3.092,7.502,7.32,2810.1,0
23.58,34.73,61.68,1188.1,1156.7,49.85,3.3,0.369,3.6,12.15,2954.5,0
27.32,37.28,70.86,1160.7,1201.4,49.64,23.4,4.062,3.718,17.71,5062.7,0
26.68,37.93,71.8,2019.1,2052.2,30.75,29.3,1.142,4.588,15.94,531.1,0
25.97,36.48,65.23,1994.1,2035.0,31.92,13.5,1.42,4.243,13.42,1135.0,0
20.94,30.81,62.19,1304.4,1304.2,45.34,90.8,0.31,5.982,14.92,2208.2,0
24.36,35.14,66.46,1178.3,1169.6,49.8,3.3,2.813,6.616,14.14,2600.9,0
29.09,39.89,51.38,3181.1,3187.5,19.87,17.0,1.237,3.67,10.39,5013.8,0
25.52,35.99,78.85,1365.9,1388.7,42.82,154.2,1.298,4.706,8.68,5888.2,0
27.57,35.28,52.43,3342.3,3341.7,18.02,44.8,1.544,4.989,14.25,4841.9,0
24.07,33.09,57.47,1627.6,1622.2,34.51,37.3,2.547,6.127,17.55,593.5,0
29.73,41.11,62.9,1163.7,1215.4,50.94,53.7,3.744,3.666,13.66,3277.3,0
26.56,35.31,67.41,904.3,902.5,70.1,7.8,0.287,3.523,16.27,4308.8,0
27.43,38.31,73.04,1541.4,1550.1,37.61,27.9,1.089,5.463,19.38,3333.4,0
31.5,42.21,81.79,2290.4,2340.8,27.53,43.8,0.629,5.871,9.64,2661.8,0
29.88,39.16,61.42,1906.4,2001.6,34.87,13.8,2.909,6.754,17.87,2553.0,0
26.24,34.24,62.71,1466.3,1428.8,40.66,10.1,2.378,9.182,8.67,3752.6,0
25.66,35.09,58.28,1850.5,1837.0,33.3,40.1,1.967,4.547,23.67,3808.8,0
26.2,38.28,76.24,2062.2,2105.1,30.75,164.1,1.33,4.326,12.89,1842.5,0
27.87,37.01,68.85,1586.2,1606.6,35.73,60.5,2.57,6.178,19.38,2498.7,0
26.64,35.85,69.43,1330.8,1317.0,43.96,116.7,1.658,5.743,15.38,917.4,0
26.06,35.06,61.8,1558.9,1674.0,38.31,37.7,2.147,7.043,11.07,5301.6,0
29.78,41.0,76.8,1965.3,2007.9,31.18,86.8,3.487,4.907,6.73,5215.8,0
26.62,36.38,74.66,1775.0,1746.2,33.3,26.9,2.155,4.254,16.09,3959.8,0
31.45,40.82,70.23,1573.7,1533.2,35.86,6.6,1.288,6.668,15.36,5848.4,0
27.03,38.44,64.46,2058.4,2070.7,30.01,14.6,0.774,5.605,16.04,2924.7,0
30.42,41.0,63.65,1715.7,1734.6,32.93,27.4,0.769,7.094,12.48,5275.2,0
27.56,36.65,66.7,1299.0,1288.0,46.44,45.4,0.994,5.572,15.1,4465.8,0
28.78,37.55,68.09,1610.2,1612.8,37.7,36.9,1.927,5.719,16.99,1064.8,0
25.4,36.56,70.7,2501.4,2520.0,22.47,11.5,3.711,3.046,18.67,5203.0,0
25.14,35.16,65.04,1189.9,1184.3,50.25,11.5,0.686,4.352,14.94,1010.8,0
27.77,36.22,69.95,1438.9,1439.4,44.17,25.6,3.377,6.751,7.52,3728.6,0
28.83,37.04,76.29,2210.0,2159.1,26.17,47.7,0.908,8.673,14.4,1037.5,0
26.93,35.81,55.11,1688.8,1750.0,36.35,54.6,3.749,7.704,12.47,5721.7,0
24.28,33.04,54.54,1856.0,1809.8,32.08,50.3,0.915,8.112,15.89,3977.1,0
24.13,32.08,60.99,1401.3,1470.9,46.77,10.0,0.843,5.25,15.6,767.4,0
24.0,32.9,55.16,1569.3,1630.4,36.28,55.4,0.337,6.196,17.57,655.5,0
23.31,32.4,61.53,1456.0,1437.3,39.27,51.1,1.088,6.014,12.15,1145.1,0
27.07,36.61,77.62,1552.2,1624.2,38.11,6.8,0.979,4.751,12.13,3263.2,0
29.1,40.79,78.81,2330.2,2346.5,25.2,63.9,2.167,5.561,18.98,304.0,0
26.82,36.56,70.54,1131.3,1100.2,54.05,15.3,0.72,5.88,10.68,5614.7,0
22.33,32.16,53.63,1119.6,1145.4,46.62,91.6,1.69,4.23,14.44,1204.1,0
26.47,36.98,69.0,1894.3,1866.9,32.53,35.5,0.975,6.142,15.01,2982.2,0
26.52,36.29,61.43,1470.5,1451.6,41.92,96.5,2.693,6.252,6.66,4224.0,0
31.04,41.44,72.76,1242.3,1223.9,49.74,12.8,2.443,4.27,15.14,4490.8,0
23.94,34.22,64.37,1552.1,1575.0,40.56,18.2,2.274,4.221,15.01,3008.7,0
26.07,36.19,64.6,1063.8,1076.7,55.57,1.8,0.1,5.446,15.27,667.1,0
30.26,43.03,83.58,898.9,952.2,69.18,46.5,0.703,5.784,11.24,1122.4,0
27.75,38.66,65.59,1562.6,1638.1,38.74,11.3,2.854,4.585,10.24,5289.0,0
27.98,36.89,60.6,1827.7,1851.5,34.17,32.7,0.87,7.614,9.63,224.4,0
27.08,37.45,65.21,1951.6,2007.1,30.11,82.6,2.663,9.65,19.51,2437.4,0
27.51,36.72,63.32,3342.3,3350.4,17.86,42.8,0.381,10.761,15.79,2608.4,0
28.41,38.85,70.94,1089.1,1059.6,52.48,145.6,2.088,4.9,12.18,5797.8,0
25.23,33.86,67.75,1575.9,1577.8,36.47,88.8,1.908,4.777,10.19,4845.3,0
28.61,37.5,64.12,1200.9,1217.5,48.75,31.5,1.953,4.31,9.72,4364.2,0
24.1,34.45,71.79,967.2,1042.7,50.76,48.8,4.014,6.847,15.03,2908.3,0
27.51,38.5,62.39,2052.1,2011.6,29.19,25.0,0.622,4.232,14.59,4057.5,0
27.21,37.71,63.6,2078.6,2073.1,30.69,37.7,2.707,6.398,8.35,1485.4,0
25.62,36.47,74.1,1079.0,1089.0,57.45,153.3,1.696,6.373,10.27,1384.4,0
26.8,37.18,60.77,1479.9,1516.9,39.3,20.4,4.665,7.266,11.68,4135.0,0
25.6,35.78,67.67,1675.7,1664.8,33.4,48.3,1.028,6.866,18.25,2236.4,0
24.71,34.2,57.5,2093.0,2070.0,29.55,84.3,3.102,6.055,11.38,3053.8,0
26.14,36.96,76.12,1519.0,1475.8,38.59,2.4,4.339,5.05,14.5,1662.7,0
24.64,35.67,65.61,1145.5,1117.1,55.08,6.5,0.658,6.821,18.73,829.3,0
27.5,37.43,68.82,1372.6,1480.7,46.85,2.4,0.961,7.792,18.61,2663.7,0
24.55,34.43,61.21,1543.2,1535.9,41.82,19.2,2.714,5.861,17.36,5936.1,0
28.27,39.87,68.79,1139.2,1217.2,55.89,13.0,2.197,5.977,20.63,598.3,0
24.49,34.47,63.28,1059.7,1074.5,53.96,11.7,1.263,3.461,15.76,3062.4,0
25.72,35.79,74.42,1336.1,1313.5,43.34,35.5,1.772,4.428,11.73,1758.0,0
25.6,36.09,69.78,743.3,817.0,67.76,16.9,1.224,4.498,21.39,2485.2,0
29.5,39.4,69.1,1477.5,1528.6,37.53,58.9,1.253,4.761,16.86,3514.6,0
27.51,36.69,71.76,1110.2,1108.4,50.98,27.6,0.872,8.054,11.78,2383.4,0
26.43,36.8,58.07,1752.0,1698.0,36.07,29.7,2.357,4.89,17.01,862.6,0
27.85,37.81,68.32,1131.0,1147.9,49.03,7.5,0.945,5.856,7.23,2109.2,0
22.64,34.48,66.92,1674.0,1735.9,37.52,53.2,0.335,5.409,15.47,3269.0,0
26.76,37.55,67.85,1390.8,1444.6,44.61,36.4,1.527,6.438,6.16,4438.2,0
30.85,40.25,68.92,883.7,894.6,63.9,22.4,1.928,4.75,11.68,1148.3,0
27.11,37.84,62.7,1211.0,1260.2,49.52,54.3,0.548,3.331,12.47,3265.2,0
26.99,37.29,67.34,1236.1,1208.6,44.77,27.0,1.723,7.103,10.28,5300.7,0
27.95,39.26,57.97,1806.8,1847.0,32.25,33.9,0.534,6.03,14.81,5901.5,0
28.64,38.12,72.26,1426.9,1445.9,41.88,78.4,0.748,6.979,11.68,1861.5,0
22.86,33.04,67.46,1968.4,1974.9,29.92,52.2,0.821,7.191,14.91,1338.5,0
23.49,33.39,68.6,1297.2,1408.2,48.87,4.7,2.264,4.324,19.54,5017.3,0
27.27,37.33,76.51,1150.2,1167.8,48.62,4.4,0.605,5.924,10.91,5742.5,0
25.42,34.54,58.55,1462.3,1386.4,38.2,38.6,3.012,4.394,17.62,5400.6,0
29.47,40.05,68.84,1054.3,1096.8,56.64,11.9,3.291,2.129,23.73,2265.3,0
26.22,36.64,60.19,1157.5,1292.4,55.23,5.3,0.75,4.685,15.12,4333.5,0
22.98,34.27,67.18,1357.7,1307.8,41.5,102.0,2.192,4.42,8.44,1567.0,0
24.31,34.3,70.54,1193.6,1208.2,45.66,39.7,1.931,6.649,16.32,3539.0,0
21.35,30.94,54.82,1813.0,1811.1,34.12,11.5,1.828,5.173,13.91,3805.7,0
26.38,37.17,66.86,1784.3,1814.7,37.28,26.5,3.424,6.49,20.41,4455.1,0
26.47,35.68,71.66,2024.6,2004.3,29.22,18.8,1.158,6.456,10.22,5902.9,0
26.0,37.09,69.76,1758.6,1776.7,35.22,3.1,1.73,3.737,14.03,4518.6,0
29.01,40.09,56.59,1580.7,1519.4,38.96,106.2,2.079,3.92,13.77,7.8,0
29.25,40.5,65.53,2437.0,2494.7,23.4,99.5,0.193,6.164,14.19,2688.4,0
26.51,36.89,66.99,1385.7,1372.4,45.77,70.1,2.562,3.579,12.36,4349.1,0
22.58,32.09,64.78,1313.3,1420.1,50.22,25.3,4.514,4.368,14.82,5447.4,0
28.08,38.19,73.65,1471.8,1532.9,39.92,5.3,0.234,7.161,17.94,1010.4,0
27.96,38.34,60.42,3342.3,3321.4,13.03,42.8,1.796,5.275,14.79,577.3,0
27.47,36.91,77.37,1539.9,1593.7,37.47,51.4,1.308,2.517,17.43,2272.6,0
28.81,40.15,70.82,2310.7,2370.9,26.07,11.2,1.938,3.375,19.0,4054.8,0
24.52,35.1,63.52,1688.2,1637.9,33.9,10.4,2.56,7.32,13.42,3755.0,0
30.87,39.98,79.94,1082.6,1042.8,54.52,41.1,0.882,6.487,7.92,1399.5,0
24.93,36.81,68.27,3342.3,3318.2,15.66,39.9,1.962,4.7,13.22,2386.9,0
28.35,38.45,62.83,1907.0,1802.9,31.84,7.1,3.427,5.836,9.97,4221.5,0
23.48,32.38,57.65,1357.9,1376.2,48.3,35.5,2.823,6.878,19.07,3502.1,0
24.99,34.16,67.96,1738.3,1797.6,32.98,74.7,2.394,4.129,14.89,4619.5,0
29.88,41.37,68.89,1725.2,1744.8,32.22,8.3,1.179,6.207,17.25,683.7,0
26.33,38.15,58.97,950.1,990.3,60.32,12.4,1.068,4.207,17.24,5917.5,0
28.53,39.54,65.82,1434.2,1450.1,43.78,5.4,1.827,6.159,19.39,3534.4,0
27.32,38.64,73.15,1139.7,1159.9,49.34,48.5,1.852,7.111,18.66,1.9,0
26.64,37.86,62.36,1267.2,1165.2,44.95,17.3,2.848,7.311,10.5,4299.8,0
29.58,40.13,69.22,1449.3,1490.8,41.62,29.7,1.801,5.201,11.5,332.2,0
26.38,36.71,84.26,1142.0,1153.1,52.64,16.0,2.572,6.605,14.68,1194.5,0
23.29,33.83,64.61,1012.1,1011.5,59.05,14.7,0.323,6.224,21.06,3852.8,0
25.24,35.98,61.03,2748.4,2717.5,23.16,7.8,2.343,4.67,9.21,1920.2,0
27.95,37.21,68.49,1484.8,1439.9,39.65,32.6,2.401,3.56,14.86,5142.6,0
27.64,38.37,70.64,1395.9,1396.6,39.57,20.7,3.286,7.437,17.62,5329.2,0
23.72,35.17,69.72,1623.8,1640.2,35.71,72.2,0.227,5.468,13.48,4149.8,0
25.4,35.19,67.0,1192.1,1147.4,49.81,40.5,3.914,5.156,21.74,5455.7,0
25.69,35.37,70.19,1382.8,1443.1,42.57,27.3,1.391,6.292,12.01,279.7,0
26.12,36.6,74.38,1083.8,1048.2,59.25,20.7,1.115,8.688,13.38,2465.2,0
24.1,33.45,67.51,1141.0,1143.9,51.0,3.0,2.68,2.397,17.37,2913.4,0
25.59,34.28,72.62,1051.2,1091.1,53.65,34.3,1.258,8.352,13.52,2007.5,0
25.39,36.54,63.09,2146.5,2100.2,28.01,29.3,2.085,5.312,16.98,1771.2,0
28.39,37.94,47.52,1821.4,1719.2,31.94,92.3,2.11,5.658,20.32,1628.2,0
28.47,38.49,55.64,1711.6,1695.6,32.76,12.9,6.478,4.038,13.4,3560.2,0
26.56,35.95,62.75,1247.7,1255.8,53.23,160.1,5.916,3.132,4.97,2789.7,0
26.07,37.34,62.58,1828.5,1878.5,30.33,13.9,3.127,6.192,20.31,4811.6,0
27.13,37.98,70.79,1904.7,1894.3,30.62,33.7,0.831,4.981,20.21,2815.6,0
25.22,34.98,60.11,2199.7,2219.2,28.79,37.7,2.189,4.609,7.51,935.1,0
24.56,33.38,70.07,1018.4,1093.4,67.53,37.9,0.627,4.19,14.57,4504.2,0
24.97,34.62,52.8,1791.6,1752.6,38.58,4.4,1.523,2.752,15.08,406.0,0
25.58,36.15,68.45,1327.5,1351.6,45.3,7.3,1.229,5.284,13.24,2943.6,0
24.52,34.71,69.31,2167.6,2226.5,28.59,60.6,4.722,5.695,16.36,1599.0,0
27.17,37.28,71.92,1267.5,1228.4,49.59,4.8,1.36,6.552,15.1,3808.3,0
28.31,38.52,69.9,2653.1,2621.5,22.26,36.5,2.945,5.843,14.49,3479.4,0
23.68,34.43,82.0,2005.5,2017.2,30.21,9.8,1.698,5.556,15.99,1723.3,0
26.9,36.86,59.54,1949.3,1894.9,32.69,92.1,2.974,3.862,22.36,4538.2,0
26.41,36.86,65.9,1425.2,1364.3,42.19,19.0,0.187,6.885,11.52,1884.4,0
27.53,36.55,69.83,1794.7,1775.2,32.07,51.8,1.462,4.966,11.81,4259.0,0
26.82,39.38,66.38,1055.6,1008.8,55.24,9.6,2.916,5.797,18.32,500.8,0
23.94,33.66,66.93,1297.7,1275.0,45.03,6.2,2.936,4.406,18.0,4951.2,0
24.33,34.53,62.42,1672.3,1672.4,33.1,65.2,2.489,6.813,10.41,5482.6,0
26.91,37.48,69.51,1223.7,1295.2,49.98,27.9,1.101,7.322,12.0,127.8,0
28.91,38.5,81.04,1514.0,1540.3,36.07,27.8,2.518,4.62,13.05,5657.7,0
22.42,32.43,45.52,1923.5,1932.2,34.1,30.9,2.278,7.912,12.54,1794.2,0
27.54,37.54,71.96,1164.6,1097.0,48.96,20.6,1.789,6.997,10.55,2593.0,0
29.23,38.32,72.66,3342.3,3251.1,15.47,36.1,2.778,8.584,20.6,3011.2,0
26.54,36.98,81.93,1309.2,1287.6,47.35,16.4,0.731,7.534,12.01,4860.6,0
27.95,36.3,72.39,1807.5,1842.6,32.87,14.1,1.458,5.547,16.12,1744.5,0
25.44,37.2,75.52,1623.8,1714.3,32.85,123.7,0.398,3.681,14.89,3303.5,0
26.61,37.4,66.72,971.6,984.3,59.58,0.9,0.476,6.178,15.25,992.2,0
23.61,34.25,65.9,1766.5,1844.4,34.69,9.2,0.8,3.116,16.32,4400.3,0
22.16,30.42,71.3,1172.5,1128.3,49.56,3.9,8.595,7.478,14.1,4025.1,1
28.74,37.94,72.62,1403.2,1413.5,42.79,18.7,2.888,5.9,15.21,2933.3,0
24.88,36.27,57.67,1308.1,1235.5,43.83,145.3,0.928,4.711,6.0,5838.6,0
25.94,40.09,69.28,1439.7,1409.4,37.49,9.8,1.281,5.19,9.78,2198.2,0
24.08,35.27,65.6,1527.2,1587.4,36.97,20.9,1.143,7.534,15.66,300.4,0
24.03,35.07,64.23,1193.3,1168.3,55.28,55.9,2.281,6.16,13.76,5313.3,0
26.5,37.03,64.28,1240.2,1198.6,49.3,28.5,0.768,5.474,9.96,3480.3,0
25.39,34.54,60.12,1731.3,1680.7,35.0,22.6,4.777,4.983,13.28,5406.9,0
27.61,38.6,65.99,2018.7,2060.5,29.54,5.5,4.962,5.787,18.42,5332.4,0
27.76,36.65,67.55,1724.5,1758.7,34.16,12.7,2.0,6.765,23.22,4813.2,0
27.49,36.28,73.27,1300.9,1301.6,49.81,70.1,1.165,6.312,8.97,464.3,0
27.33,36.05,83.27,1092.8,1095.0,51.79,59.4,3.575,4.008,10.21,5009.1,0
30.01,40.98,65.68,1366.7,1294.6,45.55,76.7,2.789,6.312,22.59,5995.6,0
24.71,34.66,67.23,2538.9,2500.4,23.83,137.0,0.671,4.184,14.27,3800.7,0
26.74,36.84,63.21,1308.2,1347.1,47.54,2.2,1.559,5.62,17.43,5987.6,0
29.12,39.1,69.9,1135.6,1143.9,53.04,98.2,1.505,2.588,15.81,3263.8,0
29.38,38.25,72.74,1267.9,1273.6,41.74,47.6,0.153,5.052,16.47,244.7,0
24.01,33.34,63.52,997.5,1030.2,59.8,34.0,2.639,4.635,11.02,2440.1,0
26.23,35.6,62.64,1994.8,1973.6,26.79,35.3,1.214,3.821,15.11,1619.8,0
29.57,38.16,64.33,1293.6,1371.9,46.85,4.2,6.371,5.628,15.22,468.9,1
27.87,37.36,69.58,1946.5,1874.7,29.8,18.7,3.381,6.94,18.21,2206.7,0
27.24,36.16,78.27,1060.3,1100.3,50.59,20.9,1.735,4.473,21.22,713.2,0
26.41,36.99,65.7,1189.3,1220.1,46.13,16.1,2.739,3.426,12.56,3282.2,0
26.08,36.74,68.55,1029.6,1046.7,58.01,145.9,1.462,7.88,16.39,4096.0,0
27.43,36.13,59.09,1276.2,1155.9,45.0,56.5,0.381,4.98,15.44,324.2,0
26.35,36.05,70.56,1741.2,1762.8,35.96,88.4,4.024,7.45,16.64,3208.2,0
26.76,38.62,68.48,1703.8,1673.6,35.09,83.5,4.193,4.061,16.46,4255.0,0
27.01,36.03,71.65,1575.7,1646.9,37.5,46.7,0.627,7.147,18.71,943.7,0
25.49,35.92,66.92,1827.2,1780.6,34.89,8.8,5.066,6.829,12.72,5701.1,0
27.91,38.02,65.9,1185.3,1219.7,53.47,14.8,1.307,6.81,8.18,5603.5,0
32.68,43.77,74.71,1135.0,1107.2,52.76,20.5,1.595,6.421,12.18,5078.4,0
23.3,33.59,57.7,2233.3,2150.4,25.03,17.6,2.56,7.124,12.99,4091.4,0
27.5,37.07,74.46,1667.5,1660.9,40.38,40.8,2.126,5.372,19.69,1998.3,0
25.33,35.4,67.5,1496.1,1527.0,40.62,43.3,0.247,5.245,18.12,2535.2,0
28.0,38.09,60.67,1795.9,1784.7,32.19,205.5,5.463,7.027,23.18,5338.6,1
26.94,36.85,64.59,1414.0,1416.7,44.38,1.6,1.44,8.135,14.9,2582.6,0
28.37,37.05,59.7,1104.9,1121.3,54.61,5.7,1.071,9.98,18.64,2020.0,0
29.2,40.44,59.62,1191.9,1222.2,48.92,34.5,2.451,5.844,15.13,3127.3,0
27.23,38.3,61.17,1028.1,982.2,53.47,253.0,6.361,5.013,12.42,3082.3,1
29.11,38.07,72.65,1729.3,1810.1,32.82,158.0,4.065,5.401,11.09,4743.0,0
22.16,31.86,60.17,1416.6,1384.1,40.37,4.6,3.851,4.47,2.66,2330.8,0
30.03,39.81,73.75,1809.5,1830.0,32.34,11.8,1.057,5.511,16.92,1881.4,0
27.6,36.44,67.65,1355.1,1424.8,42.39,4.4,1.341,5.528,21.13,2772.0,0
29.01,37.14,69.01,1482.5,1440.0,43.29,6.4,0.638,6.007,17.76,4866.0,0
24.41,33.74,67.73,1218.4,1238.8,49.6,44.4,3.863,6.151,16.4,5502.9,0
25.19,34.83,72.53,1119.3,1087.0,53.13,6.2,3.167,6.046,19.35,2537.0,0
27.14,35.7,56.59,1336.2,1280.9,46.89,12.9,6.272,3.743,12.44,3067.4,1
26.82,36.99,84.5,1813.3,1881.3,31.4,54.5,2.916,4.44,15.49,4690.5,0
27.42,38.58,78.73,2165.9,2167.4,26.48,14.7,0.81,4.019,13.95,1842.1,0
29.02,39.86,63.46,1273.3,1262.8,45.2,6.0,2.04,6.544,17.2,1197.1,0
23.32,33.19,62.22,1065.3,1046.6,55.01,63.1,2.192,2.671,13.17,4370.0,0
28.8,36.96,71.27,1528.2,1508.6,39.75,44.6,1.947,7.482,22.17,2595.0,0
26.87,37.58,79.13,2402.7,2318.0,24.73,23.2,0.452,6.505,20.79,1734.7,0
26.44,36.59,68.93,1059.8,1121.8,60.85,15.2,2.7,5.903,8.89,1466.2,0
23.91,34.33,78.94,1329.1,1363.6,44.89,16.5,0.91,3.917,23.48,3130.9,0
27.86,39.79,81.92,1218.4,1120.9,41.71,89.2,0.511,5.49,15.92,2512.1,0
22.02,31.2,63.81,2142.5,2148.6,28.32,10.9,2.639,3.303,15.51,5909.8,0
28.15,35.27,67.25,1499.8,1526.9,40.16,45.0,4.161,6.859,17.44,5073.3,0
23.87,32.81,51.09,1188.6,1197.7,46.87,55.9,0.493,5.585,18.51,5270.8,0
26.96,37.44,60.05,1412.1,1444.6,45.03,23.1,0.144,7.933,9.64,5642.7,0
26.61,36.64,71.03,1710.0,1757.4,33.2,21.8,1.059,7.798,18.68,102.0,0
29.19,37.97,63.29,1357.3,1353.3,39.43,72.3,2.071,5.936,13.55,2759.3,0
26.49,35.07,63.06,1833.9,1845.8,33.84,6.6,0.817,6.811,23.74,884.3,0
25.46,35.11,69.2,994.5,963.1,56.64,28.6,2.124,8.045,6.24,4232.7,0
25.84,34.59,62.25,1245.2,1360.8,48.95,39.3,1.003,3.33,14.02,4711.4,0
29.4,39.92,72.92,1762.5,1855.9,34.76,41.3,0.586,5.176,12.22,604.7,0
27.92,37.51,64.46,2318.1,2283.2,28.32,108.1,0.188,5.389,15.81,3124.5,0
26.08,35.45,67.24,1383.3,1382.4,42.78,23.9,3.531,6.768,14.05,3961.0,0
26.38,35.62,73.64,1973.2,1932.2,35.07,66.3,2.261,5.936,13.1,3243.9,0
23.72,33.98,50.75,1742.3,1807.8,35.82,24.1,2.652,5.832,8.23,299.6,0
27.63,37.67,70.38,2062.8,2085.4,28.65,11.2,0.077,3.535,13.26,2093.2,0
23.33,33.53,57.5,2028.6,2026.0,29.89,29.1,1.272,4.469,18.08,4506.1,0
28.35,38.53,76.41,1510.3,1552.2,41.63,10.1,3.918,6.522,16.57,1262.6,0
27.11,37.04,69.12,1531.2,1497.5,37.33,20.4,6.74,5.522,14.37,1148.5,0
31.62,40.59,62.29,972.1,950.8,64.97,36.4,3.055,4.984,12.26,3357.5,0
24.65,33.92,60.61,1265.7,1226.3,45.94,88.2,1.62,5.19,12.12,4969.0,0
26.64,36.25,62.95,1944.0,2001.5,28.48,6.2,0.881,6.929,11.17,4438.0,0
30.45,42.51,72.99,2488.0,2451.8,24.64,61.3,2.186,6.274,13.1,4095.6,0
29.23,37.88,64.06,1319.8,1273.1,43.98,49.4,0.29,4.64,16.3,5162.2,0
25.46,35.04,66.14,1563.2,1609.2,36.03,2.0,0.663,8.489,15.96,3659.2,0
27.3,37.4,66.22,1055.9,937.7,53.31,40.7,1.384,5.579,12.26,2633.2,0
26.85,36.55,60.1,1520.8,1529.9,42.82,86.9,3.029,4.509,9.69,3701.1,0
27.41,38.49,73.16,3031.3,3049.5,20.17,95.4,1.737,4.421,21.01,3818.2,0
25.45,35.14,77.59,1967.3,1994.2,29.81,74.0,2.517,6.354,13.15,3865.6,0
26.67,36.44,64.98,1846.8,1786.2,33.25,14.5,2.11,7.003,11.26,5398.5,0
23.65,34.47,61.77,1308.8,1346.4,44.42,4.4,1.093,7.533,15.62,5864.6,0
27.12,38.93,70.88,2010.5,1902.0,29.47,24.4,0.379,6.816,13.43,3463.0,0
27.75,39.16,71.56,1398.8,1376.3,41.53,48.9,0.864,6.17,19.83,3892.0,0
26.4,36.26,64.44,1823.7,1810.4,26.64,1.1,1.915,4.003,12.04,1250.3,0
23.62,33.57,56.8,1416.1,1493.1,40.06,28.4,0.871,6.998,10.5,4623.6,0
28.83,38.87,62.7,1434.8,1429.5,43.7,0.2,1.859,5.981,14.8,861.7,0
27.58,37.73,65.03,1082.7,1157.9,54.62,16.4,4.766,6.754,14.4,2981.8,0
25.4,34.55,72.35,1373.2,1402.4,42.46,78.3,0.33,5.93,12.51,875.7,0
26.29,37.23,65.87,1996.1,2126.3,31.83,19.3,2.564,5.33,13.2,3292.9,0
23.85,34.06,59.14,1052.1,1030.1,54.93,22.1,0.309,5.438,17.09,3223.8,0
24.8,34.75,59.7,1381.7,1370.1,38.17,51.1,2.206,6.021,19.71,3181.2,0
25.77,34.5,63.68,1096.7,1157.8,47.74,0.5,2.54,5.366,9.99,1250.0,0
29.31,39.37,70.16,1534.1,1582.1,33.87,28.4,0.929,3.382,13.95,3258.0,0
25.57,33.68,61.03,1294.6,1336.3,40.91,20.7,7.422,8.908,18.25,4681.2,1
28.13,37.55,77.21,1901.4,1932.3,31.99,0.5,2.227,4.248,18.82,1580.9,0
25.77,35.21,76.23,1355.3,1357.8,43.22,35.5,5.313,2.803,19.93,3062.2,0
27.35,37.63,66.69,1162.7,1091.3,48.04,33.0,1.042,4.798,9.57,4143.0,0
26.57,38.45,65.29,1679.9,1612.0,35.05,67.2,1.104,3.852,14.04,4753.9,0
28.6,39.17,67.78,1659.2,1679.6,34.49,46.2,0.409,9.901,16.47,3820.4,0
25.78,37.23,69.32,1406.3,1343.2,43.57,108.8,6.418,5.261,10.6,4670.5,0
23.7,34.35,60.39,1890.7,1923.7,31.75,22.9,3.531,6.94,15.1,1649.7,0
24.09,35.21,61.65,2588.0,2579.0,24.82,43.4,0.571,5.723,8.2,1828.7,0
25.79,37.64,59.18,1103.5,1166.5,43.53,44.3,2.51,2.22,10.94,2090.6,0
24.35,33.62,62.23,1647.0,1677.9,38.92,61.9,4.48,7.065,8.13,5329.4,0
27.67,36.87,63.28,1470.6,1434.6,38.71,26.8,1.106,3.744,12.01,4100.3,0
25.92,36.59,66.1,1257.6,1300.2,45.21,5.1,0.972,6.218,3.99,5657.1,0
31.6,41.6,65.71,1340.7,1372.3,46.61,24.3,0.312,3.301,18.07,2189.6,0
23.37,33.59,64.8,1474.8,1482.5,38.39,1.0,3.231,5.806,15.83,2560.2,0
27.26,37.01,65.26,2063.6,2108.1,28.77,0.4,0.882,5.295,14.35,3908.7,0
24.59,34.0,71.51,1737.3,1701.2,33.61,50.9,0.446,5.175,10.69,5744.9,0
25.86,37.48,60.85,1313.1,1285.8,45.85,56.6,2.388,5.465,6.42,1292.0,0
27.13,36.03,73.93,1222.8,1178.0,41.36,40.1,0.345,4.615,16.34,1886.1,0
22.2,32.89,66.12,1763.7,1660.3,34.5,12.4,2.01,2.004,10.84,1541.4,0
27.32,37.85,63.74,1920.7,1852.8,32.16,1.5,0.504,6.631,14.06,2134.9,0
30.66,39.08,69.84,1276.0,1257.7,46.18,13.1,6.355,7.557,19.23,4234.2,1
25.94,35.11,72.29,1527.9,1520.2,37.78,39.9,0.584,5.951,7.77,5729.9,0
27.37,36.71,70.65,1259.4,1302.7,47.53,15.4,0.937,3.28,15.32,5863.3,0
28.9,39.46,69.08,1093.4,1019.3,48.79,11.8,1.659,4.86,14.86,4030.2,0
26.52,36.16,62.77,1615.3,1568.8,36.87,28.3,1.044,5.839,29.05,5059.0,0
25.69,35.6,56.1,1111.3,1094.9,49.5,49.0,6.588,3.962,12.73,3478.7,0
22.3,30.84,58.68,1323.9,1317.9,41.38,51.5,3.562,7.233,7.11,5118.5,1
28.13,40.46,71.51,1275.0,1307.3,42.68,22.5,0.463,6.87,12.29,1837.6,0
26.62,36.69,62.79,3342.3,3267.2,18.11,21.2,4.707,4.407,8.04,1653.8,0
24.82,35.32,52.09,1942.4,2024.1,30.29,5.5,1.227,7.31,20.44,1829.1,0
27.1,36.56,76.11,1951.8,1936.7,30.83,16.9,2.447,4.669,21.29,3173.6,0
25.68,35.03,68.37,1645.4,1721.3,36.81,64.8,0.832,5.232,13.91,1073.2,0
25.79,37.71,81.19,1469.4,1507.4,41.14,34.3,1.157,5.475,17.05,4736.6,0
28.06,36.15,65.04,1285.6,1223.8,41.55,100.3,7.087,7.732,17.06,3585.6,1
24.17,34.45,67.22,1480.3,1444.1,42.86,91.3,1.87,5.174,14.23,160.6,0
28.94,37.73,67.67,1811.7,1694.2,33.15,22.5,3.541,7.525,9.8,517.3,0
24.05,33.65,65.81,1177.0,1118.6,46.91,84.9,0.439,4.221,17.5,5784.4,0
25.52,34.89,66.04,1089.0,1076.6,58.09,7.6,1.79,8.958,15.64,61.0,0
30.7,39.71,71.94,1674.7,1641.5,36.47,11.2,0.167,3.437,24.79,4009.6,0
29.1,39.14,71.86,1718.2,1655.9,33.36,31.9,1.344,6.353,14.7,3542.6,0
27.05,34.48,68.14,1815.2,1786.9,33.15,25.2,3.124,4.897,16.79,5491.1,0
24.97,34.65,63.19,1551.5,1511.8,40.85,55.3,8.482,2.022,15.74,1450.9,0
25.79,35.7,67.59,1725.7,1678.8,34.74,10.9,2.115,6.151,12.95,237.1,0
27.0,35.64,71.15,2580.6,2588.6,22.7,84.4,3.308,6.4,15.67,5273.1,0
26.93,38.44,69.25,2457.2,2367.9,25.43,34.6,1.049,7.041,14.2,5549.2,0
26.67,36.07,74.37,1121.7,1162.4,50.2,15.7,1.056,4.772,10.02,4837.6,0
26.79,36.55,72.8,1159.2,1152.4,52.82,1.4,1.54,5.691,19.18,983.1,0
26.42,35.83,59.55,1036.0,1053.8,56.0,107.1,1.513,6.693,12.68,2939.1,0
23.97,33.88,71.4,1515.5,1502.1,42.26,21.7,1.931,5.223,18.26,1402.3,0
25.82,37.13,57.98,1898.0,1877.7,30.09,14.7,0.49,4.697,15.01,3419.6,0
28.68,41.15,76.29,1913.9,1827.0,35.62,22.2,4.144,5.771,16.43,3687.3,0
24.11,34.86,62.23,2584.6,2719.4,25.09,6.4,1.687,7.871,15.63,5140.6,0
26.47,37.56,64.44,2360.0,2393.9,24.7,102.1,2.607,4.695,20.65,2088.2,0
25.21,36.93,56.09,1468.2,1461.0,42.55,46.0,3.38,5.188,20.16,1111.3,0
27.07,37.32,63.93,1427.9,1453.5,45.39,0.9,0.614,3.997,15.23,4867.5,0
26.07,37.64,72.04,950.0,939.0,59.58,2.1,3.88,5.7,18.7,272.5,0
29.8,40.6,65.93,1445.3,1389.4,39.17,112.5,2.187,7.053,15.4,1629.3,0
27.86,38.01,65.29,2298.7,2245.2,26.42,16.6,2.33,3.124,16.31,3179.9,0
24.23,34.58,64.26,1590.2,1667.5,38.78,253.0,1.463,5.099,22.9,3605.2,0
28.19,36.37,60.68,1728.7,1717.2,37.18,6.1,4.754,7.021,14.2,4883.7,0
25.3,35.59,73.47,1801.3,1844.1,35.09,120.6,3.886,4.769,19.1,3685.6,0
25.7,34.15,61.12,1281.6,1321.4,43.44,19.0,5.267,5.199,18.57,1823.4,1
27.48,35.85,64.82,2040.4,2027.8,27.86,11.9,1.355,4.633,14.75,1934.1,0
25.87,36.06,71.16,1304.2,1298.3,41.31,48.8,2.001,6.473,15.96,939.0,0
28.64,37.52,57.31,1296.8,1262.9,46.52,12.4,1.462,5.713,15.97,979.5,0
25.3,35.29,61.91,1035.9,1039.8,54.2,26.9,3.6,7.18,16.04,4997.7,0
25.61,35.75,76.44,1293.8,1339.2,43.1,27.2,3.899,4.859,16.53,3077.3,0
25.54,35.72,70.39,1293.1,1345.3,50.43,54.0,1.14,5.643,15.67,5751.9,0
25.72,34.81,73.13,1645.1,1573.4,35.56,31.2,0.96,5.379,16.39,2075.5,0
29.05,39.95,75.23,1460.3,1442.4,36.96,23.7,1.519,6.146,18.99,2803.7,0
28.11,38.02,71.86,1080.0,1025.6,53.48,3.7,2.029,3.146,19.15,5951.2,0
30.27,40.71,72.3,2276.4,2343.7,26.28,42.1,2.042,5.565,17.55,3494.1,0
31.39,40.19,72.8,1781.6,1780.7,35.97,24.5,0.685,6.183,21.94,2560.9,0
24.79,34.61,72.78,1139.9,1158.8,51.28,28.1,0.498,0.679,13.77,814.9,0
26.99,38.09,74.27,1674.0,1674.1,37.89,93.9,3.369,4.686,10.63,672.0,0
24.5,35.47,67.27,1672.5,1637.5,37.14,13.2,0.997,5.479,15.4,3107.1,0
25.29,34.5,62.57,1497.3,1592.1,37.35,23.7,1.37,6.249,12.35,4887.4,0
25.59,35.04,68.45,1329.9,1391.0,41.17,19.6,2.985,7.505,20.23,5385.0,0
24.74,33.75,56.29,1228.7,1246.0,50.86,21.3,1.793,8.897,4.26,705.9,0
24.75,34.09,58.66,1190.2,1141.6,49.24,32.8,1.382,5.77,12.92,3454.0,0
26.56,35.16,60.32,1308.3,1291.8,40.11,36.1,0.628,6.484,7.69,2598.5,0
24.42,34.28,62.77,1042.1,1053.0,50.92,3.0,1.014,5.231,15.77,2701.5,0
28.53,39.17,72.84,1355.9,1336.5,43.42,22.0,0.844,6.654,10.44,1428.1,0
25.01,34.23,63.15,1328.0,1280.8,48.59,37.1,1.256,5.346,15.21,4502.9,0
32.47,42.38,73.65,1982.3,1975.0,29.72,43.1,0.776,8.512,21.2,2889.0,0
25.95,35.73,70.39,1042.5,1018.3,57.39,47.9,0.52,7.725,14.6,180.9,0
26.99,38.05,76.62,1517.5,1432.3,42.2,9.0,1.467,5.78,19.22,1647.2,0
24.26,33.65,70.0,3342.3,3257.5,12.52,25.4,2.248,5.007,19.33,5224.8,0
30.26,39.69,67.07,998.7,1006.1,56.6,17.9,0.28,5.821,18.6,4030.1,0
29.09,38.24,77.39,1566.8,1568.1,40.05,29.1,0.67,4.888,8.16,4369.2,0
27.44,36.31,65.84,1632.7,1664.2,36.05,37.9,2.482,5.834,20.74,4775.0,0
24.16,34.69,64.15,1651.3,1713.6,33.94,164.2,1.901,3.79,13.85,1626.8,0
27.27,37.14,70.57,1322.7,1240.7,44.4,83.5,2.05,7.677,17.43,1069.2,0
24.61,34.66,60.96,1745.5,1705.8,31.12,13.5,2.43,4.67,15.73,1567.7,0
29.77,41.05,57.52,1892.6,1807.1,34.23,21.1,2.817,6.521,11.84,332.6,0
28.47,39.8,68.21,1922.6,2009.3,34.47,65.6,1.292,2.137,11.27,5682.9,0
27.04,35.39,63.29,1779.2,1773.4,37.08,1.1,1.52,4.308,24.19,3657.7,0
21.98,32.63,56.29,1633.7,1555.6,34.85,2.5,0.558,8.226,10.8,3208.2,0
24.88,35.11,69.91,1142.8,1147.3,48.53,22.2,1.413,6.139,15.12,5520.3,0
28.23,37.76,61.37,1367.3,1311.5,42.71,2.7,2.346,8.025,22.52,2549.8,0
29.28,39.6,74.89,1231.8,1273.8,43.93,38.8,1.24,5.482,12.91,2097.1,0
29.07,37.34,65.4,1216.6,1180.1,46.11,2.3,5.08,5.855,22.5,363.8,1
23.67,35.13,68.06,1627.9,1609.8,39.07,4.2,0.618,7.013,17.37,5345.0,0
27.45,37.97,65.27,2112.4,2033.6,29.8,3.5,1.093,5.788,20.8,5012.5,0
28.88,38.02,63.52,994.1,963.9,58.05,49.3,1.409,5.34,22.19,502.2,0
23.53,32.95,43.31,1054.2,1037.9,49.28,33.3,2.655,8.156,15.09,395.6,0
26.83,35.13,70.87,1127.5,1134.1,56.13,3.2,3.683,8.84,6.89,3098.1,1
27.4,37.08,67.96,1226.7,1320.0,50.35,64.6,0.969,7.7,6.96,3716.3,0
26.25,35.77,67.97,1738.4,1582.3,35.4,0.1,2.527,4.904,15.64,394.8,0
23.15,31.82,58.38,3342.3,3372.6,16.52,82.1,0.151,0.689,12.29,3997.6,0
26.2,36.98,62.08,2013.2,1981.6,27.71,9.8,2.872,4.536,13.76,3464.1,0
26.2,37.47,73.72,1324.8,1308.5,46.37,42.8,1.131,5.248,18.53,4581.0,0
26.55,36.53,68.23,1478.4,1436.5,38.98,29.1,1.031,4.281,8.39,5567.4,0
25.72,35.42,61.29,1841.9,1808.7,35.8,28.8,2.799,4.774,13.55,1068.7,0
25.96,36.4,62.1,3342.3,3259.5,15.04,11.1,1.779,6.71,7.73,4680.2,0
26.77,36.75,69.45,1435.2,1481.5,39.87,22.2,1.497,3.689,7.73,1490.5,0
27.73,36.65,62.84,1923.5,1903.3,29.18,54.6,1.086,4.02,18.55,5156.7,0
26.24,35.59,65.02,1729.3,1820.2,32.76,53.0,0.72,4.936,16.44,2398.8,0
26.03,35.73,69.52,1268.7,1314.9,48.5,7.6,2.867,5.454,8.07,5514.4,0
27.03,37.28,59.48,2080.0,2117.9,29.71,20.2,1.995,8.356,17.29,3654.1,0
23.01,33.02,67.94,2037.7,2160.4,30.66,24.0,0.482,4.855,3.85,302.1,0
27.8,38.01,74.96,1297.6,1270.7,41.86,19.7,3.167,7.622,12.02,5168.3,0
26.85,35.32,62.23,1287.7,1325.8,48.72,121.8,3.003,5.855,21.16,2652.4,1
26.93,37.59,68.0,1616.8,1528.1,35.97,0.5,0.803,6.319,9.81,3792.2,0
28.77,38.77,61.06,1058.2,1083.2,54.67,16.2,0.608,6.943,16.27,5775.6,0
22.94,35.5,66.21,2186.2,2216.9,27.21,46.8,0.263,9.143,17.18,2628.9,0
22.9,32.51,69.91,2538.2,2580.0,25.46,85.8,1.495,4.36,12.53,2332.3,0
27.4,37.72,65.86,2069.0,2029.1,24.61,145.9,1.01,6.181,13.03,5686.1,0
26.84,39.66,66.37,2660.2,2678.0,23.48,54.7,1.085,6.699,10.93,1436.0,0
27.19,37.38,71.39,1297.2,1270.7,43.37,10.7,2.002,3.612,18.52,2419.9,0
25.93,35.86,65.27,1951.1,1928.2,30.22,64.2,0.508,3.126,11.99,4546.1,0
28.18,37.19,59.23,2446.5,2431.0,25.9,34.0,1.854,2.882,12.22,3473.7,0
28.72,40.24,66.84,1315.3,1321.5,43.8,6.5,5.184,2.454,11.0,1800.0,0
27.82,36.66,69.35,1190.8,1199.9,48.24,10.9,0.893,4.455,25.52,2535.1,0
26.33,36.76,64.6,1095.8,1156.7,50.51,14.0,5.772,6.597,21.52,5979.7,0
22.63,32.16,57.59,1261.1,1315.1,48.75,18.1,2.281,4.64,16.71,4483.2,0
28.39,38.2,73.9,1843.6,1836.8,30.82,62.2,2.52,5.142,15.93,5795.0,0
29.29,37.87,65.01,1436.9,1469.7,42.76,46.5,1.496,4.902,20.72,545.6,0
28.14,39.48,63.68,1406.9,1415.5,44.97,46.4,0.583,6.832,12.07,413.3,0
25.09,34.81,69.73,1620.6,1586.4,35.25,68.3,1.237,6.535,10.9,225.4,0
28.2,36.98,69.99,1412.8,1407.7,41.65,63.0,2.242,6.023,19.67,5428.7,0
28.57,39.82,72.72,2063.8,2089.9,27.48,12.2,0.717,7.794,22.7,4074.8,0
29.97,39.46,74.16,1818.1,1869.0,33.72,18.0,1.715,5.133,12.46,1539.4,0
25.1,35.43,73.82,1303.2,1320.6,43.72,51.1,2.987,6.403,16.4,3388.0,0
26.4,37.24,69.85,1125.5,1170.2,55.08,69.7,0.819,4.889,17.45,1216.6,0
28.34,38.82,66.04,1058.8,1109.0,51.51,53.3,3.305,3.82,15.76,3621.5,0
26.96,34.77,65.46,1323.8,1357.7,46.61,44.9,5.908,6.668,17.91,1868.3,1
24.62,35.31,59.07,1413.0,1406.9,40.8,17.6,4.266,5.539,14.51,3809.3,0
27.68,37.58,68.91,1502.9,1495.4,39.25,24.8,2.297,5.198,4.69,799.5,0
28.01,37.68,62.76,2244.8,2209.2,25.52,4.4,1.633,5.924,14.66,1524.5,0
27.03,36.92,64.31,1861.9,1888.0,31.64,43.8,3.403,5.79,18.16,115.1,0
27.29,35.68,69.03,2025.8,1953.6,31.97,8.1,2.552,5.282,17.09,4937.8,0
26.33,36.52,51.96,1307.5,1392.5,45.75,83.4,2.018,2.591,13.25,4819.2,0
29.81,38.44,62.08,1180.4,1173.3,49.45,2.6,0.817,4.328,19.1,2031.3,0
25.05,34.76,70.04,1254.3,1192.0,47.37,3.5,1.69,5.298,15.09,993.0,0
25.68,35.83,58.63,1102.4,1148.1,51.83,45.5,2.029,5.853,16.63,360.6,0
26.87,37.95,75.02,1279.4,1247.4,40.72,14.7,2.757,5.86,12.61,4161.8,0
28.61,37.79,63.2,2254.5,2264.6,30.17,15.3,1.081,3.993,13.44,855.0,0
23.86,35.31,65.29,1581.4,1532.3,39.5,42.8,0.883,5.03,16.1,1889.2,0
24.23,35.18,62.63,1885.6,1849.7,32.75,33.3,0.981,0.777,15.22,5074.7,0
22.77,32.35,58.17,1248.0,1314.0,46.58,16.4,2.568,6.029,13.75,256.7,0
26.92,35.81,49.68,1663.2,1653.8,36.41,21.3,0.99,6.878,13.05,1637.8,0
24.61,33.17,64.35,1520.9,1546.7,39.01,5.4,2.577,7.419,5.77,5797.3,0
26.08,36.35,70.43,1278.2,1279.6,46.94,10.2,1.979,3.797,10.09,703.2,0
28.17,37.44,69.48,1812.1,1806.4,32.59,33.4,2.163,3.885,14.48,701.3,0
25.57,36.77,74.97,1196.6,1166.0,49.64,49.9,4.494,7.035,14.48,5421.5,0
27.31,36.63,67.55,2228.5,2167.7,26.52,45.3,2.805,7.291,16.46,5408.3,0
26.25,35.35,67.04,1517.5,1539.7,43.07,32.4,3.46,5.056,20.06,4273.8,0
28.19,38.43,65.4,1577.6,1580.9,39.09,49.5,0.994,5.73,13.01,4166.6,0
27.8,37.11,67.04,1190.3,1164.8,48.27,20.5,0.573,6.368,10.05,3840.6,0
25.47,35.47,63.97,2337.9,2319.8,26.26,73.3,0.719,3.565,20.93,3708.8,0
26.51,37.5,67.56,2480.6,2540.7,24.69,30.5,0.575,6.36,16.77,3425.9,0
28.94,39.05,60.71,1030.5,1068.2,47.5,67.3,0.807,6.984,12.74,5590.7,0
27.64,37.76,68.17,1599.4,1610.9,36.09,49.5,1.358,5.162,7.94,3333.2,0
24.06,34.26,57.46,1489.1,1449.3,39.09,70.4,1.215,8.106,24.52,4220.4,0
28.16,36.47,59.62,1747.1,1766.8,33.4,3.0,2.332,5.021,14.04,3251.3,0
24.68,35.07,64.67,1193.0,1157.6,49.13,4.6,0.856,2.959,16.57,2684.4,0
29.68,39.83,72.28,1423.8,1404.8,42.99,69.7,1.092,5.355,11.24,3525.4,0
28.9,39.79,71.69,1347.0,1413.8,42.41,38.9,2.199,3.464,10.64,2645.3,0
27.43,38.04,61.13,2174.3,2121.5,28.3,66.1,1.744,6.186,19.99,2466.3,0
27.16,36.96,75.01,1425.0,1395.4,45.02,1.9,1.211,7.112,13.14,74.6,0
26.43,37.46,64.75,1872.8,1908.8,30.08,26.3,4.007,3.765,12.72,3261.3,0
28.21,37.91,66.93,1821.7,1876.3,33.41,11.3,3.079,6.674,15.17,4158.9,0
26.11,36.36,64.44,2097.4,2055.2,26.35,3.4,5.323,6.429,15.14,4080.3,0
27.32,37.01,63.52,1545.4,1531.1,38.43,37.1,4.618,4.398,19.23,2087.4,0
28.59,39.06,66.05,1125.9,1201.7,50.64,18.0,0.379,5.221,14.51,5148.6,0
25.73,35.35,75.66,1241.5,1315.7,42.27,82.2,1.929,5.708,17.4,1541.8,0
25.62,37.27,77.34,1656.5,1631.1,35.58,20.0,1.392,5.714,12.29,1722.8,0
24.46,36.48,67.44,1351.6,1346.6,41.09,46.2,2.475,4.93,11.22,4220.1,0
24.72,35.59,65.97,1543.1,1556.9,41.04,3.4,5.092,4.492,11.27,1098.4,0
23.19,34.73,67.32,1384.0,1430.2,40.66,11.2,2.459,3.674,11.98,19.0,0
28.31,36.77,75.17,1472.4,1451.1,41.77,3.1,1.593,4.085,21.64,4471.5,0
30.47,39.05,52.49,2051.3,2036.7,29.6,37.6,1.435,4.609,12.78,942.8,0
29.7,39.38,66.04,1387.0,1558.8,41.07,28.5,3.218,6.757,12.77,2594.4,0
23.6,33.64,57.5,2640.6,2694.2,22.45,130.3,2.744,2.837,17.98,2888.7,0
28.3,38.1,57.78,1528.7,1559.0,45.76,5.2,1.348,5.342,17.82,3596.9,0
29.69,38.05,68.39,1915.0,1888.4,28.97,22.6,0.465,7.634,10.62,2607.6,0
25.94,37.09,71.91,1131.1,1143.8,51.78,4.4,1.749,1.918,14.12,1376.3,0
27.05,39.21,69.96,3342.3,3336.6,15.55,38.0,0.978,5.98,5.02,4646.1,0
22.83,34.12,59.14,979.2,958.7,56.74,26.4,0.851,4.907,17.06,1546.9,0
27.38,38.47,74.15,2382.1,2350.3,23.61,21.5,0.319,5.527,17.69,2770.9,0
24.72,34.95,54.08,2097.5,2059.7,28.0,15.4,4.261,5.373,17.56,278.5,0
27.25,36.41,64.25,1270.8,1268.6,42.99,73.6,5.556,7.35,23.05,1080.0,0
23.73,33.8,57.36,1344.3,1281.9,46.19,7.0,1.256,4.842,16.83,804.7,0
27.94,40.04,63.79,1637.5,1536.3,37.17,44.0,1.447,5.078,15.36,2553.5,0
28.9,38.55,77.48,1126.8,1084.3,48.93,5.0,1.81,4.909,15.71,2464.1,0
25.28,34.83,65.71,1918.6,1921.2,32.03,6.3,1.215,6.2,12.62,988.3,0
24.58,35.68,64.57,1619.1,1552.6,36.0,8.1,2.075,4.993,23.35,5066.2,0
22.54,33.71,77.03,1627.8,1544.6,36.98,6.3,2.213,5.872,22.16,2974.7,0
26.32,35.47,69.04,1632.2,1578.1,34.62,15.1,4.085,6.709,12.79,4725.0,0
25.69,35.43,67.19,2985.9,2999.6,20.66,13.0,0.614,5.31,10.38,3593.5,0
23.75,33.25,56.97,1656.6,1665.6,39.75,19.7,2.025,4.238,15.28,392.6,0
27.76,37.83,66.49,1475.6,1430.2,38.85,23.1,1.299,1.902,14.82,3672.0,0
25.95,37.05,72.6,1257.0,1217.3,50.78,20.1,1.207,7.478,15.28,1331.6,0
24.7,33.89,72.2,2131.3,2129.6,27.14,151.4,0.207,6.481,15.81,2066.8,0
25.74,36.83,72.54,1837.2,1842.1,33.61,13.5,0.87,4.053,8.1,5197.6,0
28.99,39.09,75.64,1221.2,1201.7,52.03,9.2,2.283,5.143,14.06,4043.4,0
28.06,40.38,68.29,1300.2,1356.9,42.93,18.9,0.912,8.403,15.56,3209.2,0
26.59,36.91,63.08,1227.8,1213.0,45.49,66.7,1.774,4.185,10.92,854.5,0
28.09,37.99,68.05,1546.8,1594.4,44.53,29.6,1.371,7.045,19.94,493.4,0
24.53,35.1,64.13,1392.2,1442.0,44.58,9.9,1.709,7.987,12.66,2800.9,0
26.91,36.58,61.54,1026.0,942.6,58.21,58.0,0.835,5.004,13.96,2152.3,0
27.14,35.35,69.98,1399.0,1439.7,40.92,25.7,1.28,3.851,21.87,4750.9,0
25.91,35.67,60.78,1849.8,1895.5,29.89,9.4,1.934,5.848,8.41,806.5,0
27.72,37.46,76.07,1270.2,1306.5,46.39,23.4,1.1,5.113,14.62,2086.6,0
25.29,33.7,69.25,1726.1,1654.5,34.33,33.0,2.208,5.878,10.94,3850.7,0
27.87,37.8,66.27,1581.8,1561.0,38.9,1.8,0.991,4.608,16.49,5625.3,0
27.95,35.89,55.99,1424.3,1399.8,43.7,56.8,2.691,4.614,16.83,669.4,0
21.02,30.67,75.8,1630.8,1703.9,31.79,50.9,0.398,6.373,15.17,5135.2,0
29.23,39.47,68.59,1806.1,1870.2,34.9,3.0,1.477,2.518,11.31,4733.3,0
20.75,30.85,60.71,1273.6,1241.9,44.76,3.6,2.192,5.908,11.33,3706.8,0
25.62,35.21,56.02,1706.9,1689.6,34.51,131.7,1.524,4.574,12.69,1072.6,0
28.9,38.82,66.35,1110.8,1034.6,49.73,53.5,2.663,5.586,11.01,3017.9,0
26.22,35.43,63.32,1902.5,1898.5,30.14,38.1,1.182,3.003,16.84,3934.3,0
23.92,33.93,68.11,2086.4,2177.1,30.1,22.2,1.22,8.374,12.74,438.8,0
24.66,34.72,51.35,967.4,872.2,59.06,134.6,0.277,5.776,15.58,4697.2,0
28.9,38.0,62.78,2407.2,2323.3,24.7,39.1,2.634,6.996,12.8,5793.6,0
23.01,33.27,65.22,1519.3,1480.0,39.73,18.5,2.984,3.877,19.94,3913.1,0
29.11,39.37,60.5,1067.8,1069.6,58.51,12.8,2.791,4.526,18.9,2379.6,0
26.74,36.57,70.86,1580.0,1584.4,39.71,39.1,1.053,5.613,14.67,4446.8,0
24.47,36.89,66.21,1080.5,1037.6,53.47,24.0,0.377,5.501,16.89,2729.9,0
25.68,35.54,62.58,1412.6,1442.8,46.52,17.7,4.434,6.05,18.91,3454.4,0
24.82,34.54,60.8,1439.0,1446.5,39.93,18.6,1.408,5.378,14.97,128.7,0
28.58,38.16,66.46,1516.2,1579.1,38.69,1.1,0.475,5.354,12.07,2671.8,0
28.31,37.34,66.75,3152.4,3147.6,18.81,111.5,3.584,5.641,17.62,5954.1,0
23.41,34.1,77.09,1562.6,1539.7,36.81,42.3,0.233,5.308,14.46,970.5,0
26.04,35.36,70.93,1435.4,1477.4,42.32,11.0,4.193,4.961,8.46,4934.8,0
25.12,34.56,69.67,1353.8,1432.7,42.32,58.0,0.392,4.656,13.28,2242.2,0
29.44,38.9,59.53,862.9,786.1,64.66,30.5,1.376,6.868,19.73,1656.8,0
24.15,33.16,69.45,1386.5,1439.6,42.81,114.7,1.388,4.121,15.57,5591.4,0
30.06,38.31,67.89,1139.1,1070.3,46.3,56.4,6.305,4.495,9.64,2764.3,1
26.78,36.32,63.91,1232.1,1303.3,51.65,91.4,2.211,5.493,12.33,5983.7,0
24.53,35.4,67.28,1468.8,1380.4,45.41,77.1,0.986,6.274,13.29,3342.7,0
25.5,35.69,78.2,1730.7,1766.3,39.14,12.6,1.229,10.755,10.77,2632.6,0
25.25,36.81,66.37,1410.5,1440.7,39.19,51.9,0.97,4.501,9.4,1655.4,0
24.3,35.05,54.33,1557.3,1552.7,36.49,8.4,3.189,5.663,6.91,194.6,0
27.04,37.56,74.71,1285.1,1320.3,44.44,17.8,2.028,4.907,14.42,4625.7,0
24.39,36.28,64.1,1450.8,1489.7,38.3,5.7,3.107,5.567,16.42,2104.2,0
22.49,32.39,56.14,1515.3,1541.2,46.25,20.2,1.141,6.412,6.0,4515.3,0
26.09,36.15,55.69,2068.2,2022.2,29.91,57.7,1.14,4.305,22.85,5420.8,0
23.24,33.23,59.35,1433.1,1387.1,41.47,5.4,0.492,6.04,10.7,1771.2,0
25.35,36.89,67.45,1078.9,1114.2,55.52,47.2,2.595,4.274,16.37,1919.6,0
25.03,35.03,58.22,1636.7,1578.1,37.75,200.1,4.367,5.578,17.69,5973.2,1
25.11,34.46,56.94,835.4,729.9,58.43,26.7,1.444,6.734,9.28,2412.4,0
30.85,41.44,68.59,1249.3,1219.1,41.64,6.5,1.017,4.948,13.95,4891.5,0
26.96,36.15,65.93,1469.9,1425.8,39.43,18.8,1.188,5.288,18.85,3774.4,0
27.34,37.87,67.27,1336.7,1371.8,41.17,3.5,2.056,7.095,10.45,279.3,0
23.3,33.71,65.49,1721.5,1735.8,36.89,211.7,3.727,9.354,21.42,979.4,1
25.54,35.35,69.32,2854.0,2914.4,20.19,37.8,0.849,7.074,4.3,3908.2,0
27.28,37.85,69.26,1224.5,1284.0,48.8,45.2,2.405,5.541,14.89,5529.9,0
24.8,33.31,64.33,996.8,1035.9,61.93,7.0,6.166,4.994,18.72,162.8,1
28.67,38.83,65.61,1195.7,1138.7,44.8,12.7,1.934,4.368,12.97,240.8,0
24.44,33.98,67.74,1269.7,1311.9,45.41,24.5,1.282,3.928,18.23,1534.0,0
26.28,39.14,70.8,1523.3,1636.1,38.17,30.0,1.148,4.468,12.54,2211.4,0
25.68,35.83,64.99,1142.2,1144.4,51.58,17.8,1.276,5.444,15.25,1249.2,0
27.18,36.58,60.61,1627.1,1666.4,39.61,65.2,0.502,5.168,18.41,1418.0,0
25.57,34.19,50.77,1497.3,1480.8,42.67,29.9,1.082,5.116,9.82,763.9,0
26.31,37.61,62.7,2577.9,2449.3,24.35,62.4,0.274,6.175,16.86,1962.7,0
26.38,36.03,63.41,1740.7,1707.7,34.71,13.3,2.507,6.25,12.74,2807.8,0
25.38,34.59,69.07,1458.8,1529.8,43.67,19.5,0.461,5.811,17.59,5288.5,0
27.82,38.16,69.21,1108.0,1094.0,49.07,26.0,2.158,6.326,11.4,2474.9,0
27.33,37.98,65.74,1252.2,1300.5,49.35,61.4,0.669,9.852,18.89,5581.8,0
26.67,37.31,66.63,2433.0,2507.1,24.21,6.9,3.508,6.35,1.33,3484.0,0
25.99,36.01,54.19,2209.0,2182.8,25.22,44.6,0.228,7.098,10.79,3950.3,0
28.44,38.6,65.74,1315.9,1285.7,45.84,0.5,1.353,6.709,22.98,5511.5,0
26.38,36.61,62.18,1768.9,1744.7,32.53,4.7,3.593,5.058,17.17,853.7,0
26.24,36.57,60.22,1195.8,1136.7,48.95,72.4,2.218,6.902,10.95,3173.5,0
27.06,37.48,62.29,2542.5,2538.5,23.7,15.6,1.084,4.485,10.59,1848.0,0
30.24,41.34,66.15,1650.2,1565.5,39.02,43.0,4.938,3.747,12.9,5740.8,0
24.17,34.23,64.33,1580.6,1454.5,39.66,109.3,1.309,7.155,14.33,5432.7,0
28.39,37.57,77.8,1322.9,1343.1,44.8,13.8,1.275,8.681,14.0,3322.0,0
23.06,32.92,56.18,1993.7,1968.1,29.69,169.8,2.849,4.868,19.74,2673.3,0
27.28,38.04,64.47,2983.7,2948.4,20.33,164.4,1.219,6.421,23.35,1728.8,0
30.0,38.21,75.0,1366.1,1410.4,41.71,60.7,4.105,4.305,16.03,3029.5,1
27.83,36.05,63.34,1478.0,1488.9,45.26,87.8,0.936,8.315,16.19,4024.4,0
27.19,38.11,67.46,941.7,883.1,50.07,9.2,2.069,5.099,13.62,3296.9,0
25.73,37.25,77.16,1608.5,1624.2,36.41,20.0,2.33,5.884,11.03,5033.2,0
26.91,35.65,71.64,1140.5,1201.0,47.76,22.0,0.908,5.128,17.78,2051.9,0
26.35,36.45,64.38,1304.4,1355.8,44.86,12.2,3.273,5.363,15.26,931.4,0
25.28,34.88,51.86,1126.7,1181.0,53.22,8.0,0.936,3.218,19.93,5194.7,0
26.27,36.01,61.68,1506.9,1509.4,39.45,41.8,0.751,4.22,12.13,1870.7,0
27.25,37.55,68.46,2879.2,2860.1,22.7,79.7,0.58,5.525,14.85,4349.6,0
25.32,34.02,70.37,1455.7,1505.0,39.32,123.6,2.997,6.073,9.12,493.8,0
25.24,34.13,71.72,1476.9,1568.8,40.88,98.8,0.651,7.075,14.96,4591.2,0
24.13,33.83,53.8,1410.4,1398.3,45.18,4.4,4.454,5.605,16.21,13.3,0
27.63,37.49,75.49,2129.9,2103.6,24.67,81.8,0.547,9.056,12.41,532.9,0
27.94,36.81,60.35,1719.5,1802.4,36.88,6.1,1.321,6.322,15.34,760.9,0
27.31,38.1,72.51,1140.5,1132.3,48.68,40.0,0.634,6.53,16.17,2975.9,0
28.78,38.36,69.74,1601.0,1582.5,38.96,52.4,1.015,4.446,7.75,1122.8,0
27.03,36.6,71.05,1595.7,1568.7,36.94,1.1,1.432,7.132,9.82,5366.7,0
27.63,37.92,72.69,1040.2,1071.2,59.06,34.0,4.319,6.333,14.48,3507.7,0
27.46,37.33,68.39,1864.3,1862.9,29.3,59.0,2.565,7.781,12.8,675.8,0
26.67,37.5,72.18,1307.9,1285.7,52.33,13.1,0.168,3.464,19.13,3339.6,0
25.79,34.85,55.83,1017.6,1013.9,50.21,22.1,1.376,1.912,16.67,2744.8,0
31.28,39.88,72.01,1597.5,1584.5,37.75,253.0,1.419,5.639,15.65,5102.6,0
25.95,35.64,72.92,1319.7,1296.8,39.67,6.3,1.053,6.581,17.56,2118.2,0
25.52,35.58,71.05,1550.4,1569.4,39.64,6.0,1.754,6.931,17.73,901.5,0
27.72,36.48,67.18,1581.7,1589.7,41.82,5.0,5.655,5.617,12.31,3951.7,0
27.35,35.97,57.58,1881.4,1898.6,34.05,5.6,0.939,8.777,17.28,5451.1,0
24.04,34.22,64.91,1598.2,1649.0,35.72,7.7,2.182,5.306,21.92,3761.0,0
29.1,38.34,76.17,1542.1,1478.7,36.45,18.6,0.468,5.45,18.08,4974.1,0
26.66,35.21,60.81,1604.7,1526.8,36.77,19.7,0.253,6.034,13.66,237.6,0
24.63,35.59,65.39,1828.5,1785.8,36.89,101.0,1.327,4.006,7.23,1518.1,0
29.23,38.6,67.55,3342.3,3342.1,17.59,34.3,2.502,5.53,9.4,4720.2,0
28.1,39.25,55.87,1583.8,1590.4,40.98,18.1,1.283,4.61,15.6,500.9,0
24.32,34.35,66.8,1735.2,1701.1,34.73,59.2,2.394,6.418,11.44,445.5,0
30.4,40.7,75.3,2656.2,2652.5,21.33,69.3,2.397,5.192,10.02,5227.5,0
28.17,37.96,65.34,1473.5,1435.9,36.5,0.7,7.741,5.331,18.17,5310.6,0
26.83,34.17,67.66,1493.6,1415.1,36.19,8.7,2.0,5.03,19.61,5205.7,0
30.03,38.89,65.25,1250.1,1182.0,52.75,17.4,1.366,6.109,10.73,5450.7,0
27.17,37.04,71.71,1695.8,1723.5,34.61,30.4,2.093,7.562,21.12,1745.3,0
26.79,37.16,67.65,1423.1,1339.2,46.68,58.8,0.858,4.315,12.64,2565.0,0
25.53,33.74,62.97,955.1,1006.9,53.83,16.8,6.175,6.116,17.2,2646.7,1
28.01,37.96,76.6,1812.6,1815.2,33.72,39.2,2.159,6.692,8.04,4260.8,0
27.8,36.68,53.15,1556.2,1509.2,39.53,1.7,3.731,6.105,18.41,815.6,0
26.88,37.11,62.0,1010.5,1001.7,57.29,123.2,0.705,7.731,8.59,3467.6,0
25.27,35.25,66.81,1327.9,1278.3,42.29,81.4,1.659,2.545,8.84,2955.8,0
27.11,37.85,68.48,1289.3,1369.0,43.74,3.0,4.435,4.576,15.69,4986.2,0
26.71,37.78,61.72,1689.0,1667.7,35.93,16.5,0.973,5.381,8.58,1665.5,0
24.18,34.64,63.81,1418.2,1361.7,46.87,121.3,0.109,6.3,14.34,1821.1,0
23.91,34.77,65.55,1517.0,1650.3,39.6,5.6,1.594,5.181,9.47,3724.6,0
27.98,37.63,68.06,2934.2,2930.5,21.68,46.2,1.48,5.062,18.82,2111.3,0
21.65,34.47,67.29,1686.5,1721.2,36.45,9.8,1.45,5.331,18.22,3641.0,0
27.26,36.04,75.32,2286.1,2293.2,28.17,6.1,1.836,5.036,11.59,3130.3,0
25.89,35.37,63.46,1376.2,1389.6,41.12,40.9,2.471,7.439,17.67,5998.4,0
29.47,40.37,74.78,2097.3,2133.5,30.83,29.2,8.388,6.08,11.89,2792.9,0
25.86,36.62,65.21,1322.0,1364.1,44.78,6.8,0.965,5.287,18.2,4345.9,0
28.17,38.66,67.92,1443.7,1404.3,40.45,27.7,0.842,6.011,15.46,2839.7,0
26.06,36.73,70.78,2383.1,2378.2,27.52,117.2,2.413,3.607,20.0,2718.3,0
27.08,34.99,74.52,1702.2,1703.5,35.07,23.5,0.772,4.67,12.37,763.6,0
28.32,39.91,61.15,1356.6,1341.5,46.21,34.3,1.11,4.699,14.57,4429.3,0
25.92,35.72,65.01,1117.2,1183.8,51.48,26.0,1.212,7.203,16.62,4458.6,0
28.84,40.09,69.59,1836.0,1898.2,30.98,2.0,3.554,7.601,21.17,950.1,0
24.86,32.83,69.33,1952.9,1833.0,29.03,68.2,3.857,4.529,15.26,4431.6,0
27.44,37.7,59.98,1001.6,1037.9,59.51,75.1,0.227,7.356,11.03,306.1,0
28.7,38.13,78.87,1698.7,1723.8,39.9,26.9,0.297,5.866,7.98,1339.9,0
28.17,38.74,64.01,1576.8,1605.0,40.91,12.1,1.518,5.182,13.8,451.5,0
30.68,41.0,68.94,1816.3,1838.9,32.61,80.8,3.058,4.739,14.89,73.9,0
25.32,35.69,65.86,1414.1,1393.1,42.15,30.1,1.597,5.142,6.47,1292.8,0
24.09,33.03,65.82,998.2,1078.3,57.15,108.7,3.816,5.282,15.06,2249.9,0
24.86,34.8,69.57,1275.9,1142.0,42.54,38.0,0.852,3.416,18.11,4783.1,0
28.17,37.99,63.54,1050.2,952.2,50.65,16.3,1.213,5.185,9.39,842.8,0
27.85,38.34,61.41,1570.5,1509.9,40.29,55.9,1.75,5.565,12.26,2786.6,0
27.05,38.04,58.05,1973.2,1987.8,29.74,18.1,1.097,3.623,5.79,3118.9,0
24.6,34.75,61.11,1626.7,1586.9,33.17,59.8,4.364,4.798,12.86,3750.9,0
28.38,37.11,75.4,1905.9,1909.3,28.82,17.5,1.12,4.87,12.27,849.2,0
24.4,34.51,59.49,1451.5,1412.0,42.18,180.4,1.895,3.493,18.34,3504.8,0
29.17,41.78,68.33,1065.8,1015.8,52.24,3.4,0.984,7.313,14.35,1227.1,0
32.56,44.21,66.82,1508.4,1528.2,41.61,79.2,1.025,5.524,16.86,3506.5,0
27.58,34.61,61.08,1622.3,1647.5,36.92,37.9,0.672,2.996,18.2,401.3,0
28.02,38.08,62.98,1844.1,1954.5,32.1,18.1,2.823,6.436,23.86,21.1,0
25.86,36.8,60.3,1311.2,1324.5,43.55,97.6,2.41,4.445,15.49,2549.0,0
23.23,33.05,62.14,2174.8,2152.1,27.62,51.0,2.554,3.504,11.07,4517.6,0
25.64,35.18,60.23,2171.1,2148.8,28.66,37.9,1.055,5.36,11.23,3607.2,0
24.66,34.4,56.33,1213.8,1112.5,49.0,28.0,1.241,8.114,16.46,3087.7,0
23.96,34.51,68.92,1584.7,1614.0,37.22,77.5,2.221,5.464,17.11,5850.4,0
30.29,39.15,76.82,1624.2,1632.1,37.03,48.6,0.677,4.571,16.1,3781.3,0
27.4,38.58,70.81,1577.0,1568.7,38.31,21.1,1.352,6.545,12.17,1596.2,0
27.61,37.55,77.36,1184.1,1187.0,47.26,44.7,2.229,4.322,20.7,2440.7,0
26.23,35.3,63.35,1375.7,1326.9,41.66,19.5,0.871,7.81,14.65,202.1,0
26.5,37.63,66.96,1724.7,1612.2,32.57,15.7,4.964,5.373,11.36,4254.6,0
28.78,37.23,68.95,1808.5,1797.9,32.93,1.2,2.076,6.501,20.28,2757.0,0
26.79,36.23,70.66,1733.2,1716.6,38.05,13.6,1.427,2.944,22.38,4416.1,0
27.91,37.34,76.62,1292.4,1304.1,43.02,13.4,1.129,5.545,21.46,5794.8,0
26.46,38.6,78.03,1639.4,1644.4,39.64,46.3,2.337,3.855,9.87,508.2,0
26.17,35.48,70.34,1571.9,1576.0,38.76,29.6,0.927,5.048,22.26,5391.7,0
24.04,31.88,82.37,1524.7,1492.0,40.46,9.5,2.392,5.815,12.94,1627.9,0
22.89,32.31,65.8,1607.4,1707.3,39.64,69.1,0.602,4.82,12.22,3318.3,0
26.33,36.78,67.47,1851.7,1908.8,32.2,25.3,1.424,4.778,16.31,4743.4,0
26.96,37.75,60.41,1299.8,1252.4,51.07,21.8,2.692,7.593,13.74,3340.1,0
24.28,36.55,66.11,1642.0,1710.4,35.18,12.8,0.861,2.102,12.58,3207.9,0
26.78,38.19,68.61,1475.9,1496.5,41.29,8.9,0.863,6.64,13.16,3979.1,0
26.96,37.15,74.97,2908.9,2831.8,19.4,119.3,1.526,5.153,15.5,572.5,0
22.54,31.65,59.94,1680.8,1740.2,37.85,21.9,1.688,4.494,13.3,5709.1,0
25.02,36.64,63.16,1919.1,1895.9,29.0,2.1,3.038,4.675,17.97,4144.3,0
27.66,37.3,66.87,1951.0,1930.0,30.21,26.5,2.357,5.882,14.28,4302.6,0
27.62,36.97,67.44,712.3,702.4,64.22,100.3,1.286,6.251,11.54,4573.1,0
24.54,34.13,68.32,1442.1,1448.9,42.5,9.1,1.325,4.562,10.11,3616.1,0
27.17,35.91,74.96,1107.9,1095.0,52.26,47.1,2.498,5.899,16.67,5230.5,0
28.89,38.43,61.41,1199.1,1247.4,48.55,8.9,0.566,2.467,15.45,5603.5,0
28.4,38.17,76.82,1221.0,1304.4,49.83,29.5,0.735,6.942,16.66,5035.8,0
26.66,37.39,62.98,1340.2,1323.1,38.01,29.8,1.034,5.821,15.3,952.0,0
25.91,35.53,73.33,995.8,920.0,56.06,67.1,0.382,3.314,16.73,1491.0,0
25.59,34.32,67.54,1236.2,1213.6,48.47,7.3,2.921,7.175,12.17,3772.6,0
27.79,36.18,63.49,1727.2,1682.1,40.41,3.4,0.527,6.034,14.23,3338.8,0
27.24,37.45,65.44,1200.8,1173.3,42.63,103.8,5.886,5.807,21.48,4242.4,0
28.11,38.18,62.76,1430.1,1361.0,38.63,64.4,2.175,4.229,16.08,1772.7,0
27.11,36.56,54.45,1546.3,1568.8,40.52,11.6,1.048,3.711,19.35,2985.2,0
28.49,38.02,65.28,1705.0,1634.0,39.56,32.6,1.289,4.283,9.72,5862.6,0
27.04,37.43,68.69,1488.4,1431.2,43.82,1.6,4.043,9.705,12.94,4873.1,0
28.42,39.81,65.72,1256.6,1336.7,57.4,30.8,1.164,4.923,11.82,4356.0,0
28.59,37.81,62.5,2061.3,1987.2,27.95,4.7,1.019,6.499,10.16,4450.1,0
25.24,35.33,59.37,1101.7,1038.8,51.42,62.6,1.257,6.627,14.77,238.6,0
23.23,34.19,53.66,1590.3,1666.8,36.32,7.8,1.206,8.166,13.1,1056.1,0
29.94,39.16,66.6,1018.1,1012.5,52.7,7.5,1.592,6.228,14.19,3341.5,0
27.36,37.35,75.56,1621.4,1563.9,36.67,16.3,1.204,3.641,15.32,2891.7,0
23.42,33.38,66.24,1210.8,1158.8,44.13,9.0,3.611,4.91,13.37,1372.2,0
25.42,34.11,68.82,1548.8,1684.5,38.41,15.7,1.429,4.351,16.79,3703.5,0
28.39,38.56,71.78,2403.8,2444.4,22.69,31.5,0.769,6.158,18.66,4383.0,0
26.29,36.32,71.57,1008.7,1023.1,57.39,4.1,0.463,6.705,7.65,370.9,0
25.83,36.38,71.71,1810.2,1852.0,30.57,35.7,0.574,6.721,13.16,3356.5,0
29.65,38.46,63.63,1347.9,1330.8,40.84,0.4,2.519,6.773,18.26,3116.5,0
24.76,34.77,73.2,2115.0,2122.0,29.48,20.3,2.159,8.816,12.19,941.3,0
25.25,36.64,54.9,2238.8,2262.7,26.63,68.9,1.801,7.026,21.23,4313.2,0
27.27,39.35,62.29,1628.7,1600.1,37.95,81.4,2.515,3.318,21.44,472.6,0
27.63,38.91,72.28,1600.6,1605.6,34.06,0.9,2.534,4.496,10.94,5912.9,0
27.84,36.67,65.01,2225.7,2302.6,28.31,138.0,2.179,8.1,13.33,152.1,0
28.67,39.12,66.74,1513.2,1455.9,39.65,48.0,0.414,4.853,16.44,3968.9,0
27.25,36.76,61.36,2212.4,2187.3,25.18,45.7,0.336,5.898,21.35,1859.4,0
27.83,38.11,73.0,1283.5,1252.9,41.25,22.7,1.383,4.675,16.88,3117.2,0
26.33,35.56,74.7,1816.6,1854.2,38.73,0.8,3.199,3.54,16.18,1833.2,0
26.98,35.26,59.35,3342.3,3397.4,15.2,17.7,1.354,6.0,15.96,3456.6,0
27.07,36.72,60.54,1789.7,1715.0,34.77,18.1,1.45,7.304,16.84,1126.5,0
27.28,38.0,86.89,1287.6,1271.0,44.68,17.6,2.349,5.193,15.12,3540.0,0
28.4,38.68,73.53,2035.9,1998.7,29.36,28.0,0.11,2.208,15.1,5884.2,0
27.96,38.36,64.78,1330.8,1355.1,45.12,2.5,1.45,5.242,14.29,1022.8,0
26.94,37.15,72.83,1296.0,1296.3,44.33,0.2,1.273,5.138,14.82,4698.8,0
25.23,35.64,74.24,1775.3,1819.6,29.82,19.0,1.509,5.487,14.17,3378.5,0
26.99,37.51,71.92,1634.2,1729.2,39.88,24.3,4.479,4.654,20.62,2406.1,0
26.79,36.52,71.27,1246.4,1140.6,48.25,11.0,1.124,3.172,17.83,3515.5,0
27.24,37.32,65.39,1858.7,1753.2,31.24,79.6,2.394,4.3,15.05,3736.3,0
31.26,43.01,78.45,1537.9,1538.3,37.94,28.8,1.174,4.059,22.78,4416.1,0
25.8,35.94,72.19,1109.6,1130.7,51.5,12.0,0.8,6.703,7.67,1091.0,0
27.69,37.74,65.93,1774.1,1730.6,31.42,19.7,1.288,5.55,13.55,4509.7,0
28.99,39.09,64.18,1233.6,1237.1,44.59,27.7,3.382,6.62,15.17,3689.9,0
27.05,36.83,66.24,1995.6,2009.7,29.21,47.0,2.834,4.986,14.71,5086.0,0
31.53,41.09,68.07,1547.6,1480.2,38.39,22.7,1.144,4.654,17.28,1691.4,0
26.09,36.3,68.77,1331.2,1346.7,44.47,19.4,0.563,4.956,17.54,4529.3,0
27.5,36.99,53.37,3342.3,3374.8,15.95,157.4,2.701,4.281,16.43,1506.8,0
25.25,35.11,66.69,1621.0,1622.3,34.66,57.4,2.605,6.364,10.53,3897.4,0
26.15,35.36,68.39,1314.5,1239.3,44.29,59.4,1.457,2.757,18.84,3663.5,0
27.35,37.46,59.5,1511.2,1462.8,42.26,2.3,0.556,5.041,12.78,1483.1,0
28.54,39.13,78.18,1850.6,1873.2,34.78,22.1,2.833,4.925,14.98,5858.6,0
27.49,37.28,64.87,2033.2,2121.8,28.95,51.2,1.652,5.083,16.79,5956.9,0
29.37,37.36,66.92,1363.1,1384.3,46.28,3.4,6.106,6.88,6.46,5738.3,1
26.66,37.25,83.34,1582.7,1569.0,36.78,1.0,4.117,2.877,13.9,5405.5,0
26.19,36.31,68.82,1246.7,1256.1,45.45,5.8,1.664,6.098,6.83,4688.9,0
32.26,41.26,65.69,1510.9,1497.2,43.8,4.4,2.691,5.751,14.31,134.2,0
27.64,38.41,74.87,1673.8,1691.2,35.53,128.8,3.601,6.15,6.94,1720.1,0
25.41,34.01,76.28,1224.3,1247.5,50.73,30.8,1.06,6.229,19.58,5973.3,0
25.46,36.51,73.45,1561.2,1481.9,34.06,63.6,0.714,5.147,12.79,3733.4,0
24.96,34.91,70.94,1202.9,1265.1,51.9,40.0,1.934,5.72,12.18,4073.8,0
28.72,36.45,66.99,1087.6,1174.2,53.21,36.0,9.103,8.163,24.84,1926.9,1
26.12,36.3,70.8,1360.8,1300.4,50.5,43.6,1.48,2.876,14.14,4115.9,0
27.1,36.7,74.66,1639.6,1605.3,38.19,40.8,0.743,7.681,18.24,2013.7,0
26.72,36.17,65.58,967.2,1003.6,65.47,158.8,0.836,8.82,10.34,4361.6,0
28.31,37.58,73.35,1425.5,1409.8,41.52,37.0,1.192,6.813,10.77,5555.4,0
25.16,35.03,75.5,1405.6,1347.9,42.41,0.3,1.471,5.18,14.3,2760.6,0
24.7,34.21,59.33,1435.4,1356.4,39.78,45.0,2.358,5.52,12.27,4900.7,0
27.3,35.44,67.42,2119.5,2111.8,28.7,23.0,2.089,7.055,12.45,5488.4,0
28.05,39.32,73.8,1150.3,1086.4,52.95,28.5,3.778,6.689,14.22,1195.0,0
27.52,37.27,72.77,1767.7,1795.7,34.28,13.2,1.58,6.07,11.79,4958.2,0
25.23,34.5,70.86,1242.7,1243.3,49.2,19.4,2.245,3.983,8.4,3974.6,0
28.2,37.08,68.32,1153.1,1240.7,51.6,40.4,4.012,7.723,16.39,3170.8,0
25.36,36.13,69.25,1301.0,1360.3,46.03,7.2,1.765,6.495,14.45,3800.4,0
25.81,34.51,63.7,1600.5,1598.3,33.08,9.1,0.165,6.197,12.54,708.4,0
24.96,35.1,63.67,1644.9,1703.5,36.59,26.6,1.368,7.108,21.58,5168.6,0
29.45,38.87,70.46,3342.3,3310.6,13.23,20.6,1.522,5.358,17.64,1869.0,0
28.12,37.59,65.74,1449.5,1411.1,38.84,3.2,0.769,6.088,12.99,2033.4,0
28.06,36.96,72.0,1208.0,1271.4,48.03,15.9,0.44,4.74,13.71,3676.8,0
29.34,38.72,60.63,1407.0,1503.3,37.62,60.4,0.527,5.209,5.61,996.8,0
32.48,42.48,67.06,1726.0,1781.4,34.1,14.6,4.093,6.419,10.96,5746.1,0
23.43,33.67,63.84,1617.6,1557.4,37.02,19.4,2.451,5.646,15.96,1671.6,0
25.37,34.59,76.82,1239.8,1176.3,52.15,84.2,0.472,5.774,20.85,1952.5,0
25.62,35.53,49.39,1381.5,1416.9,39.46,25.2,1.16,5.199,11.92,3703.8,0
25.15,36.04,62.85,980.4,935.5,58.58,23.4,0.113,2.78,13.35,2525.0,0
24.69,33.03,53.24,1723.7,1681.5,34.29,42.8,1.309,7.45,14.86,3695.8,0
26.25,36.24,76.96,1477.1,1469.1,42.17,54.5,0.39,4.287,15.74,4602.7,0
24.42,33.47,61.0,1559.1,1525.8,35.67,25.5,3.411,6.846,10.33,1096.5,0
27.52,36.47,59.74,1080.2,1174.3,60.74,12.7,4.347,5.543,9.86,4453.7,0
26.95,37.21,72.48,1427.0,1510.9,41.8,10.7,4.49,6.181,25.03,1569.5,0
27.81,37.27,73.28,876.1,957.9,61.28,25.0,0.662,5.198,8.48,2054.6,0
27.87,36.65,64.92,1621.1,1606.4,35.8,11.7,0.452,4.947,20.11,4489.7,0
28.06,39.38,76.14,884.4,971.7,55.28,35.1,1.232,4.057,16.47,3789.2,0
26.1,37.02,73.92,1357.5,1351.1,41.18,18.1,1.204,7.473,14.56,3407.0,0
31.09,39.16,76.13,1127.5,1164.5,48.37,69.6,3.253,7.453,17.2,2066.3,1
27.32,35.84,57.96,2153.5,2194.6,27.8,20.2,0.845,6.221,21.77,2704.0,0
23.13,33.72,60.63,1568.7,1536.3,43.48,36.5,1.32,6.663,15.26,4175.9,0
24.85,34.56,63.85,2180.3,2221.4,29.31,61.8,0.39,6.164,16.95,4299.3,0
23.37,34.87,60.14,1376.2,1363.6,42.57,38.8,0.66,3.813,21.66,5617.8,0
26.88,37.5,68.87,2341.5,2370.5,24.82,44.5,1.812,6.422,18.85,3996.2,0
26.61,36.91,58.54,1687.1,1649.4,39.06,77.2,1.781,4.895,8.13,4196.5,0
25.91,34.89,70.75,1124.6,1151.2,50.96,20.4,2.993,6.301,8.2,3023.1,0
30.87,41.36,79.22,1309.7,1343.6,45.48,6.3,0.209,4.564,15.86,3160.1,0
27.95,36.67,56.91,2369.7,2407.0,27.66,7.2,1.599,2.406,11.7,4597.0,0
28.3,39.61,87.19,2865.9,2971.7,21.02,0.0,2.362,4.834,15.67,4881.4,0
24.99,35.41,68.24,1341.0,1411.4,44.97,26.8,4.187,4.802,16.34,1168.3,0
24.85,34.03,68.7,1129.9,1095.5,55.81,2.2,1.095,7.625,21.92,401.8,0
26.92,37.73,75.11,2021.4,1980.4,30.36,78.1,1.33,6.651,13.54,5644.3,0
27.2,39.44,71.31,1004.6,1062.0,60.97,190.0,1.082,10.001,14.17,441.3,0
23.14,32.92,60.05,1421.1,1496.4,39.94,5.3,1.494,5.659,10.36,4542.4,0
26.49,37.04,65.48,3159.9,3051.0,20.41,55.7,3.129,5.366,14.53,5078.9,0
26.88,36.45,72.94,2272.0,2293.3,24.39,73.5,2.818,5.313,10.41,2089.8,0
26.42,36.51,68.53,1353.0,1259.6,47.7,2.6,0.756,5.544,16.97,1229.2,0
25.22,33.72,52.98,1579.2,1605.1,41.3,8.9,1.393,5.708,13.26,165.4,0
25.77,35.77,71.95,1066.4,1114.6,54.82,106.8,1.068,4.548,13.64,4875.7,0
26.5,36.54,61.0,2176.4,2180.6,28.02,2.0,1.026,5.231,18.06,2874.3,0
27.03,38.83,65.65,1501.2,1500.4,41.18,1.0,2.208,4.66,14.88,1385.5,0
28.06,36.26,68.54,1428.4,1416.1,40.07,88.0,1.1,5.568,18.15,5564.7,0
29.01,38.73,81.44,1550.8,1582.5,38.57,111.1,2.259,8.116,12.2,2682.4,0
26.26,37.55,84.02,1552.5,1582.5,36.17,142.1,1.13,7.338,18.03,1551.8,0
25.94,35.7,61.7,1566.9,1617.6,36.37,4.9,0.95,10.173,10.57,1685.1,0
27.73,37.55,72.36,1461.4,1483.6,41.75,30.2,1.352,5.793,18.4,2949.4,0
28.07,37.24,71.64,1410.0,1352.3,43.03,0.5,5.955,7.533,12.18,3794.1,0
25.98,35.05,58.77,1371.4,1280.3,42.53,40.8,0.683,5.183,10.4,5824.3,0
28.43,36.6,73.71,987.5,943.7,52.06,3.5,5.875,7.251,17.31,2262.1,1
28.81,38.18,58.77,2219.8,2211.5,27.99,10.4,0.311,5.242,21.41,3890.0,0
29.43,38.44,81.86,2577.1,2654.9,21.88,87.7,0.92,8.879,14.99,2870.4,0
30.41,40.52,61.31,1331.1,1373.3,50.17,1.5,0.251,5.486,15.07,5029.8,0
25.12,34.33,63.39,1944.9,2038.9,30.56,35.6,0.26,4.666,9.51,5216.3,0
26.88,36.4,72.32,1652.2,1686.7,36.21,11.8,1.933,6.018,25.34,125.0,0
26.87,36.42,73.35,1775.9,1835.8,33.88,4.3,2.459,4.882,10.01,467.5,0
26.65,36.61,65.17,1744.1,1651.6,33.66,121.8,4.754,8.715,16.05,1170.3,0
25.55,35.02,70.18,2699.2,2626.3,25.42,65.8,0.704,6.12,16.17,729.0,0
23.88,32.82,64.15,1625.8,1697.1,34.3,7.4,0.678,8.72,14.39,1748.9,0
27.04,37.12,77.45,1421.0,1430.5,46.49,0.4,3.25,5.963,17.12,5856.1,0
25.31,36.38,65.17,1534.7,1529.1,39.96,25.1,1.59,5.968,18.16,4707.9,0
27.02,37.15,67.99,1475.8,1383.7,45.05,92.8,0.727,6.016,7.44,717.7,0
25.26,34.65,68.31,1636.0,1669.6,35.04,44.8,2.517,6.011,21.63,5702.3,0
24.65,34.53,60.64,1306.6,1298.0,49.03,20.2,1.45,6.607,11.81,4526.9,0
27.32,35.27,69.31,1696.5,1592.9,34.92,40.8,1.415,6.361,13.23,1007.5,0
27.15,37.01,66.04,3012.0,3046.2,18.91,55.0,3.951,4.491,11.79,5501.7,0
28.01,37.61,59.55,1379.7,1372.5,43.17,28.6,2.029,5.683,10.39,3377.8,0
31.22,40.29,69.08,1241.9,1230.4,47.67,54.1,2.076,5.205,20.05,5981.4,0
27.4,36.65,68.27,1520.9,1558.8,34.41,7.7,2.502,4.883,13.74,5631.8,0
27.82,37.41,66.52,952.7,916.9,51.99,19.4,1.398,3.258,18.38,2002.3,0
24.69,35.69,58.85,2056.5,1993.1,31.49,119.8,2.471,3.59,18.54,5494.3,0
24.28,35.37,73.02,1315.3,1283.9,46.71,125.0,4.087,5.085,20.97,3444.6,0
30.02,39.09,61.66,967.3,1011.1,57.45,77.3,1.42,5.138,9.82,1546.9,0
25.0,34.48,62.52,1447.9,1395.0,40.37,15.9,1.887,7.737,12.61,5919.7,0
24.76,34.27,57.08,1799.6,1806.5,37.74,27.5,0.741,4.735,16.8,292.6,0
26.77,37.58,58.81,1393.0,1445.6,38.94,54.9,0.863,3.348,19.03,5146.7,0
26.67,36.82,69.22,1155.4,1158.5,56.28,106.2,1.249,3.679,11.18,268.3,0
25.04,35.14,65.8,1355.6,1327.4,44.03,65.1,1.321,5.428,10.56,3495.7,0
26.24,36.78,56.16,985.4,1015.8,61.44,5.8,0.353,6.767,17.59,3387.0,0
29.31,38.71,60.74,1510.4,1509.0,42.79,27.9,4.26,7.042,15.2,98.9,0
25.24,36.6,70.2,1840.0,1826.9,33.46,9.7,2.581,5.308,12.17,209.0,0
24.06,34.06,62.34,1690.1,1657.6,34.16,8.1,1.752,8.522,9.15,2891.9,0
28.74,37.88,75.96,1383.1,1386.6,40.62,113.6,0.707,4.794,10.81,2149.6,0
27.83,37.6,69.99,3031.3,3071.1,19.59,104.0,1.846,3.762,17.34,5618.8,0
25.61,36.84,60.92,1731.0,1705.7,35.25,24.3,1.163,4.935,19.38,4339.5,0
23.69,33.26,72.08,1859.1,1850.3,35.47,11.7,2.197,3.819,19.15,1377.9,0
25.36,36.31,66.07,1431.0,1476.0,42.4,208.2,1.903,5.658,12.84,1690.1,1
26.74,36.12,75.61,1079.2,1076.0,59.42,3.4,3.389,5.167,19.39,4873.1,0
29.18,38.42,66.69,1434.6,1428.4,40.55,14.0,1.307,7.974,20.12,5918.2,0
24.78,35.44,63.84,2808.7,2742.0,20.77,153.4,3.227,4.029,16.5,2682.8,0
26.68,35.81,69.84,1789.4,1792.4,30.86,4.5,6.433,8.598,15.52,1412.1,0
28.2,39.02,78.3,1334.3,1360.0,42.62,25.1,0.701,6.068,17.4,3942.5,0
22.09,32.44,60.99,1486.5,1470.8,40.93,49.1,1.293,8.444,8.75,593.3,0
28.92,38.04,73.59,1067.9,1077.5,56.24,13.5,0.541,6.866,7.88,4008.2,0
24.49,34.41,64.59,1151.7,1129.5,49.6,22.1,0.877,4.719,14.66,100.5,0
27.51,36.97,65.9,1098.7,1023.6,49.3,164.0,1.696,5.059,14.43,5765.1,0
27.34,37.69,67.49,1535.3,1434.7,37.83,9.3,0.446,5.32,3.16,215.0,0
29.02,40.91,68.24,1148.9,1195.9,50.99,71.1,3.858,5.008,15.83,2698.9,0
27.95,37.58,64.15,1917.0,2011.7,31.04,14.0,1.029,7.94,18.85,3538.1,0
22.1,32.63,78.04,1290.4,1357.9,49.68,7.4,2.158,4.996,20.38,4837.8,0
25.28,35.3,64.03,1495.3,1457.1,37.18,40.3,4.083,2.724,16.3,1008.8,0
27.13,37.15,65.35,2493.1,2537.4,25.52,24.4,0.508,5.173,12.89,3699.3,0
26.46,36.29,77.91,1365.3,1337.2,45.93,21.1,2.315,5.18,19.82,1160.5,0
27.81,36.95,69.05,1076.1,1037.2,53.98,4.2,2.661,5.157,19.74,1747.7,0
28.43,38.76,69.62,1508.7,1573.6,35.93,39.6,0.485,5.628,15.72,3853.0,0
28.07,37.78,72.08,1107.6,1070.9,55.63,7.4,0.598,5.925,17.81,198.2,0
26.42,35.52,66.56,2505.3,2492.1,23.44,56.1,1.722,7.812,17.9,1357.7,0
23.16,34.17,63.85,2175.2,2160.9,28.03,45.6,3.82,6.341,23.43,742.2,0
25.94,36.04,72.35,1487.1,1454.0,38.53,125.8,2.9,2.329,1.74,622.8,0
27.68,37.45,55.61,1775.1,1851.1,36.29,92.7,0.803,3.835,18.41,5426.8,0
24.67,36.01,64.37,1491.9,1562.0,33.33,0.1,2.564,4.998,14.22,4379.5,0
28.11,36.28,65.04,1556.4,1479.5,41.34,4.2,3.956,6.543,15.24,767.8,0
28.67,39.94,71.06,1716.7,1739.3,34.71,83.0,0.916,6.022,18.18,5643.6,0
27.1,36.22,71.54,1459.0,1451.8,36.41,21.0,1.011,3.941,15.06,3055.6,0
20.72,30.93,64.25,1544.1,1508.4,42.78,31.5,0.38,6.477,16.06,4238.4,0
24.29,33.71,62.6,1810.2,1791.6,33.32,4.2,0.694,6.413,14.22,3263.3,0
30.62,39.7,69.17,1376.8,1386.9,38.94,19.8,1.638,7.145,17.12,5802.0,0
25.76,37.07,66.84,1887.1,1891.8,33.54,13.5,0.921,4.787,16.65,2162.1,0
22.88,34.74,49.5,2229.9,2260.0,27.94,9.8,0.358,6.583,11.2,476.5,0
29.32,39.1,69.75,1433.0,1466.9,47.64,24.2,0.916,5.912,16.93,4536.5,0
26.88,37.21,62.29,1054.4,981.5,57.08,2.5,5.392,3.216,17.99,4236.1,0
29.06,39.12,67.99,1033.1,1026.6,50.65,17.1,3.917,6.767,16.07,567.8,0
27.4,39.13,74.95,1504.5,1493.3,43.32,49.7,2.026,5.607,19.82,792.6,0
27.77,35.65,67.26,1846.9,1889.8,33.58,56.3,1.914,6.461,14.57,5377.4,0
27.58,37.95,65.3,1484.6,1370.5,37.13,2.8,3.757,2.199,11.1,327.1,0
28.24,37.52,67.03,1203.0,1291.6,50.57,32.1,2.076,5.283,15.52,2173.1,0
31.4,39.05,72.0,3342.3,3341.7,17.19,114.0,1.633,4.57,14.84,4260.8,0
28.79,38.43,63.91,1531.4,1548.5,36.37,29.8,2.317,7.288,9.27,4005.3,0
23.69,35.54,60.67,1237.1,1143.4,47.34,19.3,0.797,5.113,17.81,686.5,0
27.74,37.09,76.15,1960.0,1944.0,28.62,130.2,1.658,5.582,22.99,1538.9,0
29.13,39.92,70.62,1367.5,1312.8,44.23,88.7,1.868,5.2,14.81,5750.7,0
29.26,40.45,72.57,1463.5,1514.2,43.77,112.4,1.312,6.088,12.52,3175.2,0
26.0,35.98,71.14,2420.6,2396.0,25.46,16.6,1.719,5.553,6.61,3629.3,0
29.18,39.3,69.97,1379.2,1372.0,40.87,13.0,1.114,4.695,16.56,3448.5,0
28.71,36.99,70.01,1801.0,1766.1,33.83,22.0,0.629,6.259,18.8,770.7,0
32.0,41.28,69.06,1384.6,1334.7,44.16,116.0,0.974,5.492,13.67,1971.4,0
25.35,36.26,69.07,1292.6,1328.9,46.7,14.4,1.772,4.859,14.44,5312.5,0
25.84,35.9,57.73,1282.8,1233.9,43.99,12.2,1.623,4.915,8.05,3666.9,0
26.24,36.61,65.41,1510.4,1519.7,40.73,2.1,1.777,6.759,16.05,1463.6,0
25.87,36.0,60.09,1387.2,1360.7,42.89,8.8,1.254,6.031,10.41,2547.8,0
25.07,37.26,74.38,2034.3,2054.6,28.24,1.6,0.286,3.5,17.29,587.2,0
21.32,30.89,46.08,1620.2,1663.2,39.69,29.3,2.171,5.45,15.53,3878.0,0
25.98,37.59,61.64,1846.5,1851.6,32.04,5.5,1.452,7.816,14.15,1010.8,0
27.59,37.72,64.96,1191.8,1238.8,50.32,35.2,2.183,4.534,19.67,177.1,0
25.86,37.56,78.6,1178.4,1223.8,46.83,32.5,1.682,5.719,10.46,3560.5,0
30.72,39.5,72.79,1167.7,1184.8,46.8,0.4,0.978,4.089,22.24,4037.9,0
26.88,37.06,63.7,1073.8,1083.9,57.13,20.8,1.532,4.922,16.87,500.0,0
29.43,39.04,75.11,1503.5,1463.0,36.7,24.7,5.845,5.23,14.93,1764.5,0
27.37,37.51,59.81,1556.6,1521.4,34.51,31.1,3.09,6.421,12.79,5476.8,0
28.5,39.73,68.5,1523.6,1536.9,36.46,55.2,1.899,4.717,18.74,5534.2,0
27.41,37.79,68.05,2511.7,2472.5,23.98,30.3,7.326,7.805,13.14,5292.6,0
29.59,40.81,73.84,2586.4,2562.0,24.76,4.0,0.855,4.005,19.86,5411.1,0
26.96,36.29,59.34,1239.9,1273.1,46.21,25.8,1.246,5.963,20.5,1553.7,0
27.84,37.02,61.66,2391.0,2438.4,26.05,51.9,1.627,3.267,11.65,2767.3,0
27.58,37.6,77.83,2054.0,1912.7,29.25,8.9,0.674,5.708,16.98,5846.8,0
26.27,36.23,71.46,1471.3,1466.5,38.98,78.3,5.033,7.132,9.09,2441.4,0
27.66,37.47,59.95,1462.4,1502.1,35.88,79.9,5.352,6.009,19.34,1873.2,0
31.32,40.36,71.45,1255.0,1234.3,48.86,6.4,2.495,3.693,16.6,4667.0,0
26.31,37.51,61.06,1272.2,1303.1,40.6,75.2,0.243,8.548,14.36,3613.1,0
27.69,37.33,83.45,1827.1,1853.3,32.02,42.4,0.408,7.074,7.31,1402.0,0
29.37,40.79,77.76,1197.0,1192.5,49.72,24.9,1.971,5.007,17.45,3216.6,0
29.13,39.14,75.39,1327.4,1301.5,47.29,79.1,3.934,5.667,14.98,2216.1,0
26.87,37.52,62.55,2101.2,2044.5,25.89,48.5,1.104,5.761,10.64,1405.0,0
22.08,32.64,61.73,1396.3,1319.1,42.52,34.4,2.119,3.183,16.11,5374.7,0
27.88,37.06,71.96,1743.0,1750.4,32.85,59.4,3.617,4.41,20.74,3129.4,0
22.41,32.78,60.17,1718.2,1640.2,32.59,35.1,0.806,5.533,21.17,4304.0,0
29.79,41.72,69.31,1090.3,1123.5,58.7,79.9,3.397,7.589,14.03,2764.3,0
27.19,37.44,60.52,1474.3,1520.4,41.24,28.7,1.252,4.51,10.28,1780.0,0
28.85,39.75,67.31,1696.6,1740.1,37.82,83.8,1.373,5.199,19.06,5014.3,0
25.05,35.74,67.2,1546.4,1517.4,40.85,40.8,1.888,6.889,9.46,4953.6,0
23.74,34.05,60.96,1310.9,1364.8,48.74,68.6,0.633,6.507,11.18,1123.6,0
27.37,37.56,73.02,1782.6,1647.9,32.98,20.5,2.224,7.622,17.94,622.4,0
26.78,37.33,74.66,1776.0,1745.3,34.69,18.3,0.914,6.609,19.88,3283.1,0
25.87,36.63,68.15,1163.0,1064.8,46.57,92.4,0.721,5.998,17.7,3091.6,0
27.02,35.67,64.97,2436.7,2450.8,24.84,48.1,1.187,6.009,14.14,736.8,0
32.38,42.63,81.77,1182.2,1146.5,49.91,27.4,0.574,7.467,17.69,3586.7,0
28.52,38.33,70.75,2272.5,2220.7,23.95,17.2,0.658,4.565,19.67,5299.4,0
28.95,38.56,65.8,1636.3,1551.1,37.54,0.1,2.719,6.648,17.09,4870.4,0
28.54,39.83,64.92,2299.9,2310.6,24.01,3.4,2.097,4.852,6.66,4576.5,0
29.81,39.08,78.92,1916.1,1907.6,29.44,42.2,1.379,4.96,12.63,5115.2,0
26.47,35.08,72.99,1047.7,1007.6,52.98,5.1,0.708,5.846,18.87,707.5,0
22.74,33.54,68.34,1213.9,1238.0,50.44,5.3,2.381,5.517,12.38,2523.1,0
26.47,35.05,66.66,1063.1,1028.7,51.51,14.3,6.333,5.067,19.65,1197.1,1
28.47,36.55,65.51,2324.5,2350.8,25.51,15.9,7.536,5.271,16.77,5060.4,0
24.91,35.82,61.27,1950.0,1876.2,29.49,18.9,3.518,5.429,16.45,806.6,0
26.5,36.66,68.99,1362.7,1442.2,43.4,106.3,1.111,6.333,19.95,5328.0,0
25.47,35.94,58.09,1310.3,1397.2,47.15,32.8,0.611,5.529,14.11,5864.0,0
29.85,39.41,81.26,1807.8,1776.6,32.0,43.9,1.455,6.129,18.03,3492.7,0
28.35,36.96,75.53,1685.7,1752.9,34.21,6.4,3.306,6.051,14.41,4322.3,0
28.15,36.97,76.05,2272.5,2242.2,28.69,74.5,1.107,4.645,16.62,396.7,0
28.09,37.82,63.38,988.0,1007.9,56.58,1.9,0.336,6.044,18.84,1719.1,0
26.78,35.5,70.38,1451.9,1347.5,35.25,95.8,2.131,1.8,11.66,4937.2,0
27.25,37.55,76.82,1465.5,1429.7,40.31,17.5,1.171,8.397,15.97,5148.3,0
24.48,34.02,59.29,1356.8,1394.3,40.84,45.9,0.693,8.759,10.83,3806.5,0
22.48,32.66,60.91,1118.2,1206.5,51.06,25.3,3.59,5.805,13.54,5556.6,0
27.15,37.31,67.52,2053.3,2046.1,30.48,4.7,0.738,4.575,13.22,209.2,0
27.5,37.88,78.6,1086.8,1021.4,51.68,13.2,1.079,6.243,12.32,5200.6,0
29.27,39.77,56.66,2247.2,2262.6,27.21,58.6,0.952,3.531,18.75,5807.9,0
29.99,39.65,77.78,1072.0,1001.1,51.66,5.4,0.356,7.554,15.08,4595.3,0
29.99,40.17,79.58,2697.7,2648.0,22.85,24.8,1.348,6.295,25.38,5315.3,0
24.85,35.09,73.49,1309.5,1285.4,38.95,38.1,0.313,4.454,15.28,2404.9,0
26.15,33.72,59.3,929.8,950.3,56.25,32.6,5.448,4.147,14.18,4548.1,1
27.81,38.46,64.43,1273.1,1223.8,46.97,4.7,0.692,1.911,18.31,1934.0,0
31.91,42.06,64.41,1273.9,1250.1,44.21,84.7,0.449,6.181,17.06,3345.9,0
29.81,40.37,75.48,1962.2,1969.2,29.52,103.1,2.018,3.144,19.07,4459.2,0
29.09,37.8,70.6,1932.3,1963.6,32.65,3.7,1.696,4.902,13.31,657.9,0
26.07,35.76,52.52,1168.0,1097.7,53.44,18.1,2.184,5.445,13.65,1904.4,0
25.08,33.99,69.31,1332.3,1306.3,44.72,8.9,0.376,4.705,16.11,907.3,0
28.43,39.17,70.93,1168.7,1172.8,48.9,44.7,2.879,3.442,14.51,3572.3,0
24.65,33.24,68.35,1392.2,1402.0,40.74,107.3,2.968,5.568,19.73,4489.9,0
26.37,35.44,70.09,1493.5,1507.9,37.18,64.6,3.2,5.536,10.51,858.7,0
26.62,37.15,65.42,1354.4,1365.2,47.67,29.2,1.548,5.299,18.65,3524.9,0
30.04,39.41,69.1,1515.3,1501.4,42.59,71.6,1.464,8.074,23.15,308.5,0
26.14,35.21,64.47,1541.6,1589.0,38.3,12.1,2.174,8.346,18.61,1286.1,0
21.97,32.88,66.16,2446.3,2479.7,25.86,51.6,3.489,5.239,18.89,5488.3,0
27.86,38.81,73.48,1199.7,1258.7,49.54,43.1,1.449,6.773,15.32,1354.2,0
25.45,36.17,60.22,1313.2,1280.7,44.4,20.2,1.236,4.802,10.58,4746.5,0
26.94,37.78,65.52,1823.4,1762.8,33.94,5.8,1.796,3.264,6.59,2825.3,0
26.68,36.45,67.39,1133.9,1120.0,51.79,97.2,1.461,6.08,16.96,5297.3,0
26.3,36.1,60.52,1342.0,1344.3,42.44,52.0,0.287,3.406,14.65,4552.9,0
28.43,37.78,66.07,1407.5,1421.2,42.63,17.9,1.285,7.138,10.09,1361.9,0
23.78,33.95,62.41,1340.8,1246.1,48.84,26.8,1.587,5.42,21.88,101.6,0
25.82,35.29,63.48,1204.7,1157.6,46.69,53.3,1.996,5.033,13.22,5441.4,0
28.22,37.79,70.02,1420.3,1380.5,42.94,111.4,2.045,4.001,15.55,1763.8,0
25.62,36.22,62.12,1761.9,1774.5,38.11,30.3,1.717,5.482,15.76,3893.8,0
23.63,34.82,68.44,912.7,846.2,59.84,35.8,2.583,4.916,18.05,1436.8,0
28.19,38.59,64.09,1704.6,1729.1,32.66,4.1,4.842,3.103,17.05,1048.3,0
29.1,40.89,75.58,1244.2,1178.1,47.46,60.4,1.412,5.155,11.2,3881.6,0
26.76,36.05,64.38,1523.9,1483.2,39.16,39.4,2.027,5.481,9.17,3400.5,0
22.93,31.09,65.76,1371.7,1314.1,44.55,17.6,8.826,6.579,15.65,2127.4,1
28.26,38.98,75.07,1065.9,1072.3,52.33,3.1,1.396,4.71,13.59,106.7,0
23.53,32.76,54.47,1642.2,1674.2,36.88,33.6,1.631,5.333,18.07,2930.6,0
27.47,37.19,68.43,1263.6,1359.2,46.02,17.6,0.271,4.811,12.16,5835.5,0
25.08,33.31,61.68,1590.7,1603.6,42.66,10.1,1.231,4.791,16.13,1794.8,0
24.53,33.63,66.44,1802.4,1788.6,33.59,42.4,1.857,4.931,18.87,4187.6,0
25.97,34.46,80.75,1206.3,1178.4,52.58,28.7,7.248,6.77,10.75,512.8,1
26.48,36.05,65.71,1338.1,1345.0,47.11,2.6,1.479,4.973,16.64,5504.9,0
25.56,35.17,74.23,1728.0,1837.3,35.65,68.1,1.11,5.011,15.65,1535.5,0
28.03,38.12,64.81,1170.9,1127.8,51.04,41.3,1.829,6.979,12.89,1202.7,0
25.96,37.2,65.26,1799.5,1882.3,31.69,2.0,3.38,5.554,8.51,739.7,0
28.81,39.49,64.72,1642.9,1676.2,39.71,29.6,1.149,6.802,5.73,5515.8,0
27.41,35.79,71.64,1553.7,1517.0,35.71,62.3,0.624,3.147,13.64,1038.2,0
25.45,36.06,61.38,1228.4,1228.6,47.51,50.2,3.226,7.94,15.82,1280.2,0
25.12,35.23,52.33,1586.0,1498.2,35.2,13.1,1.922,5.954,16.7,5688.0,0
23.56,33.46,65.97,1217.3,1239.7,47.58,52.0,0.554,5.297,12.81,30.8,0
27.43,37.41,72.5,1294.1,1235.4,45.94,77.9,2.364,6.621,19.77,4888.4,0
26.14,36.35,70.31,1675.7,1677.7,36.25,54.3,2.609,7.899,19.3,1429.1,0
22.11,31.41,54.17,903.6,896.1,58.3,20.3,0.484,4.208,13.28,1131.4,0
25.78,35.6,56.04,1650.8,1666.9,32.55,27.6,2.188,2.534,14.14,671.5,0
25.05,36.23,64.39,2306.7,2282.0,25.91,3.0,2.942,5.827,14.43,2766.3,0
30.0,39.3,66.37,1104.9,1122.2,48.56,15.3,0.759,3.135,15.53,1937.5,0
23.44,32.41,53.19,3230.0,3208.7,18.51,18.8,1.11,3.976,16.79,1369.9,0
23.97,33.91,60.27,1087.2,1069.7,54.92,4.5,3.238,8.584,21.55,1261.1,0
29.07,37.94,71.5,1566.4,1587.0,41.02,8.6,2.811,3.838,10.86,2370.2,0
29.56,37.84,63.31,2440.7,2367.5,25.73,74.0,1.305,3.505,13.45,5174.2,0
25.36,35.02,66.5,2009.7,2017.6,30.52,0.5,2.221,6.553,15.84,5740.9,0
25.59,37.03,71.56,2533.6,2494.5,23.66,29.9,1.136,6.624,11.49,615.2,0
28.08,38.04,58.73,1417.4,1384.4,43.83,14.1,3.292,7.567,13.01,1674.8,0
22.2,32.37,60.44,2162.3,2088.0,26.73,177.3,0.513,3.299,22.54,640.2,0
23.13,31.0,59.44,1530.0,1451.0,45.02,29.1,0.48,5.011,19.47,4008.7,0
26.29,36.73,49.86,1557.0,1531.5,36.95,73.1,1.844,6.488,16.75,5072.7,0
29.95,40.04,75.54,1548.4,1541.8,35.25,64.2,1.614,4.833,14.47,61.7,0
25.98,35.31,69.8,1362.1,1373.5,45.09,79.5,7.621,7.548,11.47,2969.2,0
27.05,37.23,65.91,1289.4,1282.6,46.24,38.3,2.093,4.798,18.19,383.3,0
29.12,39.29,68.69,1040.3,1059.2,51.46,61.0,0.652,5.033,18.51,5618.3,0
31.06,40.0,65.45,1609.6,1584.1,33.66,12.7,1.043,4.975,12.07,1229.4,0
25.7,36.03,65.57,1592.0,1569.5,39.7,126.5,0.86,7.24,17.29,3828.3,0
26.82,38.01,67.53,1827.4,1901.7,33.65,12.0,0.786,6.072,8.92,2218.4,0
30.49,40.27,68.83,1516.5,1549.5,41.63,12.8,1.873,4.934,18.62,2373.1,0
23.81,32.94,65.82,1882.6,1848.9,32.22,93.1,1.304,4.285,10.63,2024.0,0
28.91,38.73,77.66,1597.0,1579.6,35.76,4.7,1.103,5.679,18.81,2348.7,0
24.81,35.67,74.34,1566.5,1516.8,35.81,61.6,4.0,6.062,18.6,3000.3,0
27.05,35.83,64.03,1470.7,1531.1,42.93,71.3,1.694,5.854,22.18,3267.8,0
26.36,36.94,68.51,1497.2,1495.5,40.03,42.0,0.07,5.513,18.27,4792.7,0
24.93,34.26,64.99,1346.3,1278.2,45.06,15.7,3.134,5.941,22.64,4024.2,0
24.88,35.13,64.95,1405.0,1394.5,38.93,22.9,6.176,4.545,11.6,4087.7,0
27.4,36.84,62.2,1807.7,1737.9,34.2,93.0,0.682,5.758,10.48,4948.8,0
28.84,38.27,70.92,1388.2,1365.9,41.91,59.5,3.463,5.278,15.71,2163.3,0
26.59,38.11,70.44,1942.4,1934.5,30.83,38.4,0.562,3.931,9.29,5711.9,0
26.99,35.58,63.48,1304.7,1279.2,45.69,3.5,5.155,6.454,27.07,3092.4,1
27.99,38.48,81.37,1528.6,1535.4,37.15,65.7,0.665,5.538,20.41,1461.6,0
24.91,36.64,71.3,1402.2,1411.2,42.05,18.6,1.382,3.572,12.08,315.5,0
28.33,39.01,77.81,1322.6,1342.0,42.2,101.8,2.415,6.878,10.82,5181.3,0
28.49,37.16,63.41,981.5,1008.4,56.02,73.0,0.841,4.82,14.97,2624.3,0
32.06,40.78,71.27,1482.4,1532.3,43.82,58.5,0.902,5.563,14.88,3037.1,0
26.1,35.35,55.22,1446.5,1462.1,40.73,32.1,1.493,4.371,8.77,1180.8,0
25.93,36.09,60.92,1828.7,1778.0,33.08,36.3,1.27,5.247,15.48,3426.9,0
28.39,38.61,76.14,1254.6,1319.4,48.02,161.3,4.333,8.72,15.96,2396.1,0
28.49,37.22,72.99,1687.5,1790.3,37.3,27.3,1.997,6.216,23.03,1954.0,0
25.78,34.91,55.05,2366.1,2315.9,24.75,55.0,1.344,5.128,16.58,4311.3,0
26.04,35.23,61.45,1521.9,1477.6,38.05,23.0,3.565,3.72,19.3,2514.3,0
27.93,37.75,65.82,1441.0,1491.2,41.91,152.4,3.41,4.949,17.5,3840.6,0
25.19,37.18,65.45,1768.9,1816.3,31.81,9.8,1.328,4.779,17.15,2731.5,0
26.03,35.1,61.51,1485.6,1459.8,38.82,34.0,3.519,6.091,12.33,4882.2,0
27.03,36.05,62.19,1562.7,1486.6,39.29,1.0,2.871,4.5,10.86,3661.8,0
28.84,37.71,70.48,1820.1,1730.8,39.44,28.1,2.609,6.614,16.4,2630.4,0
25.64,36.28,65.75,1113.2,1077.6,52.35,114.0,0.676,5.167,13.43,1745.5,0
23.17,33.12,52.28,2358.6,2420.0,26.88,32.3,1.367,3.348,11.23,2620.2,0
23.02,32.12,67.0,970.3,974.4,60.34,77.8,1.67,7.091,15.82,5959.4,0
24.33,33.97,62.87,1528.7,1504.5,39.67,67.0,1.182,4.919,10.76,2044.4,0
24.22,33.43,68.82,1213.5,1285.9,45.8,0.3,1.517,4.311,21.04,149.7,0
26.54,36.84,68.61,1316.9,1332.1,41.28,64.6,1.922,5.415,12.87,114.0,0
24.47,37.16,75.28,2419.5,2394.7,22.74,49.0,0.29,6.08,4.33,3776.9,0
25.44,36.0,57.83,2247.8,2182.8,29.43,5.1,1.523,4.709,19.12,175.9,0
25.3,35.21,64.11,1888.1,1840.5,34.76,65.2,3.384,6.454,21.6,280.6,0
25.97,35.3,69.41,1129.6,1202.5,49.94,54.4,3.657,4.116,14.34,4044.4,0
29.5,38.15,68.86,2404.9,2392.8,26.16,80.4,0.299,7.231,14.88,3795.0,0
28.17,38.91,65.32,1756.1,1673.8,31.44,0.4,3.711,3.09,13.34,4348.5,0
26.88,37.56,65.04,1537.2,1516.6,41.65,30.1,0.623,4.683,22.61,5545.3,0
25.93,35.46,57.6,1328.3,1342.2,44.73,110.5,2.485,7.082,14.46,2864.3,0
25.98,37.2,75.23,1433.1,1430.7,44.43,1.9,1.875,4.65,10.22,5357.7,0
27.51,37.53,64.19,1939.3,2006.0,30.16,1.0,5.228,4.899,12.4,3504.3,0
28.02,38.79,71.1,2630.2,2675.9,24.02,34.6,0.446,3.174,18.39,5278.5,0
25.03,35.33,67.93,1384.4,1332.4,45.39,43.2,7.954,6.919,19.61,5937.6,0
26.92,36.75,72.76,1105.9,1072.5,54.33,25.5,2.661,5.391,18.39,1388.0,0
22.79,31.83,73.05,1688.0,1693.4,36.55,5.5,2.014,6.57,13.48,4358.5,0
27.27,37.13,63.3,1885.1,1905.4,28.55,63.2,0.836,6.017,16.42,5290.6,0
28.37,39.22,77.79,1630.7,1587.7,35.7,15.8,0.833,2.865,9.75,167.2,0
26.29,35.78,72.59,1458.7,1493.1,43.94,42.6,3.517,2.722,13.82,81.0,0
30.48,40.92,61.86,1611.6,1586.3,37.67,63.0,1.988,4.574,11.71,1275.9,0
25.09,34.0,60.4,984.4,1011.6,54.07,27.9,0.307,8.159,24.52,983.6,0
27.28,38.06,75.69,1265.1,1262.6,49.25,6.8,1.426,5.013,12.77,2718.7,0
26.78,37.09,65.86,1390.0,1387.7,41.84,89.9,3.779,8.053,18.05,5411.1,0
26.65,35.45,64.65,3081.1,3090.7,20.46,15.1,0.406,3.407,20.31,5347.0,0
26.62,36.4,75.39,1868.5,1879.8,33.08,122.8,2.438,6.42,18.72,682.9,0
27.06,38.0,69.95,1781.4,1786.0,34.52,26.1,2.251,6.473,12.59,5175.7,0
28.55,37.29,76.94,1548.2,1544.7,32.53,35.9,3.231,3.507,23.69,928.5,0
29.61,38.53,74.85,1611.5,1652.2,41.91,11.3,1.647,2.682,12.9,2093.3,0
26.85,36.78,73.94,1240.4,1348.0,42.11,8.7,0.876,7.671,14.03,3665.1,0
28.48,40.61,74.3,2791.1,2838.4,23.26,13.0,3.11,4.121,22.27,1679.3,0
25.45,34.77,70.51,1291.1,1265.5,48.05,13.0,1.585,7.301,17.21,1712.2,0
28.38,38.88,68.86,1532.4,1577.6,40.16,19.1,0.799,4.402,15.36,1744.8,0
25.33,35.59,73.76,1497.1,1524.6,43.58,38.5,1.805,7.062,15.38,2692.6,0
29.03,38.44,64.22,1353.4,1399.8,47.45,61.8,3.941,5.246,7.78,275.6,0
31.27,41.43,69.99,1834.4,1857.2,32.33,28.5,0.186,6.806,7.58,3670.5,0
26.61,36.16,61.96,1127.8,1139.1,52.59,9.7,1.27,6.566,17.27,2261.2,0
22.46,32.11,66.88,1636.1,1524.1,38.58,30.6,1.709,7.691,13.92,3703.9,0
25.75,34.09,61.14,1149.6,1122.5,55.13,21.2,6.828,7.932,13.13,856.2,1
29.31,39.29,66.63,1955.2,1995.3,31.06,55.0,1.073,6.55,16.96,4334.7,0
27.96,38.86,60.7,993.9,1052.8,54.38,20.6,0.997,5.044,10.27,2880.4,0
27.35,37.41,68.36,1832.3,1768.7,30.96,90.8,0.973,2.838,15.1,630.9,0
28.87,39.96,75.62,897.7,842.5,65.49,0.6,1.166,5.241,12.33,3973.5,0
27.82,38.4,56.69,2178.0,2216.3,30.48,0.1,2.526,5.1,18.29,3768.4,0
29.29,39.23,71.47,1197.1,1177.7,50.57,35.0,1.081,7.786,13.81,4859.8,0
28.69,38.06,62.8,1830.6,1844.8,36.38,65.0,1.096,7.521,19.03,5426.5,0
29.89,39.41,67.37,1245.1,1264.4,47.15,5.1,0.556,5.684,13.32,3770.2,0
27.57,36.1,68.51,1506.2,1553.6,39.59,58.6,0.791,6.365,11.13,2495.7,0
28.66,38.39,73.79,1907.3,1978.1,29.09,10.4,2.001,8.18,15.15,4652.3,0
26.24,36.38,68.32,3342.3,3295.5,12.03,39.7,2.049,4.423,19.11,4554.0,0
25.65,37.36,68.22,914.2,878.9,65.08,30.1,1.472,5.898,10.84,5354.6,0
30.26,40.79,68.9,1455.7,1509.0,40.73,9.7,1.497,4.378,10.7,4591.9,0
27.28,36.42,71.73,3342.3,3338.2,10.56,3.9,0.705,6.609,11.58,3645.5,0
28.46,37.02,74.82,1428.5,1446.4,43.03,12.9,2.448,4.754,21.7,3419.3,0
27.1,36.89,73.12,1307.0,1246.7,46.9,33.8,1.254,2.844,12.2,3458.3,0
25.68,36.49,68.24,1677.7,1666.8,32.85,25.4,1.955,7.316,19.76,2842.2,0
26.87,36.65,62.63,1835.5,1878.8,32.92,103.6,3.503,5.396,14.19,4140.3,0
29.72,40.26,72.02,1558.1,1575.1,39.8,15.0,2.373,7.607,12.82,5206.5,0
27.96,37.78,73.85,1101.4,1099.0,52.03,30.7,1.835,7.383,17.85,1270.1,0
23.43,34.14,63.85,1541.4,1446.6,41.0,5.9,1.55,5.985,14.77,3720.8,0
26.42,34.82,61.98,1094.7,1023.3,54.63,33.7,3.578,3.656,20.94,3834.6,1
30.41,42.02,78.74,959.7,1007.9,51.31,8.3,1.051,6.15,12.11,4529.3,0
26.42,35.31,61.76,1527.5,1550.4,37.71,103.7,0.89,4.939,15.94,3719.1,0
23.25,34.04,79.01,2337.6,2354.9,24.29,22.7,3.202,8.954,10.5,1833.3,0
30.64,40.36,68.09,1588.4,1639.6,37.73,24.0,0.735,6.373,8.8,386.0,0
28.21,38.1,68.36,1380.1,1400.9,45.26,17.6,1.143,7.755,12.75,2056.4,0
26.71,36.47,66.39,1604.2,1561.0,40.6,7.4,1.606,5.923,14.04,2102.8,0
26.11,36.36,54.59,1317.4,1331.2,46.34,14.0,4.884,7.646,13.43,3559.7,0
29.01,39.47,72.65,1332.4,1349.5,48.63,63.5,0.525,6.519,9.71,4327.8,0
25.77,36.82,67.17,1337.0,1343.9,45.31,133.3,0.566,5.046,13.73,5257.2,0
29.15,40.55,64.81,1698.5,1720.0,37.25,40.1,3.099,7.3,13.66,1766.9,0
27.93,38.27,67.42,1335.0,1327.1,45.2,30.0,2.19,3.19,21.06,4043.3,0
27.34,39.05,70.75,956.8,940.2,62.35,124.9,1.824,7.767,17.0,1206.0,0
27.14,37.23,63.3,2269.4,2264.4,25.1,53.6,2.654,7.884,7.72,92.5,0
26.5,37.58,71.58,1368.8,1414.2,44.87,80.5,0.749,6.382,12.32,4187.1,0
28.94,39.37,70.25,993.8,1078.7,58.32,7.5,2.677,4.76,17.29,3368.9,0
25.12,34.57,73.06,2082.7,2084.0,28.25,21.4,2.178,3.859,12.97,5419.0,0
23.61,33.79,66.89,1096.7,1135.0,50.01,39.8,1.162,6.811,11.85,3670.2,0
28.08,38.58,67.45,1188.3,1215.0,51.35,0.9,1.566,6.455,10.38,5133.9,0
28.11,38.08,55.89,2301.3,2404.3,25.23,73.4,0.718,2.604,15.2,5965.3,0
27.81,38.22,67.03,1071.3,1158.6,47.12,2.3,2.545,4.91,22.16,2610.4,0
27.67,38.53,67.11,1609.4,1614.4,37.29,3.3,0.556,3.111,11.31,2221.7,0
26.21,36.19,79.67,1590.6,1571.1,39.4,3.5,0.6,5.414,19.66,518.7,0
28.42,35.48,59.43,1660.9,1559.1,36.75,39.1,1.096,4.684,16.71,5321.3,0
26.76,38.44,74.84,1192.4,1202.2,53.13,53.3,0.173,5.567,12.7,5766.2,0
25.88,35.58,67.73,1766.3,1780.1,38.88,54.1,1.63,3.893,16.97,5994.8,0
26.23,35.4,60.06,1629.8,1638.0,35.37,59.0,1.915,7.547,8.84,2001.3,0
30.89,39.77,71.09,1664.6,1677.8,35.54,85.4,3.486,2.979,17.66,2726.6,0
23.38,33.04,64.15,1701.6,1731.7,36.59,4.8,1.27,6.906,14.27,1060.7,0
27.85,37.29,68.48,2088.5,2086.1,29.2,19.3,1.745,7.178,14.69,3207.3,0
23.49,32.75,68.96,1585.5,1534.8,35.28,1.6,1.549,3.575,15.15,1232.0,0
26.63,35.95,69.37,1402.1,1428.1,41.18,117.6,2.913,4.831,18.71,668.0,0
25.98,36.51,72.38,1410.5,1410.3,44.04,30.6,4.612,5.594,11.68,536.5,0
22.68,34.71,78.05,1057.1,1032.4,52.04,37.2,1.793,2.817,5.98,944.2,0
27.63,38.45,75.73,1402.2,1503.9,42.41,25.2,1.255,5.173,5.33,2763.3,0
26.09,37.21,56.85,1670.2,1679.7,35.26,137.2,1.851,3.298,13.49,1848.2,0
22.65,32.27,57.18,1941.8,1915.2,29.89,15.6,1.532,5.202,23.96,3442.5,0
28.53,38.63,72.82,1533.4,1558.2,42.94,26.2,0.576,4.564,13.43,2925.9,0
29.72,40.15,74.04,1398.6,1511.1,38.83,253.0,1.073,5.789,20.78,3341.6,0
29.83,39.17,68.75,1580.3,1609.4,39.16,6.4,2.122,4.908,12.12,2382.4,0
27.57,37.14,63.69,1405.8,1383.2,42.63,15.5,2.757,5.992,18.03,292.3,0
26.94,37.8,74.46,1231.8,1357.7,45.19,121.2,5.224,4.42,12.52,2103.2,0
29.51,40.6,78.17,1479.0,1507.8,42.7,0.0,0.423,0.419,9.5,3493.8,0
30.21,40.28,70.37,1548.9,1573.6,38.29,3.8,2.127,5.053,15.08,2284.8,0
29.12,37.92,74.74,1861.9,1826.4,31.99,31.2,0.479,3.304,15.86,901.6,0
24.97,34.67,86.02,1765.8,1765.0,33.87,74.9,4.202,6.91,15.9,2054.1,0
27.25,35.81,61.46,1116.7,1159.9,48.48,10.2,4.919,3.957,20.77,839.3,1
27.73,37.8,65.96,1712.6,1752.4,35.76,25.6,2.457,7.056,17.18,5892.1,0
23.23,33.49,52.77,1929.3,1823.0,26.54,46.2,0.318,6.35,20.19,2874.4,0
27.79,37.52,55.24,1322.0,1306.4,51.6,167.1,1.993,5.714,20.15,5461.2,0
31.4,41.64,73.64,2014.4,2028.9,30.58,76.6,3.574,7.302,14.86,936.4,0
28.13,38.55,78.74,1584.8,1515.8,40.35,20.2,3.046,1.753,7.76,2514.3,0
29.8,40.05,71.52,1456.9,1375.2,44.91,13.1,1.754,5.303,13.21,2781.0,0
27.22,36.01,74.26,1568.7,1619.5,40.03,6.1,0.794,5.42,16.97,2301.5,0
26.7,36.45,86.59,3342.3,3342.3,15.22,2.1,2.285,4.835,15.5,1833.6,0
27.61,38.02,68.77,1479.2,1462.7,43.9,99.9,1.945,5.507,21.93,3757.9,0
25.22,36.8,60.99,998.3,985.6,53.26,5.4,3.43,5.154,20.31,5670.0,0
24.92,34.65,73.4,1082.5,1111.5,47.87,64.7,0.789,3.405,17.55,5219.2,0
29.38,39.93,74.6,3342.3,3367.6,18.76,0.0,2.07,6.225,16.07,4138.4,0
29.59,40.47,80.71,1003.7,1045.7,61.27,20.4,2.474,4.703,13.8,3615.1,0
24.87,34.67,64.26,1988.4,2007.5,26.74,2.6,0.316,5.911,18.01,2217.2,0
28.79,39.93,71.76,1901.3,1936.4,29.22,16.7,1.091,5.562,14.83,3350.9,0
26.68,37.88,56.52,1267.0,1316.0,47.82,57.9,2.388,6.931,10.53,5261.2,0
27.53,38.91,64.79,1287.4,1356.6,44.53,109.4,0.915,8.174,19.64,5493.8,0
27.77,38.23,70.8,1325.4,1339.6,40.8,3.3,3.521,2.872,7.25,2976.2,0
28.84,41.2,70.86,1841.4,1842.3,34.31,8.7,3.714,7.16,12.2,4185.5,0
27.02,36.4,64.51,1152.4,1221.4,53.31,14.1,1.364,6.508,13.37,3393.6,0
29.67,41.79,65.98,1466.0,1421.9,39.61,49.1,0.207,6.034,11.22,12.1,0
27.47,38.24,64.05,2392.8,2360.6,24.34,97.1,1.398,6.946,11.31,3943.0,0
28.1,39.44,62.61,1130.8,1164.4,52.32,10.8,1.156,8.127,15.69,684.8,0
25.18,34.86,67.76,1420.2,1463.8,42.19,8.4,4.707,4.607,13.07,812.0,0
31.17,42.01,69.64,1147.3,1112.1,51.15,2.4,0.933,10.484,16.97,2500.4,0
27.79,39.22,69.05,1179.5,1204.0,45.73,0.2,1.238,3.581,15.35,4882.0,0
28.28,37.19,63.12,898.1,889.9,63.92,24.3,1.306,5.026,15.27,2069.2,0
23.63,33.47,64.24,1697.9,1682.7,36.9,1.5,1.322,6.449,17.44,3837.5,0
25.2,33.06,70.69,1483.4,1489.9,40.16,2.7,0.655,4.749,11.13,982.9,0
29.33,39.15,69.98,1278.8,1321.7,47.2,33.6,0.322,5.357,6.98,5777.1,0
27.42,36.61,59.4,1761.1,1817.6,36.96,48.7,0.971,6.339,17.89,544.9,0
23.02,32.8,58.6,1440.4,1504.6,48.03,77.5,1.87,5.849,14.23,1216.0,0
28.93,41.85,80.2,3342.3,3361.7,10.53,40.1,3.032,8.113,16.93,2857.3,0
25.76,37.48,65.07,1622.4,1599.9,39.27,97.6,1.228,7.579,4.25,5987.0,0
29.67,38.23,71.19,1494.9,1488.1,38.97,108.9,1.433,4.746,12.62,406.7,0
26.67,37.23,64.57,1511.7,1506.4,38.61,16.4,0.869,5.99,14.26,2472.8,0
27.26,38.06,54.03,1783.0,1724.2,31.23,27.6,2.081,6.938,15.57,3795.7,0
29.21,38.87,63.73,1373.6,1321.6,49.06,7.7,1.894,2.392,19.11,136.1,0
25.06,35.23,59.15,1692.1,1575.4,34.96,6.6,3.508,5.834,12.45,3634.9,0
24.86,35.14,80.16,1414.5,1391.8,42.0,10.5,0.266,4.931,6.58,670.3,0
26.46,35.11,61.3,1515.8,1470.8,39.63,27.7,1.818,5.436,11.22,2727.9,0
28.5,37.47,77.97,1298.8,1310.8,45.0,60.4,2.709,8.346,13.62,1697.9,0
24.19,34.36,71.72,1123.7,1103.9,54.31,51.2,1.316,6.794,16.62,4795.2,0
23.51,33.61,64.66,1516.2,1589.8,41.95,163.8,0.47,6.199,16.38,3138.7,0
28.5,37.79,66.34,1156.8,1188.4,48.41,17.3,1.113,4.44,10.31,3622.0,0
25.64,34.85,66.89,1412.3,1254.0,41.45,20.9,5.336,7.279,18.98,1960.9,0
26.07,35.98,56.11,1782.5,1730.9,34.94,88.8,2.964,3.854,8.82,1288.0,0
23.14,34.02,67.37,1373.6,1356.7,38.58,12.6,1.756,5.317,24.96,3904.0,0
25.49,35.42,70.08,1681.2,1656.7,37.16,139.8,1.475,6.136,14.11,1578.2,0
26.83,38.46,82.14,1300.0,1279.2,45.68,11.2,0.817,5.921,10.25,635.1,0
28.71,38.01,72.2,1484.7,1404.9,41.07,35.2,1.769,4.949,13.17,770.7,0
25.31,35.5,60.52,1899.4,1916.0,32.06,52.8,3.602,4.461,11.0,2385.1,0
30.16,39.81,67.73,1534.6,1513.5,37.78,14.7,1.572,8.201,11.27,4667.8,0
25.48,36.07,68.7,2379.1,2327.5,24.74,5.1,3.615,3.649,17.91,2842.0,0
25.48,34.7,59.99,1677.4,1622.5,38.15,1.1,6.256,6.936,19.16,5939.2,0
29.92,41.85,65.29,1654.9,1645.6,40.01,43.1,0.99,5.127,13.52,463.8,0
27.27,35.58,56.1,1006.8,1119.2,58.08,57.4,4.308,4.442,14.94,1003.8,1
25.75,37.46,72.92,1058.3,1035.5,53.48,33.8,0.703,5.061,10.04,543.0,0
26.54,36.63,65.07,2238.9,2277.4,29.66,5.3,1.064,5.163,19.21,2220.6,0
29.56,40.11,66.46,1347.8,1400.5,42.02,21.6,0.985,3.792,12.83,803.3,0
29.78,41.12,67.95,1405.8,1377.2,42.19,36.6,1.077,7.656,18.85,4925.2,0
25.22,36.07,77.62,1604.0,1611.9,37.7,78.0,0.343,5.941,15.75,1572.6,0
26.77,36.04,67.21,1576.0,1518.0,38.33,76.3,1.226,3.975,12.9,676.6,0
27.03,37.63,68.97,1533.7,1416.5,36.46,14.2,3.602,4.38,10.53,1649.3,0
24.88,36.74,82.52,969.6,971.9,58.73,0.5,2.099,2.756,21.82,5865.6,0
26.74,35.85,64.86,1679.6,1678.5,35.84,36.3,1.181,5.969,16.99,4403.1,0
26.86,38.98,75.82,1452.2,1415.9,43.41,23.4,2.2,4.936,14.8,4810.3,0
29.13,39.52,73.66,3342.3,3401.3,14.71,44.1,2.487,3.221,19.22,701.3,0
29.26,38.83,67.45,1222.8,1241.4,48.24,54.5,1.169,4.031,15.74,5086.0,0
26.19,35.3,65.55,1119.4,1017.0,51.84,73.4,2.371,4.548,13.42,4163.5,0
26.42,36.2,68.24,1992.1,1963.2,29.48,84.4,0.085,4.196,9.03,1072.7,0
28.18,36.22,58.36,1710.1,1715.7,34.88,33.7,4.28,9.32,9.74,3238.8,0
25.68,35.26,66.81,1361.5,1390.9,44.52,15.4,1.844,6.98,18.28,3742.0,0
28.03,37.76,75.34,1421.7,1440.1,40.19,69.5,2.679,3.574,12.61,2773.6,0
26.67,35.6,62.37,1427.8,1442.2,44.66,40.1,2.813,6.416,11.15,562.9,0
24.91,35.66,67.06,1484.2,1522.8,37.13,9.7,7.77,5.224,17.79,2793.9,0
24.94,34.72,68.73,1009.0,931.3,58.63,28.9,6.378,5.77,13.52,3065.4,0
29.74,39.11,69.71,1992.0,1982.2,33.3,9.4,1.211,4.933,13.06,4508.2,0
26.54,36.21,59.39,756.6,714.3,66.92,17.9,2.161,6.463,9.34,2855.7,0
30.13,40.49,63.65,1134.4,1213.8,52.42,100.8,3.13,7.513,10.19,2899.2,0
25.82,35.9,73.97,1226.6,1248.0,48.32,2.2,2.405,5.699,14.93,1902.4,0
27.43,36.73,71.48,2049.3,2071.5,29.6,4.0,0.504,4.082,14.53,4963.0,0
31.64,41.76,75.44,1191.7,1222.7,49.1,53.3,1.644,5.572,13.4,2166.3,0
24.74,34.68,69.3,1332.7,1324.1,46.04,21.9,4.149,6.703,21.16,3690.6,0
23.05,31.91,58.3,2973.0,2926.3,18.8,45.0,1.201,6.873,14.8,5941.7,0
29.42,39.13,78.37,2240.0,2238.8,25.95,60.1,1.558,5.086,16.32,2844.6,0
25.2,35.78,54.88,1289.5,1312.0,43.58,15.1,1.136,3.339,9.82,4510.3,0
26.81,37.38,70.54,1513.8,1615.8,38.67,71.8,2.108,7.219,14.19,3283.1,0
25.68,35.45,60.3,1680.4,1746.3,34.84,43.7,2.465,5.242,13.93,5426.4,0
27.39,38.06,71.26,1099.0,1054.9,50.79,56.4,0.559,6.109,12.66,4519.8,0
24.95,33.97,55.59,1979.1,2010.5,31.16,11.5,2.069,8.462,23.3,1423.2,0
26.49,35.54,73.39,1650.3,1692.7,35.45,12.0,0.715,6.37,14.07,5309.1,0
27.75,37.5,64.17,1737.1,1676.3,33.53,35.2,0.447,6.521,15.95,1828.1,0
24.83,36.33,64.53,1232.9,1211.6,45.1,50.5,3.369,5.272,17.17,1.3,0
25.45,35.61,69.4,2560.0,2545.3,22.81,9.1,2.696,6.578,14.26,1687.5,0
26.16,35.88,79.19,1567.9,1503.4,35.02,4.5,1.008,2.257,14.78,5390.6,0
23.99,35.54,60.86,2714.1,2693.3,22.77,14.2,3.233,2.112,18.09,2319.8,0
26.0,35.72,58.47,1671.1,1661.4,36.87,49.6,0.312,5.807,9.45,665.5,0
27.09,39.32,66.31,1479.2,1519.3,47.23,173.9,0.743,3.168,21.13,373.3,0
26.05,35.54,75.2,1361.2,1344.8,47.41,22.3,0.894,8.044,16.39,892.1,0
26.31,35.3,61.75,1960.8,1928.5,32.72,82.3,1.81,7.067,20.91,3363.6,0
26.81,36.64,60.67,1313.6,1288.6,45.33,42.7,5.847,7.967,17.53,342.7,0
25.54,35.29,50.41,1702.0,1765.6,38.15,2.3,0.506,4.949,7.82,2042.2,0
28.23,37.42,64.72,1156.0,1192.7,53.61,40.0,0.701,5.976,11.41,3243.3,0
29.72,42.32,69.28,1510.5,1439.7,38.7,113.8,2.781,5.382,13.3,5193.9,0
25.92,36.24,69.19,3342.3,3347.2,10.27,105.8,1.5,5.026,8.98,2356.7,0
27.82,38.28,68.28,1278.0,1240.3,48.95,43.6,2.422,3.989,14.16,3540.3,0
26.37,35.91,61.26,1710.2,1632.0,35.41,52.7,1.919,5.058,10.12,2951.3,0
27.58,37.0,59.29,1562.6,1553.4,37.26,56.5,2.215,4.311,13.64,1562.4,0
29.98,41.01,71.56,1371.1,1448.7,43.36,46.3,0.231,6.235,11.39,4726.7,0
27.87,36.19,63.59,2173.0,2195.4,25.75,85.9,1.432,4.647,14.1,3227.9,0
23.3,32.16,64.4,1307.6,1286.6,40.75,11.1,3.795,7.42,19.61,456.5,0
27.76,37.51,64.55,1176.4,1222.4,45.34,29.6,5.795,4.255,11.86,1001.4,0
29.32,40.67,70.84,1346.3,1378.9,43.64,16.0,2.228,5.108,15.72,2545.9,0
26.41,36.03,66.3,1878.7,1859.6,34.01,5.3,5.634,6.06,11.26,1943.1,0
28.84,39.26,64.48,1313.4,1374.0,49.92,78.1,2.09,5.407,17.03,3833.4,0
25.47,35.5,64.82,2047.7,1991.8,30.03,9.2,2.071,4.621,12.26,4159.9,0
23.88,35.18,70.43,1717.9,1785.1,33.74,18.7,2.219,6.67,16.52,2334.6,0
27.13,35.55,65.92,1510.2,1538.9,38.64,125.6,0.876,5.0,7.19,1251.7,0
23.34,34.07,64.78,1517.0,1525.2,42.95,19.8,0.95,7.142,9.51,267.7,0
26.37,36.17,74.05,1740.2,1722.4,36.75,30.1,0.756,5.368,16.89,4414.0,0
29.42,40.35,60.2,1195.0,1095.5,52.29,0.6,0.824,6.416,19.9,867.4,0
23.03,32.21,68.58,1416.9,1374.5,42.95,125.2,0.5,6.156,18.76,5488.2,0
24.29,34.32,74.96,1476.4,1475.5,40.76,75.8,1.964,3.01,15.82,3035.5,0
24.79,34.68,68.45,1340.3,1306.1,42.6,18.2,0.856,8.276,12.29,1135.6,0
26.72,35.72,58.54,1143.2,1098.0,47.33,205.4,3.674,3.978,11.48,5795.5,1
26.12,34.84,75.57,1323.5,1338.6,42.41,27.2,1.841,7.085,14.22,1448.8,0
29.65,39.07,66.0,2637.6,2571.8,21.9,27.9,3.793,4.9,10.56,5128.6,0
28.76,38.89,72.65,1127.9,1124.4,50.9,4.0,0.527,5.452,12.97,4061.4,0
27.84,37.08,61.94,1452.0,1397.7,41.2,2.3,2.428,4.559,16.65,820.4,0
27.14,36.81,67.74,1291.0,1233.3,46.85,16.9,1.421,6.958,12.46,4965.3,0
27.64,35.75,70.59,1802.8,1865.6,35.94,6.7,0.706,4.37,13.08,5125.3,0
25.13,34.76,60.84,2957.1,2900.0,21.73,51.0,1.425,3.817,13.99,5390.7,0
28.56,39.59,67.08,3244.0,3134.4,17.21,70.9,2.75,7.526,16.6,161.9,0
24.63,35.33,64.04,1969.0,2060.8,30.56,23.5,2.747,7.568,13.52,4124.4,0
28.52,38.43,69.04,1224.8,1192.7,45.17,59.6,0.731,5.344,19.68,4612.7,0
29.22,39.47,63.1,1036.3,985.5,52.98,30.8,1.555,3.716,17.96,3820.0,0
27.27,36.44,62.57,1449.0,1488.2,43.02,9.5,1.557,4.808,19.75,5057.8,0
26.5,38.12,53.72,1946.8,1913.3,29.48,12.3,0.477,4.87,16.37,3029.5,0
27.65,39.72,67.88,1909.5,1888.2,32.16,9.7,1.145,6.973,21.09,3760.0,0
21.13,31.29,62.64,1049.0,1040.6,53.61,52.1,1.329,7.911,15.63,3521.3,0
27.45,40.05,63.08,2095.8,2116.8,26.89,0.1,5.014,6.362,16.91,4555.9,0
26.62,35.94,67.36,931.8,953.2,61.02,13.0,2.315,5.231,8.4,157.7,0
26.75,35.5,76.52,966.5,1036.0,58.76,133.0,1.632,3.846,16.4,2228.8,0
28.26,37.55,61.11,943.5,1006.5,61.35,8.1,2.418,6.33,17.32,1447.7,0
26.7,36.48,54.48,1326.5,1330.0,43.81,64.3,1.145,6.568,16.51,2182.5,0
24.57,36.88,63.01,1567.9,1635.7,36.58,17.5,2.175,3.443,18.29,4473.0,0
26.57,36.29,67.6,1381.0,1434.4,43.56,3.2,0.602,5.25,16.18,5959.1,0
26.99,36.13,61.5,1345.3,1318.0,49.09,17.7,0.927,6.589,14.47,4622.5,0
27.08,36.18,66.0,1948.3,1995.7,33.49,11.7,1.052,4.975,20.12,1340.9,0
27.17,38.31,58.85,2106.9,2243.8,28.99,15.0,0.243,5.568,10.52,777.2,0
28.93,39.93,71.86,1563.2,1539.3,37.16,75.6,2.959,6.889,17.97,1082.2,0
24.68,34.19,58.88,1767.0,1770.7,32.28,17.0,2.925,5.578,14.76,1147.9,0
27.2,35.33,64.33,1097.8,974.5,52.41,26.7,3.955,2.489,17.77,4531.3,1
29.43,38.3,63.42,1893.9,1913.3,33.84,21.9,0.394,7.236,12.77,115.3,0
23.38,35.1,57.8,1442.0,1476.8,40.96,1.2,2.234,6.184,17.28,4393.2,0
27.21,37.9,71.36,1080.0,1093.2,49.83,0.5,0.797,3.149,10.97,537.4,0
25.68,35.74,66.61,1147.9,1170.8,52.8,13.3,2.514,6.878,13.32,2728.1,0
26.11,37.98,56.32,1303.4,1350.5,42.09,73.9,2.229,4.208,15.93,4631.4,0
25.04,37.0,57.51,1338.1,1299.5,43.84,64.4,3.322,6.829,11.66,4953.0,0
26.51,36.47,60.66,2019.8,1974.2,29.83,89.9,0.924,3.471,19.16,5859.9,0
30.53,40.51,80.21,1122.6,1157.2,50.23,44.2,1.101,6.384,19.04,1658.8,0
24.32,33.74,68.35,1039.2,1067.4,52.64,5.5,0.798,5.87,12.54,2428.0,0
24.51,34.23,65.78,2834.0,2809.5,21.3,12.5,0.272,4.0,17.71,4554.9,0
24.25,32.76,64.49,1002.3,1018.2,57.63,36.7,4.062,6.274,13.91,4684.9,1
30.3,38.81,66.36,1634.0,1623.3,32.99,3.7,3.812,7.829,21.0,4703.6,0
25.93,34.2,70.35,1433.2,1480.4,45.95,45.3,1.432,8.412,6.02,3228.1,0
26.8,37.88,71.12,1382.3,1416.0,40.78,82.3,0.804,5.06,18.13,5474.7,0
26.04,34.48,59.98,1573.5,1592.8,39.4,166.3,0.07,7.045,18.36,3132.2,0
24.96,36.91,66.59,1698.5,1669.3,37.93,57.0,0.889,3.157,12.3,1840.8,0
26.38,35.65,57.03,1967.0,1914.9,30.07,94.1,1.109,7.511,16.59,583.2,0
31.77,43.5,70.39,1368.7,1403.8,45.24,93.8,2.205,7.039,12.47,5680.3,0
29.63,39.27,58.34,1480.0,1613.3,37.14,104.0,2.801,8.022,12.35,1982.7,0
25.14,33.58,57.57,2376.2,2384.1,26.91,1.7,0.344,4.732,18.92,5329.2,0
28.15,39.43,57.36,2009.7,1952.1,29.65,3.3,1.023,4.723,20.92,3779.6,0
25.19,36.59,65.04,2331.4,2419.2,27.08,108.5,1.825,7.267,11.46,1572.0,0
23.3,32.39,64.2,1794.0,1870.1,34.75,89.9,2.91,6.021,19.09,4563.5,0
28.89,38.56,60.06,1357.2,1428.7,44.85,10.5,0.985,5.536,18.68,4103.9,0
29.17,38.26,64.78,1832.0,1817.4,32.89,33.9,3.129,6.74,8.86,5554.4,0
28.94,38.82,67.55,1134.3,1115.9,49.75,92.6,1.916,6.541,12.37,1179.1,0
25.91,36.02,71.53,1513.0,1488.1,38.81,4.2,1.564,5.584,11.12,2544.2,0
26.52,36.17,57.52,1601.6,1578.0,37.11,1.9,0.959,6.964,15.34,1079.0,0
28.35,36.53,74.32,1419.4,1428.8,40.17,50.7,2.015,6.231,12.04,3739.9,0
27.63,37.05,77.81,1239.6,1230.3,53.95,16.9,0.251,5.505,15.0,4855.3,0
26.06,36.77,66.06,2306.7,2310.4,26.29,6.7,1.416,3.361,18.64,1407.7,0
23.61,33.4,69.72,1101.1,1120.2,56.56,15.9,2.561,4.89,16.93,3451.9,0
27.08,36.75,65.02,1154.9,1139.6,49.6,31.4,1.745,5.94,12.38,1728.3,0
29.01,38.08,70.61,1639.2,1571.9,39.78,29.4,1.62,3.317,18.64,3210.3,0
24.45,33.84,67.76,1190.7,1138.3,51.83,33.9,0.944,3.537,18.69,5618.3,0
28.13,39.54,82.44,1782.6,1779.2,36.78,35.5,1.825,3.366,18.89,4612.0,0
27.51,36.37,72.64,1404.1,1411.3,42.86,187.7,2.702,5.402,18.45,3266.5,0
28.35,39.07,65.99,1768.3,1692.8,34.59,170.9,1.628,5.381,10.25,3158.5,0
28.59,38.64,80.09,1226.3,1215.4,49.66,0.9,2.537,3.515,18.27,155.1,0
25.46,35.71,69.84,1729.3,1753.0,32.93,53.6,0.071,4.012,13.68,5350.3,0
23.62,32.88,62.05,1391.4,1433.5,39.49,14.5,1.659,7.272,13.59,5463.0,0
25.78,35.43,65.55,1313.0,1334.8,46.79,68.6,2.185,6.366,14.95,2289.7,0
28.63,38.62,70.85,1261.9,1308.0,50.48,1.4,3.234,6.321,15.2,4697.0,0
25.77,35.25,62.53,1885.3,1916.4,31.79,96.3,2.927,3.52,7.68,5589.4,0
25.46,35.79,67.16,1167.2,1083.5,47.53,16.6,5.453,6.208,16.92,5893.1,0
23.21,33.66,61.02,2106.7,2095.6,30.18,18.2,4.088,4.838,15.45,4231.3,0
30.36,42.53,76.4,3314.3,3346.5,18.5,75.2,0.966,3.278,15.77,2000.5,0
28.5,38.78,64.4,1900.8,1851.0,32.52,7.6,1.621,3.595,9.2,275.3,0
28.39,36.48,69.91,1352.8,1386.6,48.35,52.9,5.405,7.499,13.28,610.0,1
28.79,39.95,83.09,1566.8,1483.0,39.88,28.1,0.507,2.905,13.39,3598.3,0
28.0,37.8,76.54,1648.9,1717.1,34.65,51.1,0.704,9.374,16.42,231.8,0
26.36,38.37,66.74,1444.7,1451.6,40.55,41.8,0.899,2.621,18.3,5192.8,0
26.52,37.99,68.59,1358.1,1299.0,40.22,30.5,0.431,7.08,12.23,1604.0,0
25.99,35.49,50.61,1289.3,1240.8,46.22,32.3,1.913,5.919,18.15,4367.1,0
32.12,42.84,74.06,2456.8,2471.2,23.88,47.0,0.877,6.631,12.41,4940.6,0
27.96,37.37,67.92,1526.5,1507.4,38.98,14.6,2.257,6.475,13.07,3845.9,0
25.92,35.93,69.3,1463.5,1553.6,41.24,40.0,1.22,7.048,14.37,1446.2,0
27.78,38.46,71.88,2386.0,2368.8,26.35,71.5,0.69,5.385,12.92,3451.0,0
24.83,35.94,58.78,2232.8,2243.8,26.21,1.9,1.965,6.023,16.27,1208.1,0
29.86,40.75,74.02,1574.4,1653.9,36.35,21.8,7.217,5.992,12.18,3761.6,0
25.53,35.6,64.72,1506.2,1527.3,40.09,80.8,1.062,6.333,16.92,439.4,0
27.85,40.34,62.74,1457.4,1434.8,40.12,0.3,2.88,5.744,15.29,1311.9,0
28.98,38.62,69.25,1691.3,1667.3,34.44,80.1,0.28,7.13,9.88,5607.3,0
27.62,36.01,69.2,1868.8,1922.6,34.03,3.6,1.318,3.638,18.5,1334.9,0
27.04,35.62,70.52,1740.5,1820.7,36.05,8.5,1.503,6.496,16.53,5095.0,0
26.87,38.35,70.36,1573.5,1538.3,42.99,14.5,3.338,4.796,15.87,4835.3,0
26.74,36.66,68.32,1252.5,1220.4,52.45,48.9,3.13,5.593,12.75,694.2,0
25.7,35.86,72.49,3342.3,3315.1,17.8,40.8,1.029,8.88,8.92,5370.1,0
25.95,35.41,53.29,1169.8,1183.4,46.23,119.9,3.246,7.458,16.39,2600.3,0
29.81,39.36,64.63,1630.5,1722.0,38.89,46.6,0.732,3.009,25.63,4538.8,0
26.63,35.85,52.04,1306.1,1351.0,45.26,8.2,1.53,4.877,4.65,2766.9,0
25.28,35.75,64.11,1187.6,1196.5,51.86,70.5,5.008,4.415,18.68,155.9,0
25.82,35.72,61.5,1691.2,1703.8,32.45,9.0,0.851,6.486,10.58,5926.6,0
29.05,39.49,61.17,1211.4,1239.5,49.44,88.0,2.768,7.297,17.39,919.3,0
28.2,38.54,65.81,2275.8,2193.0,27.46,24.3,0.837,3.99,10.84,609.8,0
27.97,37.54,77.42,1553.0,1569.3,41.28,63.8,2.604,5.152,17.51,455.2,0
26.33,34.88,70.62,1634.2,1755.9,37.57,2.2,1.788,5.689,19.75,4618.8,0
28.0,36.45,72.78,1537.1,1504.0,40.46,56.4,1.249,4.593,15.2,1252.0,0
25.56,38.59,73.45,2016.1,1898.5,30.11,12.3,0.442,5.679,16.93,560.2,0
26.33,37.81,61.73,1302.8,1385.1,44.37,8.5,1.083,6.678,15.95,1775.8,0
28.79,40.13,60.05,1076.0,1050.7,55.86,35.3,2.28,6.253,11.99,5709.6,0
28.6,37.92,59.71,1993.3,2001.0,30.28,5.0,6.984,4.712,14.49,2408.9,0
24.89,34.9,64.1,1427.8,1468.6,41.9,49.9,2.234,7.831,17.09,3878.5,0
25.14,34.32,65.1,1234.3,1279.4,48.56,76.0,3.398,2.186,20.18,2416.1,0
27.07,35.76,65.03,1657.4,1738.4,37.03,58.7,1.239,2.281,12.69,2297.6,0
30.3,39.71,70.13,1123.3,1152.9,53.6,15.2,1.316,4.803,16.89,5302.5,0
23.02,34.35,68.17,1768.6,1789.7,35.7,3.0,1.376,5.994,13.61,1019.2,0
27.41,38.25,72.45,1520.9,1574.6,38.84,3.3,5.658,3.909,17.48,3409.6,0
24.1,33.13,64.38,1768.9,1696.8,30.07,130.2,1.169,9.133,17.86,5479.9,0
25.58,35.27,63.24,1465.3,1550.0,41.27,19.3,0.634,5.735,14.52,666.8,0
26.12,36.87,71.7,1473.9,1303.5,40.03,7.1,0.384,5.256,16.69,5147.7,0
26.01,35.44,63.48,1276.2,1280.6,46.36,24.9,0.855,7.004,9.06,2707.0,0
25.78,35.86,60.31,1768.8,1782.1,33.64,15.2,0.359,3.181,17.26,4643.9,0
26.86,37.27,61.79,1664.1,1696.8,33.18,56.4,2.094,7.653,16.5,2982.3,0
25.78,36.17,69.59,1254.2,1120.0,44.62,12.4,1.552,3.705,19.15,1772.8,0
23.93,34.18,69.22,1183.4,1117.8,53.97,149.3,2.357,3.585,7.66,1196.9,0
28.41,37.76,70.22,1373.2,1406.6,46.29,33.4,3.219,5.688,14.59,299.8,0
28.36,37.8,56.48,1110.2,1184.9,58.47,20.3,0.784,4.682,10.15,4938.7,0
28.54,37.4,74.17,1315.0,1293.6,45.55,68.9,1.8,6.648,10.33,4487.2,0
23.77,32.21,54.72,1359.7,1335.3,45.19,24.2,6.725,5.564,7.91,2295.1,1
27.45,37.33,58.44,1127.4,1107.7,46.79,7.1,0.873,6.834,16.02,2173.2,0
28.2,39.02,78.32,1000.4,1055.0,54.88,47.8,0.852,6.45,12.62,3876.4,0
24.79,33.41,64.09,1279.9,1358.7,52.38,53.8,3.179,6.046,15.44,4745.0,0
26.87,37.14,71.56,2052.7,2052.3,29.15,69.2,1.688,5.529,15.51,414.9,0
26.62,37.4,75.45,1326.3,1342.2,48.01,87.0,0.487,4.899,16.69,4982.8,0
30.53,38.7,62.96,1558.9,1532.8,42.65,29.0,2.508,5.198,17.5,991.6,0
30.7,40.43,76.01,1525.3,1524.2,38.06,62.9,0.966,5.565,20.22,960.2,0
23.52,35.17,72.55,2503.2,2524.9,22.27,30.5,1.712,6.734,14.75,4480.9,0
31.84,42.39,78.79,2260.3,2306.4,24.6,29.6,0.156,5.746,13.59,5533.8,0
25.02,33.15,62.55,1496.4,1457.6,36.36,194.1,0.969,4.548,10.37,2731.7,0
28.81,39.47,70.09,2214.4,2254.9,25.35,0.3,2.082,6.62,16.98,3080.2,0
28.79,38.04,69.03,1790.1,1739.7,36.56,10.9,0.644,4.794,11.79,1587.7,0
24.86,35.55,77.54,1406.3,1289.6,47.14,64.5,0.381,7.685,15.75,1684.8,0
27.84,37.15,67.3,1508.3,1560.0,34.19,3.7,0.951,6.298,22.97,2730.3,0
26.63,36.58,68.69,1626.8,1646.6,40.83,1.0,1.989,7.586,8.86,2695.1,0
27.96,37.42,57.61,1859.5,1943.4,29.3,11.8,3.007,5.475,10.47,140.9,0
27.31,37.31,69.85,1393.6,1340.3,42.99,4.3,2.796,6.48,15.38,309.7,0
29.24,38.68,73.37,1371.7,1418.6,45.08,45.4,2.564,5.445,10.5,2988.0,0
27.0,36.78,58.06,2258.6,2241.4,25.77,78.4,3.926,4.613,19.82,2195.3,0
26.51,35.34,74.2,1654.9,1715.0,32.48,8.5,3.112,6.558,11.01,4330.2,0
29.04,39.53,81.53,2300.4,2310.0,27.33,0.3,2.158,4.638,14.69,1719.2,0
28.01,38.19,73.49,1246.7,1232.9,45.09,5.8,1.747,4.617,16.72,3038.3,0
28.31,36.7,69.11,1347.8,1305.5,41.64,0.5,4.427,3.309,11.27,2099.9,1
25.52,36.51,68.44,1440.6,1462.6,39.5,80.8,1.106,7.512,15.17,836.1,0
24.76,34.58,61.23,1629.9,1633.1,38.72,202.5,3.984,5.437,21.47,3190.3,1
25.71,35.88,67.6,1414.2,1388.9,43.23,75.2,0.822,4.888,16.99,4797.6,0
25.61,36.37,73.47,1471.8,1526.7,43.43,20.2,2.491,4.653,13.45,5400.6,0
28.42,38.75,69.83,1703.8,1737.4,35.04,0.8,0.543,4.914,17.74,4117.8,0
28.8,39.97,66.85,1820.5,1727.5,33.64,56.2,2.599,4.447,5.75,23.4,0
26.54,36.25,69.45,1452.4,1420.0,39.41,2.7,6.65,3.817,12.69,1408.9,0
29.71,40.75,74.46,1499.4,1526.5,38.1,35.9,0.413,6.415,8.94,1493.1,0
29.59,39.71,60.74,1080.2,1049.3,60.61,24.0,2.473,4.555,15.89,5184.1,0
27.34,37.84,73.81,1689.2,1634.6,36.16,45.2,1.045,6.984,15.26,4968.4,0
25.21,35.61,60.67,1448.8,1382.2,42.9,73.1,3.158,5.651,11.34,4165.5,0
30.0,41.24,66.28,1384.4,1326.3,44.66,14.5,1.885,2.392,19.07,1097.4,0
26.73,37.45,72.78,1130.3,1156.3,54.01,49.7,0.497,6.413,7.0,5666.7,0
27.1,36.66,64.02,1795.9,1779.9,31.89,55.4,1.583,5.519,21.46,5046.9,0
26.17,35.53,56.23,1115.5,1032.2,53.4,51.9,1.892,5.629,18.96,4484.0,0
25.07,35.02,56.24,1623.3,1581.3,38.53,69.8,1.204,6.526,15.35,4932.7,0
23.91,33.15,63.4,929.4,905.6,65.01,32.4,1.7,4.265,12.81,1837.3,0
28.12,37.06,56.62,1328.3,1349.2,43.63,71.2,1.153,7.41,13.88,5319.0,0
25.28,33.16,65.13,2246.7,2187.1,27.71,1.8,1.188,4.933,16.17,1281.8,0
32.97,41.42,75.47,1596.1,1501.4,38.03,49.2,0.185,7.992,12.31,3184.4,0
24.68,36.66,67.05,1095.6,1103.6,53.36,30.4,0.341,3.712,14.33,5246.7,0
24.34,33.68,61.01,1490.8,1505.8,40.82,21.7,0.378,3.949,16.2,1802.5,0
27.87,39.77,67.66,1536.6,1602.9,39.4,16.6,0.792,5.782,17.24,4144.2,0
29.91,40.31,66.02,1237.7,1295.5,47.19,136.8,0.346,6.054,20.31,1350.0,0
26.98,36.93,74.33,1619.3,1581.4,36.55,65.5,0.518,5.381,20.79,974.8,0
27.99,36.49,70.06,1523.3,1556.8,37.89,0.6,1.738,5.726,14.59,815.9,0
23.16,33.17,65.44,1866.6,1900.8,30.55,58.9,2.348,6.896,8.63,446.8,0
25.49,37.39,63.81,1093.9,1046.4,57.29,3.6,1.217,5.082,14.85,4473.8,0
24.7,36.26,69.93,2224.7,2231.2,27.77,20.3,1.695,3.884,20.21,4261.4,0
23.06,33.33,62.65,1532.8,1516.9,41.69,15.1,1.79,7.583,14.5,1634.1,0
27.08,35.94,73.04,1377.9,1373.7,44.8,44.8,5.049,7.241,21.32,2492.7,0
22.36,31.41,65.13,1412.8,1393.5,39.86,23.9,0.336,7.024,10.01,5228.2,0
24.21,33.35,61.91,2052.1,2124.1,27.46,18.5,1.318,3.668,16.62,78.4,0
25.78,37.05,62.12,1916.6,1967.1,30.01,17.3,0.362,4.21,16.61,2043.5,0
25.19,36.82,70.92,1368.8,1420.1,45.23,20.0,1.724,6.275,21.84,5523.6,0
27.64,37.84,65.93,1997.5,2065.5,32.2,4.5,0.541,8.187,15.18,4187.6,0
27.46,37.16,73.06,2975.6,2942.9,19.28,125.4,0.983,7.726,16.7,2899.9,0
28.64,40.19,66.12,1291.3,1280.4,43.87,14.0,0.33,5.252,17.7,4159.2,0
28.35,37.38,67.19,1804.1,1830.9,31.28,18.2,1.163,4.264,10.66,3227.7,0
29.13,39.18,71.81,1262.6,1215.9,46.31,1.9,1.233,3.896,12.61,454.0,0
26.85,37.31,70.02,1424.3,1485.1,37.98,85.4,1.203,5.063,16.29,1174.1,0
27.46,36.59,68.82,1603.9,1573.8,37.5,18.0,2.518,9.634,15.67,2122.1,0
27.87,37.24,61.02,1440.7,1341.2,40.52,26.9,1.596,3.947,13.82,696.2,0
27.13,36.42,57.54,2148.9,2126.2,28.62,67.4,0.804,5.51,16.57,1304.6,0
26.06,37.47,71.61,1942.2,1920.8,31.75,142.7,1.413,4.311,15.62,5257.2,0
26.19,38.1,70.7,1557.7,1577.4,37.4,62.0,0.871,5.92,18.8,2536.3,0
25.21,35.33,68.48,1987.3,1862.6,28.56,1.4,0.519,2.755,12.83,1510.6,0
27.69,37.43,73.91,1230.0,1239.3,47.14,69.8,0.832,3.745,16.19,1951.6,0
26.66,36.06,68.93,1663.9,1673.9,36.93,163.6,0.644,4.018,13.45,3778.7,0
25.52,35.53,63.42,2441.4,2520.3,25.51,57.3,2.395,3.676,12.9,231.2,0
25.53,34.98,64.35,1992.2,1970.8,34.41,34.4,3.401,4.198,20.09,3832.8,0
24.43,34.33,56.28,1511.3,1524.4,41.01,0.1,1.437,5.5,18.8,58.3,0
28.81,39.22,69.13,1721.0,1708.0,35.54,12.8,0.613,7.574,15.41,280.8,0
27.01,36.6,73.55,1338.9,1338.5,44.0,0.3,3.935,5.139,12.8,392.6,0
25.12,34.93,60.65,1263.6,1230.7,45.74,26.4,6.323,4.299,20.23,404.7,0
28.47,38.28,72.68,987.3,1106.1,64.02,0.9,0.25,6.219,22.25,1307.2,0
25.73,35.41,58.89,1265.2,1248.4,51.51,11.3,1.27,6.995,9.23,495.1,0
24.04,33.6,70.21,2270.5,2268.8,23.64,39.9,0.72,3.7,12.52,3533.4,0
28.89,39.65,68.27,1614.3,1667.2,36.4,82.0,0.364,4.25,12.8,4232.6,0
25.78,34.01,58.48,1670.7,1638.5,37.33,97.4,1.881,4.395,14.08,1157.3,0
26.03,37.61,65.48,1238.2,1321.3,45.75,41.9,0.621,5.043,13.39,5946.2,0
26.93,37.07,54.72,1874.6,1893.5,30.66,41.7,0.572,5.175,14.39,5672.8,0
29.14,39.75,69.75,1790.2,1814.7,34.69,37.1,3.02,5.695,17.61,2417.0,0
26.89,37.62,73.33,2020.4,2027.7,27.56,0.4,1.334,4.951,13.75,5796.3,0
24.45,33.74,67.06,1730.8,1740.1,33.98,77.4,2.515,6.322,13.27,1652.5,0
27.94,37.02,66.02,1791.5,1781.9,34.35,53.9,3.425,5.013,14.52,2930.0,0
25.88,34.85,63.02,1679.6,1727.2,36.87,4.5,6.444,3.101,15.93,5959.7,0
30.63,40.38,70.12,2226.4,2148.7,28.13,12.6,1.44,6.309,15.38,4122.3,0
26.85,37.55,61.32,1284.3,1332.1,49.82,19.3,3.723,4.187,16.22,5540.3,0
22.38,31.8,65.79,1345.3,1369.4,44.72,2.7,2.311,4.793,14.81,3058.2,0
27.56,38.17,65.69,2368.6,2478.5,25.51,1.9,1.753,6.64,12.66,1441.0,0
30.74,38.37,61.83,1374.4,1425.0,40.26,79.3,5.006,6.95,16.87,2097.9,1
30.0,39.62,76.86,2591.1,2540.3,24.35,23.2,1.896,4.666,8.77,5923.8,0
30.51,41.68,70.18,1137.7,1156.2,53.42,107.3,1.403,7.224,17.23,456.7,0
24.81,34.64,67.43,1062.0,1150.5,56.14,18.6,0.382,7.118,18.56,4091.4,0
28.67,37.85,63.31,1573.7,1570.3,39.44,17.9,0.722,3.504,10.64,5767.9,0
25.41,34.75,68.76,1813.1,1782.2,31.47,11.3,0.157,1.143,18.69,5391.9,0
27.3,34.27,57.72,1904.4,1959.2,33.36,15.5,2.154,5.432,20.83,5122.0,0
24.3,33.29,60.53,1674.5,1677.0,35.46,16.4,0.353,5.207,11.52,634.5,0
25.56,36.62,69.99,1490.5,1464.5,38.93,12.4,0.557,6.765,16.05,5752.3,0
25.5,34.91,58.36,1080.6,1013.1,53.7,23.3,0.685,7.609,13.45,198.7,0
28.65,38.18,59.92,1302.3,1332.0,49.56,86.3,1.443,7.83,14.29,1855.6,0
28.45,36.12,59.41,1193.5,1121.3,49.71,14.2,6.653,8.993,14.26,5714.8,1
27.4,35.77,68.77,1429.2,1477.3,41.71,3.3,1.901,3.876,10.03,4598.7,0
24.15,35.34,66.0,2156.7,2178.5,28.46,8.3,2.745,7.693,20.68,5763.8,0
26.23,36.84,65.52,2009.5,1960.4,32.3,20.1,2.991,2.998,14.75,1439.1,0
25.36,34.06,63.34,1563.0,1625.4,40.61,38.1,2.02,1.576,15.44,4317.4,0
28.59,37.96,70.5,2026.9,2020.4,27.99,75.7,1.047,3.566,17.8,4579.9,0
29.21,39.18,65.48,1354.5,1319.5,43.04,4.8,0.344,5.625,17.09,5013.1,0
28.96,37.77,76.5,1276.7,1212.9,48.05,28.6,0.918,6.102,13.03,4740.9,0
25.34,33.34,55.04,1361.5,1312.0,45.45,30.0,4.899,5.285,13.79,3005.6,1
21.37,31.21,68.52,1338.4,1354.9,45.05,25.1,1.527,5.347,13.97,93.6,0
23.32,33.89,59.7,2913.3,2903.3,21.34,149.8,2.769,5.739,19.26,3456.1,0
29.69,40.29,75.4,941.8,937.6,53.33,11.8,0.894,5.458,13.36,4993.2,0
26.05,36.92,61.22,2489.7,2476.0,24.33,6.6,5.987,3.839,12.7,2522.2,0
25.35,33.79,61.45,1449.6,1555.2,38.47,2.5,0.659,5.689,12.7,1917.4,0
30.14,40.19,66.77,1294.0,1356.8,46.19,46.7,1.191,7.718,15.15,2127.5,0
29.38,39.11,71.11,1343.0,1436.5,43.59,29.0,0.608,5.215,16.32,3908.5,0
26.9,36.81,70.9,2355.4,2334.4,27.22,1.0,0.783,3.476,25.74,2452.4,0
26.26,36.05,67.6,2103.3,2147.8,29.02,30.4,1.695,8.112,10.41,2756.0,0
26.59,35.93,76.52,1258.7,1229.0,42.87,24.1,1.412,5.613,10.57,4437.0,0
27.3,34.29,67.01,1105.9,991.4,45.11,7.0,5.126,5.702,22.71,3483.3,1
30.05,41.21,66.37,2070.6,2017.8,28.93,30.7,2.193,7.899,6.2,3547.6,0
27.69,38.02,74.59,1297.6,1379.4,43.93,13.6,2.861,4.269,18.91,4184.3,0
28.3,36.82,70.46,2414.6,2435.9,24.85,3.4,1.826,5.955,12.1,5321.0,0
29.19,39.66,59.77,1259.0,1323.9,46.24,253.0,1.12,2.887,14.44,2766.7,0
24.51,34.06,65.4,1977.6,1919.1,31.16,29.1,1.183,4.389,14.42,813.7,0
28.36,37.94,66.14,1396.3,1397.9,40.81,4.6,1.675,3.298,20.91,5100.3,0
26.26,35.49,65.19,1687.8,1681.6,39.13,8.4,1.372,5.241,13.61,2729.3,0
21.82,32.35,61.73,1110.7,1010.4,51.61,9.4,1.65,6.277,18.24,4788.5,0
22.59,31.79,58.9,1290.2,1364.8,42.42,14.2,0.387,5.224,13.17,4603.7,0
24.81,33.72,47.55,1777.1,1815.2,34.01,114.7,1.059,6.318,11.87,1965.1,0
27.91,39.04,67.75,1277.9,1253.8,43.6,0.5,0.204,5.49,12.45,2635.6,0
27.08,36.9,64.07,843.3,914.7,61.42,20.7,4.137,3.971,13.16,5920.5,0
27.22,37.07,64.1,1208.1,1136.1,47.4,35.6,1.471,6.92,9.74,3331.8,0
30.75,41.44,77.95,1490.7,1497.0,39.41,11.8,2.375,6.473,13.84,2164.3,0
24.31,33.64,62.59,1803.6,1798.5,31.66,9.6,2.499,6.508,20.3,5928.2,0
26.8,36.33,52.17,1741.4,1723.7,33.84,7.5,3.391,4.565,17.98,4708.2,0
27.46,37.76,55.17,1150.3,1216.3,46.8,11.5,1.61,3.095,14.84,217.7,0
25.38,33.84,55.13,2033.8,2037.6,31.14,4.7,0.874,5.551,16.58,1903.9,0
26.91,37.13,79.37,1478.8,1426.4,40.03,2.4,1.691,6.901,13.57,4219.6,0
23.65,32.89,55.82,1105.0,1122.2,54.38,12.9,2.71,4.831,15.33,3344.3,0
29.67,40.53,75.2,1307.2,1276.1,41.5,19.4,0.837,4.501,16.48,4654.1,0
25.49,36.03,61.18,2074.9,2062.7,29.21,34.2,1.147,5.989,9.62,4255.6,0
30.91,41.33,76.85,910.0,953.0,61.78,55.2,0.793,2.926,16.91,3813.0,0
26.79,35.18,77.01,1078.2,1040.6,57.62,1.5,5.642,3.077,17.85,5379.7,1
28.91,38.8,67.66,1262.3,1278.6,45.01,37.0,2.407,6.602,12.37,4025.9,0
26.74,35.57,72.15,1097.8,1074.3,52.76,80.8,1.74,5.715,12.94,4145.9,0
26.79,36.75,79.02,1577.5,1590.1,37.33,21.0,0.862,6.122,18.9,1215.6,0
25.68,33.37,60.45,1297.2,1323.3,47.24,9.2,7.566,6.104,20.2,1843.5,1
27.09,35.55,62.71,1691.8,1793.2,35.76,18.2,0.598,3.318,13.45,1765.0,0
27.49,38.68,69.9,2317.7,2357.5,26.45,173.0,4.431,4.405,17.52,3638.3,0
25.28,35.65,59.64,945.2,1019.0,65.92,21.3,3.865,4.987,21.0,1024.7,0
26.6,36.25,68.65,2229.4,2225.1,25.93,13.2,4.699,6.25,15.82,1060.2,0
25.63,34.72,68.05,1364.0,1324.7,42.98,5.7,0.837,4.76,9.97,4048.6,0
31.45,40.37,60.97,1431.3,1394.6,42.86,31.7,0.61,6.19,13.13,318.4,0
26.67,36.87,64.14,1390.9,1424.0,45.16,17.6,3.133,4.281,9.14,1244.1,0
29.94,39.6,62.43,1556.5,1660.6,39.1,76.1,3.738,7.724,20.02,800.7,0
26.46,38.01,52.32,1587.8,1588.2,39.21,54.9,1.95,5.694,23.18,4650.0,0
27.37,37.18,66.1,1436.2,1518.7,41.38,110.2,4.773,6.079,16.59,1244.8,0
24.21,34.27,58.4,1424.9,1351.0,44.8,0.6,0.588,6.235,11.48,3472.7,0
25.96,34.57,67.37,1507.0,1530.1,39.98,205.6,5.161,2.344,20.05,1308.1,1
27.27,36.91,78.46,1549.1,1543.5,39.32,19.5,2.078,6.042,11.47,3537.5,0
30.02,40.2,69.94,2102.0,2087.4,26.79,123.4,0.503,5.336,22.62,2302.9,0
27.29,36.92,75.83,1072.9,1070.8,60.14,8.6,3.437,5.011,11.75,2823.7,0
29.62,39.13,70.68,1197.6,1171.9,45.36,10.2,0.482,6.032,15.68,2508.7,0
28.13,38.46,70.75,1298.3,1309.1,42.09,7.6,2.578,4.781,18.61,2731.4,0
30.1,41.62,78.23,1986.8,1998.4,33.76,19.5,3.392,7.441,15.67,1758.1,0
26.73,36.88,66.71,2042.1,2078.4,29.96,46.5,0.281,8.187,7.89,5785.7,0
31.63,42.77,69.43,1147.0,1149.7,48.6,42.9,3.348,5.731,16.89,2901.9,0
25.88,36.5,59.41,1495.4,1500.9,38.4,42.4,1.346,6.647,11.76,2078.9,0
25.32,36.4,61.86,1243.3,1253.4,46.21,14.6,1.198,4.955,15.96,614.8,0
24.43,33.82,61.19,2324.0,2308.7,26.48,60.6,1.041,3.806,10.07,1022.9,0
31.51,41.31,71.18,1048.8,1016.9,55.47,26.1,2.124,6.084,15.9,1757.6,0
28.49,38.29,65.16,1178.5,1177.5,49.01,18.6,0.845,3.851,17.54,4530.3,0
26.18,36.73,65.83,1559.7,1489.4,39.19,22.9,4.377,4.452,19.21,575.0,0
29.35,40.14,68.53,1367.7,1333.8,44.68,2.1,3.711,5.46,18.39,424.2,0
28.23,38.35,70.23,1239.2,1163.9,47.41,64.7,1.951,5.313,21.03,5650.4,0
30.78,41.66,73.7,2274.2,2245.3,26.63,86.5,2.05,5.418,17.56,3585.7,0
23.75,33.19,74.51,959.6,969.3,56.78,47.3,0.298,7.134,13.92,4567.3,0
26.32,37.2,66.39,1557.5,1502.2,44.83,9.0,1.058,6.975,15.56,2472.1,0
25.92,36.94,73.29,1800.3,1788.6,32.96,5.4,0.711,6.95,17.99,4112.0,0
22.9,33.58,59.88,2182.2,2198.1,29.03,64.1,1.613,5.771,8.65,5923.9,0
28.97,39.1,78.84,1298.9,1310.4,49.87,0.3,1.141,3.586,7.06,4378.9,0
26.31,37.02,71.11,1513.6,1529.8,42.11,26.7,1.434,5.012,16.25,177.6,0
28.33,37.44,65.54,1336.0,1271.2,44.83,114.6,1.842,4.531,23.57,4468.2,0
31.57,41.77,65.83,1506.6,1527.0,40.27,77.9,0.287,5.683,19.47,276.0,0
26.14,36.44,61.73,1769.2,1762.4,29.97,9.6,0.791,7.176,13.82,4906.3,0
26.01,34.68,71.72,1495.6,1576.8,45.09,9.4,2.639,6.013,19.01,3223.0,0
27.09,37.56,61.43,1651.1,1652.2,38.02,31.5,1.132,5.279,13.9,91.5,0
28.82,37.58,66.08,1487.7,1521.0,39.78,10.7,2.356,6.557,11.82,3656.6,0
25.72,35.29,69.96,930.3,918.4,63.77,1.7,4.191,5.388,9.86,2216.5,0
25.59,35.63,62.02,1253.4,1237.8,48.69,12.0,2.88,5.238,14.53,4184.9,0
28.96,38.23,67.66,1285.2,1247.4,49.27,1.6,0.445,6.55,11.89,2358.6,0
27.61,37.69,72.53,963.0,812.3,67.21,14.2,0.19,6.181,18.49,3868.1,0
22.76,32.83,69.52,1430.0,1380.7,43.85,51.7,1.671,4.508,8.84,930.7,0
24.4,33.58,67.75,1556.6,1609.8,41.2,15.1,0.848,3.362,17.7,111.2,0
29.85,40.42,74.44,1662.3,1659.4,33.21,77.9,1.632,5.758,11.64,5476.3,0
27.65,36.89,67.24,1527.9,1575.2,35.47,27.9,0.884,4.989,15.77,4527.2,0
25.33,37.61,63.24,3259.7,3330.2,19.53,33.5,0.464,4.836,12.39,779.1,0
26.51,36.4,68.58,1206.3,1173.3,47.9,0.9,3.233,4.71,18.89,2637.9,0
26.88,35.71,56.29,2338.2,2382.3,27.33,0.0,1.752,5.331,13.99,193.0,0
28.32,37.34,55.02,1395.0,1321.1,49.03,1.7,1.017,5.556,18.08,5995.5,0
24.13,35.28,67.99,1494.8,1446.0,39.57,79.3,5.997,4.666,16.06,5089.7,0
25.17,34.76,65.39,1450.7,1453.6,41.28,86.9,0.061,4.257,18.83,2783.8,0
27.4,36.03,72.15,1551.1,1563.0,39.58,134.5,0.681,2.915,13.02,50.9,0
26.65,37.5,73.12,1266.9,1280.8,53.86,208.4,4.846,6.059,22.24,4627.7,1
27.99,37.58,55.3,1106.5,1198.4,52.09,31.4,0.745,6.603,12.96,1066.8,0
24.39,35.04,70.94,1686.1,1762.2,39.71,11.7,1.164,5.698,15.42,3793.3,0
27.56,38.5,76.34,1980.5,1997.0,31.01,62.8,3.09,3.342,14.67,3396.0,0
29.03,39.31,70.01,1358.4,1357.6,49.24,19.6,1.134,4.208,18.02,3134.1,0
27.82,40.22,70.85,2036.2,2103.5,30.25,11.3,2.36,3.917,20.91,2380.5,0
27.13,35.4,61.1,2335.4,2309.1,24.45,1.2,1.997,4.139,14.81,4620.8,0
26.66,35.84,75.66,1340.9,1362.8,44.98,7.8,4.132,4.388,18.89,3876.3,0
25.18,34.92,64.9,1137.9,1061.3,52.18,26.1,1.564,4.507,10.67,632.6,0
26.71,38.97,64.66,1840.5,1851.4,35.95,16.0,1.307,8.923,16.16,3527.3,0
29.37,41.17,65.01,1298.8,1416.3,44.05,70.9,4.555,4.654,21.53,2545.1,0
26.61,37.9,65.51,1619.5,1679.6,35.84,49.2,1.032,2.539,15.36,2225.4,0
25.07,34.28,73.64,1328.5,1344.1,47.22,10.7,2.329,7.002,16.56,2149.3,0
25.87,35.19,64.55,1147.3,1187.3,50.95,37.3,1.606,5.666,19.47,2622.7,0
27.25,36.42,66.47,1551.4,1470.0,37.37,28.9,2.764,6.762,12.92,1657.7,0
26.1,35.32,59.71,2205.5,2241.0,29.72,38.7,1.583,5.37,23.41,2371.8,0
27.82,39.31,76.33,2147.5,2156.2,25.43,11.0,1.195,7.492,14.05,1643.2,0
27.9,37.65,60.38,1138.5,1203.0,49.26,7.1,3.141,5.733,16.49,4764.6,0
28.63,38.52,63.71,1926.6,1951.8,28.63,46.5,1.469,6.93,8.55,512.8,0
29.7,40.47,63.67,1333.1,1276.9,43.72,25.1,2.844,6.876,19.45,3897.7,0
28.84,37.18,56.97,1022.6,1104.9,47.77,12.1,9.377,5.699,17.95,3484.2,1
24.98,35.03,70.07,1752.4,1743.6,34.99,44.7,3.012,5.788,14.5,5619.1,0
25.04,33.95,65.45,1520.5,1614.1,38.34,57.5,0.504,7.242,11.1,3736.7,0
26.7,36.4,74.0,1210.4,1203.1,49.99,59.0,1.209,6.238,22.92,5676.4,0
25.95,35.36,62.61,1924.5,1878.4,31.92,48.4,1.431,7.015,17.16,3879.4,0
24.57,33.94,72.04,1887.4,1830.6,30.9,11.7,2.619,9.128,21.91,5665.4,0
25.97,36.19,58.76,1542.9,1469.0,37.66,8.2,1.671,4.759,16.21,328.8,0
25.9,36.12,63.32,1096.3,1135.8,52.78,109.3,3.788,5.012,16.31,4400.6,0
25.51,35.29,73.62,972.8,950.7,56.11,8.4,0.981,3.168,16.18,2724.4,0
26.22,36.59,71.96,1466.3,1506.0,39.01,32.5,3.083,3.912,12.62,2015.6,0
29.21,38.34,78.02,1721.0,1678.8,32.88,7.4,2.04,4.424,13.19,4626.9,0
27.25,37.93,65.13,1126.2,1152.7,50.64,50.0,1.196,6.012,15.38,460.6,0
31.79,41.59,77.11,2690.4,2680.5,23.31,151.4,2.035,5.138,22.25,3824.0,0
27.19,36.71,58.83,1480.5,1478.5,42.48,18.6,5.651,4.639,6.12,5775.3,0
26.27,35.48,72.69,1629.5,1661.1,39.56,2.7,1.907,5.208,20.04,735.8,0
26.86,36.62,67.98,1113.6,1169.5,52.94,73.3,1.471,4.629,11.25,3917.2,0
27.36,39.23,68.91,1182.7,1210.5,53.95,20.9,2.325,5.05,14.66,3930.2,0
27.72,37.66,71.3,1983.6,2061.1,30.57,77.5,1.746,3.282,12.96,2322.2,0
31.0,39.86,70.5,1332.3,1251.3,41.68,47.3,1.159,7.552,17.71,4248.2,0
25.16,36.08,69.12,1679.8,1631.6,34.29,73.4,1.338,5.124,20.88,2624.8,0
28.57,38.1,65.13,1579.1,1552.2,37.07,3.6,0.048,4.599,17.94,2085.3,0
27.27,37.55,89.38,1278.3,1308.4,46.17,14.2,5.166,5.117,11.77,5066.9,0
23.71,33.1,56.56,1709.4,1634.3,36.65,46.8,3.145,4.172,15.99,1653.2,0
28.39,39.67,70.87,1336.5,1283.4,41.94,113.4,0.282,7.167,18.48,5150.4,0
29.39,38.79,62.79,1153.9,1171.8,49.57,48.6,0.838,3.356,16.45,3049.5,0
25.14,36.53,70.39,1084.7,1059.9,55.15,97.9,1.175,5.643,18.09,1533.6,0
26.83,35.78,59.67,1406.3,1316.2,42.89,16.1,2.208,7.914,19.43,2340.5,0
23.4,33.11,63.71,1325.3,1345.3,41.18,43.6,2.388,4.325,13.0,231.0,0
24.33,35.73,71.09,1804.3,1792.3,28.93,60.8,1.412,2.309,15.11,1363.1,0
28.95,39.11,68.93,1060.9,995.8,55.86,1.4,0.947,5.293,16.65,4787.3,0
25.92,38.19,67.05,1311.3,1318.0,44.96,19.5,0.449,5.201,18.26,1782.6,0
24.63,34.36,64.39,1410.6,1263.5,41.36,9.9,2.332,5.287,15.64,3046.5,0
27.31,37.57,69.0,1491.1,1446.6,40.85,21.9,0.782,4.539,8.96,3961.1,0
25.81,37.71,70.24,1383.2,1472.3,43.61,27.2,2.305,5.868,15.24,4610.3,0
25.91,34.39,58.18,1309.0,1354.7,47.72,18.5,6.309,7.193,16.0,38.8,1
28.33,36.69,75.62,1188.2,1183.6,48.96,29.7,6.187,5.417,14.29,5580.0,1
24.53,33.73,61.43,1184.3,1208.1,56.11,29.5,0.655,5.808,11.18,2253.7,0
25.04,35.85,77.37,1427.1,1360.1,42.43,80.7,0.103,4.41,10.68,2339.1,0
27.16,35.55,72.38,1069.3,1147.9,57.54,92.2,4.479,9.084,13.87,5391.6,1
28.79,39.39,67.98,1285.1,1291.9,50.58,16.6,3.493,7.07,12.48,5653.9,0
29.33,39.85,62.93,1477.8,1479.4,39.4,6.8,6.031,8.364,13.88,2000.7,0
25.52,37.53,70.4,2544.7,2550.7,23.33,78.6,0.5,6.819,13.8,1939.6,0
28.72,39.77,73.08,1549.5,1551.0,40.86,3.8,1.989,3.555,10.38,1090.3,0
25.28,35.65,49.02,1000.7,998.5,55.58,35.0,2.623,4.382,6.05,4648.6,0
30.5,41.86,66.89,1888.7,1958.9,32.25,22.0,3.22,6.509,20.23,486.4,0
24.58,35.12,59.62,1433.3,1455.0,40.82,69.4,8.054,5.017,16.24,5360.9,0
29.51,39.05,48.84,1511.5,1483.9,41.65,31.8,0.166,6.51,12.2,3250.3,0
25.54,34.39,62.96,1207.0,1197.9,49.42,41.3,0.782,5.207,15.02,3913.6,0
30.88,40.31,69.13,1763.8,1824.8,36.12,27.5,0.657,6.705,21.31,5046.5,0
28.03,37.99,60.65,1876.6,1944.3,31.31,15.6,4.143,8.443,20.63,2528.3,0
24.82,34.99,66.12,1354.1,1289.7,45.7,8.8,2.659,3.508,8.55,413.0,0
25.81,33.67,50.51,1871.4,1880.7,32.57,27.6,3.861,3.075,14.32,4792.3,0
28.41,38.19,71.87,2979.8,2905.4,21.64,62.5,0.678,5.086,16.15,692.2,0
28.96,38.98,73.17,916.1,928.9,58.4,71.9,4.611,5.413,20.61,5952.7,0
26.71,37.26,53.93,1218.1,1184.8,49.27,154.1,2.22,4.702,10.86,2194.2,0
26.94,38.57,69.04,1012.5,943.8,58.83,14.8,0.819,6.073,14.84,2837.5,0
28.37,38.55,62.32,1134.6,1200.7,48.74,34.0,2.016,4.992,11.44,4200.7,0
27.11,36.2,67.69,1023.5,1080.2,46.8,11.0,2.329,4.292,13.53,3219.9,0
24.26,32.44,62.6,1213.6,1174.5,43.7,30.3,6.834,6.66,16.89,2411.9,1
25.22,35.91,72.46,1666.7,1689.2,38.14,179.0,3.391,6.682,11.6,1425.8,0
27.32,36.45,60.86,1338.0,1330.7,45.12,22.8,1.844,5.818,13.44,5620.9,0
29.28,40.15,58.51,1644.0,1634.6,34.47,4.8,1.316,8.352,15.37,1857.5,0
30.08,41.48,68.99,1869.9,1911.9,29.31,59.2,0.731,4.993,18.56,4649.9,0
28.41,36.86,75.57,1695.9,1714.3,36.68,121.0,2.527,4.153,11.79,3937.6,0
27.42,37.98,72.33,1102.2,1102.1,52.91,6.9,2.456,5.898,16.5,334.8,0
28.35,39.64,62.82,2119.6,2238.5,27.68,73.8,0.961,2.851,14.58,250.1,0
25.52,36.54,58.13,2325.7,2323.7,27.83,22.7,1.91,8.465,18.06,2641.3,0
26.54,34.45,70.17,1317.6,1310.7,45.91,20.3,5.249,8.464,10.19,3846.0,1
25.2,34.35,68.7,1688.8,1595.3,35.85,21.4,0.993,7.493,11.12,4748.5,0
24.35,33.07,66.53,1285.6,1401.2,44.85,14.9,4.822,2.035,12.11,3520.0,0
27.52,38.04,65.8,1111.0,1051.0,49.9,10.3,0.963,4.87,9.72,1198.9,0
27.22,37.63,64.19,1430.6,1496.4,44.62,31.3,4.836,5.447,15.49,2644.5,0
28.23,35.53,63.05,1770.8,1720.6,33.68,0.5,2.416,5.629,14.85,625.8,0
27.94,37.64,61.59,1113.6,1109.8,52.83,16.9,2.618,6.514,16.33,1294.6,0
27.34,38.14,70.56,1095.2,1127.8,47.42,16.7,0.789,7.091,15.52,2709.6,0
27.96,38.11,75.3,1627.1,1746.9,40.27,5.7,4.079,7.939,22.8,2397.5,0
26.76,36.91,66.94,1584.1,1541.4,39.78,34.6,0.714,6.627,17.87,5527.5,0
27.68,37.31,69.6,1292.6,1367.9,43.74,11.8,1.965,5.291,17.25,119.5,0
25.4,34.34,67.19,1504.1,1470.1,36.88,65.1,6.407,5.437,14.31,572.2,0
27.59,37.57,71.93,2471.1,2488.7,23.69,12.2,1.595,6.594,21.58,5653.2,0
28.19,38.24,65.8,1331.1,1276.5,47.5,12.1,1.103,3.708,13.87,1940.9,0
25.51,36.13,67.24,1361.3,1371.0,46.91,4.0,1.198,5.246,17.34,1720.4,0
26.95,37.65,77.91,3342.3,3372.0,16.99,29.5,1.122,7.946,13.74,5893.1,0
25.6,35.69,56.03,1339.4,1383.2,45.11,35.0,0.919,6.498,15.95,1578.1,0
25.8,36.89,66.57,1060.6,1101.8,57.56,58.1,3.174,7.097,17.03,1353.7,0
24.6,34.23,69.29,2206.8,2204.0,28.72,11.8,2.481,5.948,18.67,1060.0,0
29.38,37.94,60.14,1400.9,1380.2,39.27,53.8,1.556,6.992,10.79,3708.2,0
28.98,39.46,65.5,1583.7,1637.9,38.18,46.9,1.9,6.282,15.62,3601.0,0
27.92,38.05,78.65,1111.0,1186.5,56.6,2.1,0.357,8.313,11.15,2061.4,0
30.79,41.29,73.65,1138.5,1079.5,51.21,28.4,0.254,4.87,13.6,2880.0,0
26.47,35.21,64.61,1848.6,1842.6,31.22,2.3,2.101,4.403,15.39,4250.7,0
32.91,44.7,77.13,1456.6,1428.2,43.42,4.3,0.879,2.898,16.15,2886.9,0
26.39,37.11,61.35,1024.3,1040.5,63.03,4.5,3.376,5.463,14.85,4819.4,0
27.36,37.07,73.09,1693.6,1663.1,33.75,5.0,0.701,6.879,11.19,1988.4,0
26.05,35.12,68.6,1511.3,1521.4,39.89,23.9,0.156,7.385,18.13,90.2,0
27.59,38.67,67.49,1478.2,1527.8,45.14,4.5,0.444,5.566,8.43,852.6,0
28.52,37.42,65.27,1745.7,1660.2,33.9,3.1,2.039,7.564,16.25,3696.5,0
26.62,38.88,73.83,1007.2,978.1,57.63,2.9,0.435,5.959,15.49,2683.7,0
30.4,39.79,71.38,1636.8,1638.7,35.27,13.8,1.655,3.763,15.25,5572.7,0
27.33,39.05,78.76,2199.8,2158.1,26.11,49.9,0.387,6.858,20.39,1191.7,0
27.39,37.21,64.82,1613.1,1636.1,34.75,8.2,0.993,4.623,15.85,898.7,0
25.03,36.61,71.62,1281.0,1227.0,46.53,117.1,1.583,4.848,22.11,3616.1,0
27.69,36.95,62.49,1808.1,1827.4,32.02,23.2,2.305,7.468,20.88,4763.3,0
26.58,36.6,62.67,1321.2,1319.0,43.02,52.1,0.877,7.475,12.66,3224.9,0
25.63,36.44,64.97,1183.5,1143.6,45.63,25.2,1.151,6.142,15.12,2155.3,0
25.3,35.96,78.51,2236.9,2170.8,27.91,6.3,0.725,4.396,13.28,2400.8,0
32.19,43.29,65.52,1706.4,1724.8,34.36,6.7,0.997,3.876,20.19,2777.1,0
26.32,35.84,59.28,1379.2,1476.1,43.49,6.9,1.475,6.237,17.21,5669.8,0
23.94,34.02,65.26,1296.4,1334.3,47.02,37.4,1.851,5.914,10.68,1322.5,0
25.45,36.7,78.92,1863.6,1899.5,34.61,68.5,2.313,5.008,18.52,655.5,0
26.75,36.04,67.63,1500.4,1481.2,41.52,39.3,1.764,6.296,15.46,3246.3,0
27.94,38.52,65.65,1691.5,1692.4,37.16,61.1,0.753,5.72,18.61,3619.5,0
27.96,37.74,65.45,1296.9,1247.7,47.28,52.5,1.54,4.713,9.92,4848.9,0
28.2,38.41,72.24,1257.2,1217.5,45.19,20.4,4.517,3.908,14.67,4846.1,0
25.56,35.64,58.84,1600.7,1628.1,36.27,65.7,0.514,5.432,16.68,2056.7,0
27.53,36.74,79.63,1322.3,1266.4,44.78,57.9,1.946,4.972,12.79,4273.3,0
25.1,34.84,53.06,1600.1,1591.1,35.87,87.1,4.045,4.994,16.93,3615.5,0
25.61,35.76,61.18,1314.5,1273.1,44.57,5.0,1.407,5.374,12.98,5814.0,0
25.01,34.91,71.73,1397.4,1386.1,44.71,40.4,1.875,5.512,15.79,1880.3,0
24.47,36.05,67.11,974.6,927.7,63.71,48.6,1.342,4.698,18.27,5963.8,0
28.98,39.99,69.58,1707.9,1609.5,36.64,38.2,2.365,6.451,16.44,2104.8,0
28.23,38.52,68.63,1486.7,1508.0,38.59,5.7,1.736,5.011,9.36,2680.4,0
28.8,38.04,73.8,1656.2,1655.7,33.53,30.5,0.99,5.991,20.79,530.5,0
26.93,36.1,67.07,1969.8,2009.9,29.67,49.1,0.771,4.202,18.44,2609.6,0
28.4,40.38,70.68,1857.1,1933.0,35.44,12.1,3.342,4.758,16.32,101.1,0
23.33,32.32,54.93,1374.9,1397.8,46.65,7.1,0.614,6.304,22.5,2722.3,0
28.58,38.69,63.11,1319.1,1360.2,47.37,6.9,2.695,3.479,14.82,704.1,0
27.2,37.57,72.56,1370.6,1411.0,42.96,12.4,0.746,7.417,18.17,2166.5,0
28.1,37.79,73.1,1397.2,1485.1,37.04,95.9,1.305,6.363,7.58,2406.9,0
27.61,36.61,64.01,1786.7,1745.7,35.07,6.6,0.156,5.562,21.09,5273.9,0
24.88,34.09,63.81,1913.3,1898.8,30.83,52.5,6.469,6.275,18.02,5328.7,0
23.85,33.31,68.65,1655.0,1627.6,34.43,7.1,0.349,3.693,21.25,6.8,0
25.43,34.72,58.29,2072.3,2075.1,27.05,187.2,2.37,6.038,12.66,2401.1,0
27.98,39.31,77.98,1152.4,1117.7,53.58,4.0,3.955,2.956,23.58,2787.9,0
28.23,38.22,81.43,1013.0,962.9,58.37,34.1,1.004,6.888,18.19,5167.9,0
24.11,33.59,60.79,2864.0,2836.3,20.64,70.0,2.166,4.128,18.47,3893.4,0
24.89,34.99,76.84,1419.9,1374.2,42.89,14.2,1.751,6.714,11.6,2888.7,0
25.4,36.07,70.76,1342.5,1305.3,42.73,81.7,1.948,4.04,17.16,2365.1,0
26.14,35.79,65.57,1430.4,1343.5,42.09,7.7,1.488,5.568,16.36,3489.0,0
24.13,35.03,72.88,1850.4,1952.8,34.07,10.4,0.974,5.625,15.61,2829.4,0
24.01,32.73,48.81,1128.3,1087.5,50.23,6.0,3.837,5.578,16.91,2739.0,0
25.21,36.38,58.52,1322.3,1374.5,44.1,10.3,3.0,6.377,8.79,2544.8,0
27.02,37.01,60.68,1161.3,1212.7,50.34,37.8,0.991,3.912,18.98,4967.3,0
24.49,34.44,64.46,1824.8,1830.1,32.62,19.1,1.955,2.736,11.76,734.7,0
26.62,35.93,69.1,2360.3,2312.8,26.17,85.9,1.721,4.432,15.0,2181.6,0
28.97,37.74,66.33,1385.3,1439.1,44.35,2.5,1.258,7.097,14.12,5469.7,0
24.25,32.58,59.61,2002.4,2049.2,30.37,60.7,1.569,4.919,15.07,5752.2,0
26.44,35.67,66.9,1232.8,1276.0,50.55,51.1,2.282,4.55,9.59,4492.5,0
28.9,39.49,68.75,3249.8,3294.8,18.73,0.4,1.607,8.214,9.1,928.1,0
26.01,35.05,62.11,1660.0,1685.2,35.31,31.9,0.496,3.925,13.59,86.6,0
25.7,34.15,63.77,1896.7,1928.6,33.84,54.0,0.638,6.884,8.39,5746.1,0
29.18,38.27,74.53,1518.8,1566.1,36.68,0.1,2.606,3.967,11.0,3554.7,0
26.24,35.85,74.31,1245.3,1214.4,42.61,16.5,0.337,3.923,17.22,4915.0,0
29.06,38.71,73.83,1228.5,1224.6,43.96,12.1,1.671,6.792,13.63,4312.3,0
27.71,37.58,58.19,1213.8,1145.8,46.4,12.4,2.181,6.468,13.96,5578.6,0
26.16,37.2,77.44,1157.8,1231.8,47.55,14.0,1.742,4.253,20.87,5934.0,0
27.81,39.06,57.73,1382.2,1404.7,38.28,27.7,0.5,2.406,5.02,1656.3,0
27.49,39.5,68.45,860.8,797.3,61.09,18.6,0.173,5.287,13.07,5422.5,0
28.89,37.27,63.34,1100.5,985.4,53.87,128.1,4.233,6.032,17.01,1596.1,1
25.75,34.9,73.6,1579.2,1585.2,36.88,2.5,1.805,8.391,16.67,4236.1,0
26.93,37.63,68.01,1474.7,1465.9,38.63,7.4,0.186,3.634,9.54,3375.4,0
26.73,36.27,66.8,1609.0,1584.1,36.67,101.2,1.245,5.136,16.4,1660.0,0
28.26,39.12,67.29,1280.6,1296.0,43.63,98.3,2.634,5.335,13.34,86.9,0
24.8,35.01,59.52,2113.3,2162.2,30.28,7.0,2.782,5.393,20.53,1794.3,0
28.88,40.46,60.55,1889.8,1951.2,32.1,45.4,1.227,4.559,18.44,3855.9,0
27.78,38.83,68.82,3342.3,3414.0,18.33,13.6,2.316,4.735,13.94,3187.0,0
24.22,35.28,64.91,1658.1,1660.8,36.01,47.9,0.723,5.242,14.88,4422.5,0
29.27,38.85,67.32,1224.8,1310.9,50.65,63.3,2.547,5.954,16.13,3153.4,0
31.32,41.22,70.31,1649.2,1627.7,38.48,8.4,2.365,6.837,15.73,2493.5,0
28.85,38.55,71.46,1378.7,1395.1,39.04,7.1,1.334,5.961,14.79,5208.0,0
29.7,38.2,64.16,1452.0,1476.5,42.78,20.5,0.761,4.668,14.09,5013.9,0
27.02,38.49,65.77,1968.1,2006.7,29.98,19.6,1.236,7.163,22.83,2577.3,0
23.53,34.27,75.87,1548.0,1493.4,40.25,0.8,1.605,5.953,18.46,4458.9,0
23.16,32.82,68.19,1079.0,1120.8,48.9,77.9,3.037,5.919,16.23,3640.2,0
27.36,38.66,68.68,1378.8,1410.1,43.07,24.0,1.044,4.288,17.42,4168.2,0
25.67,35.04,58.88,1103.5,1033.5,49.78,27.2,2.306,7.269,12.13,2290.5,0
25.02,33.18,65.97,1126.3,1134.2,52.64,19.2,5.707,6.442,15.25,4679.7,1
26.72,37.73,61.91,1213.8,1203.9,46.63,30.2,2.261,6.812,10.52,3164.3,0
28.08,36.8,58.43,1884.0,1979.8,32.87,29.2,0.899,4.91,14.85,5670.5,0
23.94,33.75,70.97,1705.6,1726.1,36.56,64.9,3.817,4.37,10.95,904.2,0
25.95,36.16,77.53,1024.5,1006.7,59.31,85.3,3.176,3.209,13.71,68.3,0
29.87,40.26,61.62,1552.9,1528.3,43.14,36.5,1.424,5.648,14.05,5577.5,0
24.7,35.55,63.71,1325.7,1373.2,41.81,56.4,0.393,3.999,12.56,4466.5,0
28.59,39.17,70.49,1713.1,1729.1,31.4,1.5,0.968,4.001,18.38,5222.2,0
25.88,36.43,63.8,1496.1,1503.2,39.09,28.4,1.809,6.806,24.31,878.3,0
27.94,37.15,69.4,1173.1,1206.9,47.16,13.5,3.201,6.242,8.96,3481.2,0
29.04,39.34,73.1,1487.8,1493.3,40.15,2.5,0.643,4.183,18.14,5170.9,0
28.33,36.83,69.25,1589.5,1656.3,34.81,58.1,2.376,1.422,14.66,4043.0,0
28.67,40.23,64.81,1467.2,1455.7,37.13,3.4,1.768,3.675,10.42,5949.6,0
24.55,33.14,61.59,1279.3,1230.5,51.92,6.1,6.141,9.01,13.33,5316.8,1
29.08,38.73,66.22,1375.2,1359.3,46.68,47.8,1.461,5.676,15.53,5883.2,0
25.14,33.83,59.46,1185.4,1184.3,45.34,31.0,0.732,4.411,15.24,4648.0,0
27.37,36.64,61.29,1172.3,1183.7,44.41,120.9,2.154,6.663,16.37,224.1,0
27.37,37.38,66.53,2058.1,2070.8,28.17,21.7,1.647,4.444,11.71,1439.4,0
27.82,37.29,55.69,1509.1,1522.9,42.72,0.1,0.949,3.986,7.73,3574.0,0
27.52,38.67,62.08,1202.4,1173.2,50.68,253.0,9.279,6.344,16.08,2281.1,1
25.16,35.39,79.64,1484.2,1412.6,37.39,2.0,2.253,5.637,19.21,4165.2,0
24.15,33.69,61.94,1159.3,1063.9,49.77,0.5,2.142,3.475,10.26,5375.9,0
28.59,38.46,57.7,1299.3,1335.6,45.45,37.6,1.422,5.004,17.84,125.5,0
27.22,38.44,82.02,1248.0,1130.9,48.28,15.6,1.647,3.889,15.7,662.2,0
29.15,40.06,70.82,1332.2,1346.4,40.51,70.6,0.586,5.974,20.46,1430.4,0
26.76,35.62,57.35,1233.9,1257.9,48.87,53.2,1.027,5.26,16.9,477.0,0
24.04,33.36,66.66,2605.4,2635.8,25.35,33.1,2.577,7.056,22.32,1419.9,0
28.78,39.26,71.25,1469.5,1492.4,40.33,47.9,2.486,3.655,19.73,1138.2,0
26.11,36.46,63.55,1237.3,1233.6,47.13,20.6,0.593,5.953,7.68,4213.0,0
27.53,36.48,60.39,1284.1,1218.7,42.96,13.5,0.732,4.557,12.73,1432.4,0
25.56,36.3,60.41,1149.4,1117.1,50.96,10.7,2.269,6.569,8.09,3499.2,0
30.14,39.25,72.94,1559.3,1627.7,38.43,187.3,2.302,2.193,20.16,4682.3,0
25.1,36.4,66.66,1802.2,1826.8,34.53,15.1,0.776,7.309,14.07,1729.3,0
26.18,36.7,69.64,2387.1,2331.5,23.61,12.1,2.598,6.837,16.45,5957.6,0
27.06,35.93,74.45,1703.8,1657.2,37.27,7.8,0.797,5.747,7.99,1389.3,0
24.67,34.14,61.44,1363.6,1464.3,45.17,30.1,1.305,7.888,8.31,2332.9,0
27.51,36.96,77.55,1261.2,1201.8,47.61,55.8,1.388,4.755,13.15,4097.0,0
30.07,40.23,68.99,2212.1,2211.7,26.01,81.9,2.489,7.597,14.48,990.9,0
25.87,35.67,69.78,1212.4,1222.0,51.75,30.1,2.956,6.549,11.58,1950.6,0
27.64,36.49,64.83,2013.1,2062.5,30.26,126.4,1.08,5.206,14.25,3854.8,0
21.35,29.96,64.62,1371.3,1419.4,38.79,108.9,2.048,7.893,15.55,4747.8,0
26.77,37.32,80.8,1737.1,1767.2,34.31,26.6,4.993,6.022,16.6,5252.6,0
26.22,36.51,78.1,1417.5,1422.9,44.17,7.6,3.338,5.065,13.75,1568.4,0
25.21,35.32,72.03,1369.6,1396.4,40.94,57.9,0.629,6.752,18.34,512.3,0
29.01,39.28,73.32,1138.7,1293.5,46.78,8.7,1.518,4.938,18.01,4864.7,0
26.2,35.58,58.96,1018.8,1194.3,58.44,25.9,1.828,3.844,21.17,3705.2,0
26.5,36.68,62.82,1369.9,1400.9,43.98,11.9,1.398,6.043,21.39,4457.7,0
26.1,38.63,61.52,2026.8,2007.1,34.23,9.7,1.591,5.952,13.48,229.2,0
23.02,34.19,56.48,1323.5,1324.9,44.61,132.2,2.369,5.62,10.18,4679.1,0
24.59,34.3,65.14,967.3,1010.6,59.45,34.0,2.917,5.449,13.8,5749.6,0
28.77,38.25,64.91,1292.7,1245.0,46.56,3.5,2.744,4.745,16.76,5654.6,0
22.63,29.77,66.33,1348.7,1384.7,49.46,12.6,5.692,4.841,14.69,1145.5,1
25.32,36.39,67.31,2628.1,2637.5,24.06,29.6,0.601,7.063,14.12,5900.7,0
26.05,36.84,66.9,1353.5,1276.5,43.87,40.9,2.33,5.747,15.4,2181.3,0
30.34,39.79,75.41,1492.0,1511.8,37.32,105.2,0.836,5.634,13.33,4465.2,0
28.39,36.96,64.34,1776.3,1750.4,33.2,24.6,0.617,3.403,12.2,4249.6,0
25.74,34.58,58.97,1480.6,1534.8,39.78,100.1,1.069,6.678,11.03,1792.1,0
29.46,39.9,74.69,1580.9,1571.9,41.09,1.5,0.465,4.483,18.75,4259.0,0
25.37,35.28,76.41,1706.2,1633.2,33.76,38.0,0.898,4.734,14.38,4480.3,0
28.87,39.56,60.15,1380.1,1356.6,41.88,87.0,1.729,6.372,17.14,5992.0,0
24.13,34.22,60.69,1603.6,1612.7,38.27,24.2,2.929,4.429,14.95,1183.4,0
29.0,39.96,74.68,1110.3,1009.0,47.02,79.0,2.557,5.494,12.2,5626.9,0
26.04,36.41,68.49,1322.7,1354.6,42.28,2.2,1.31,5.674,13.34,4635.2,0
24.79,35.62,56.8,1400.0,1360.3,43.76,40.5,1.096,5.806,8.8,230.5,0
26.42,34.33,60.74,1141.2,1179.5,49.79,60.7,3.382,6.551,17.29,3856.4,1
27.4,36.17,70.82,1277.8,1370.8,45.55,71.9,3.965,5.972,22.0,3576.9,0
25.86,35.5,69.49,1620.0,1679.0,39.94,75.7,3.34,6.908,15.95,1148.7,0
27.96,39.04,67.28,2924.9,2918.0,19.13,115.7,1.811,5.911,18.42,5857.7,0
25.68,37.56,70.36,1163.3,1212.9,45.14,8.5,2.834,7.796,10.13,5140.2,0
28.09,37.93,51.14,2028.9,2056.4,30.88,65.5,1.614,5.145,7.22,2245.1,0
27.73,37.12,67.34,1638.9,1642.3,39.14,53.8,0.589,5.527,13.47,5103.6,0
26.73,34.77,66.8,1441.4,1598.2,43.71,26.1,0.393,8.903,25.17,2814.0,0
25.97,36.83,59.19,1047.5,1095.4,53.33,57.5,1.758,4.426,8.02,2120.8,0
27.15,36.6,71.34,1090.2,1063.8,58.42,142.2,4.777,4.653,19.45,296.8,0
27.95,40.91,70.34,1859.3,1872.1,30.79,25.9,0.048,5.008,16.17,4024.0,0
30.97,40.23,66.93,2388.0,2415.8,26.84,16.9,1.799,7.97,17.23,3776.3,0
28.73,40.83,70.03,1449.8,1473.2,43.26,17.9,1.51,6.307,15.83,5334.4,0
28.8,39.55,52.18,1452.5,1453.8,42.42,92.5,1.995,6.794,12.69,2233.1,0
33.03,42.0,76.38,2289.6,2307.8,27.98,44.0,1.457,5.116,13.49,2897.8,0
27.88,38.11,75.47,1631.1,1622.3,39.83,5.0,5.422,4.246,18.02,2526.4,0
27.82,38.59,74.62,1207.7,1223.6,45.98,85.2,0.33,4.061,18.53,3585.8,0
28.26,38.03,63.93,2220.0,2316.5,27.7,6.5,1.0,5.052,8.89,3280.5,0
24.83,35.67,67.42,1907.4,1929.4,30.05,39.2,1.291,7.06,15.27,2757.0,0
25.96,36.78,74.83,1822.1,1831.1,33.56,11.1,0.455,5.283,13.73,2182.5,0
25.84,36.43,62.18,1611.1,1679.6,37.88,104.0,2.544,6.101,9.94,2116.9,0
28.15,38.13,70.08,1332.0,1379.5,46.94,29.9,1.099,2.533,19.95,1468.6,0
26.5,35.33,64.21,1684.8,1673.3,36.74,28.9,0.944,4.953,13.53,2105.5,0
27.13,37.05,65.82,1434.5,1377.4,40.55,12.2,2.636,4.541,15.53,4130.4,0
29.02,39.2,81.52,1003.9,929.4,62.46,12.1,1.371,5.869,19.81,3394.0,0
28.58,36.7,65.41,1914.4,1954.9,30.44,85.2,0.612,8.043,18.48,597.9,0
26.53,36.7,68.04,1749.4,1890.2,33.47,50.1,0.572,7.013,20.27,5874.3,0
25.51,35.41,68.69,1367.0,1360.5,46.78,69.3,1.427,4.804,10.67,4074.3,0
29.12,37.82,87.37,1076.4,947.5,49.88,72.7,2.941,3.535,21.27,3275.7,0
28.4,38.06,63.33,1309.0,1373.1,44.15,8.4,0.802,6.139,12.7,454.4,0
23.64,33.33,58.02,1000.3,1018.1,58.09,32.4,1.994,5.73,11.42,5379.2,0
26.22,38.15,67.08,1462.8,1454.2,43.17,38.1,2.702,5.819,17.13,4228.5,0
27.18,37.4,63.41,2661.6,2600.3,20.24,10.2,2.352,4.702,13.32,4792.9,0
28.41,39.44,73.97,1398.2,1466.5,40.97,61.4,0.939,6.595,18.03,1353.5,0
28.67,38.55,70.57,1796.9,1801.9,34.29,34.6,2.343,5.156,11.93,847.5,0
27.42,35.54,58.42,1231.0,1283.8,53.84,44.5,7.037,4.337,16.71,4830.3,1
28.02,38.69,67.89,1103.5,1106.0,49.65,16.7,0.425,7.499,21.64,1514.9,0
26.98,36.32,68.43,2551.0,2647.5,24.1,38.6,0.865,5.952,17.0,1454.0,0
25.5,35.17,76.74,1112.4,1124.4,53.5,171.8,1.271,7.313,14.63,3427.2,0
26.33,35.27,65.81,1192.3,1158.6,49.39,21.4,0.943,6.727,16.28,3747.9,0
26.89,36.96,64.62,1509.2,1538.0,36.76,11.6,0.511,6.673,5.74,3632.7,0
26.78,37.85,69.95,1531.3,1538.0,39.22,19.3,0.625,8.928,14.11,5131.8,0
23.08,34.01,61.85,1035.3,979.2,53.92,4.9,1.195,6.683,10.02,4952.5,0
26.06,37.64,72.38,2912.3,2869.2,20.28,67.8,1.274,3.542,13.82,5989.1,0
26.96,38.69,70.7,1418.6,1423.8,44.45,44.2,2.161,4.01,10.39,3748.7,0
26.29,34.24,57.13,1182.7,1253.9,50.93,53.5,4.633,5.827,17.3,2936.7,1
26.36,35.16,76.64,1481.0,1456.0,39.11,7.9,0.504,3.326,7.03,1431.2,0
27.83,36.02,68.13,1367.7,1421.9,46.48,4.5,6.239,4.228,15.64,3564.9,1
24.69,35.32,61.44,1262.3,1254.7,41.03,18.0,1.222,7.461,20.23,2694.9,0
23.59,32.9,59.53,2056.8,2131.0,32.16,69.7,1.79,6.761,18.8,153.5,0
26.15,35.66,72.77,2008.5,2109.0,31.91,75.6,1.23,6.724,14.64,649.3,0
28.38,38.16,60.79,1390.2,1402.6,47.12,42.6,0.851,4.52,18.98,2417.2,0
30.23,40.61,71.58,1683.0,1654.4,33.64,46.5,1.192,4.156,14.59,4582.8,0
28.41,36.93,66.37,2323.4,2294.0,24.75,153.5,2.34,5.065,15.11,2778.0,0
23.91,32.65,68.69,1435.8,1490.9,41.22,42.0,3.069,6.989,11.3,719.4,0
26.39,36.39,67.4,1795.0,1750.7,34.87,4.1,1.182,5.247,14.15,5213.8,0
27.36,38.56,68.97,2028.1,1944.4,28.01,35.9,1.812,6.65,19.13,5131.1,0
27.21,37.18,65.7,1525.7,1589.5,40.72,44.1,0.361,7.974,17.61,4662.7,0
27.93,37.14,66.26,1311.1,1270.0,47.67,50.8,0.32,5.03,22.04,4486.7,0
25.02,32.87,67.74,1434.1,1368.7,40.2,18.2,2.058,3.789,18.47,5528.9,0
26.98,37.93,64.71,1907.7,1870.2,29.34,69.3,2.278,8.231,10.98,3677.2,0
27.69,36.95,69.0,1436.4,1427.9,44.82,4.3,0.751,6.27,6.87,2367.8,0
28.5,37.35,74.62,1113.4,1053.4,50.35,15.2,0.854,4.134,17.14,5482.2,0
25.24,33.52,56.86,904.5,849.5,62.13,149.6,8.405,4.674,18.39,1924.4,1
26.16,34.72,68.05,1004.1,1018.3,54.42,26.3,5.516,7.944,15.8,2377.6,1
21.44,30.48,63.2,1934.2,1909.8,29.95,72.0,1.065,5.197,21.34,4451.0,0
25.61,35.37,69.43,1168.0,1192.6,48.58,23.1,2.824,3.913,15.85,4098.6,0
25.8,34.59,62.1,1362.5,1395.0,42.57,221.1,3.402,4.365,20.01,566.5,1
24.81,35.0,77.59,1963.5,1935.4,28.48,80.2,3.688,6.599,16.2,2044.8,0
27.18,36.93,65.4,1344.4,1338.1,42.84,17.7,1.46,6.366,15.83,4721.5,0
26.74,38.96,80.7,1070.4,1113.5,59.19,9.9,0.779,7.986,19.75,3256.8,0
22.33,30.63,64.24,1119.0,1181.0,51.96,12.8,6.555,2.541,24.25,1381.7,1
27.28,37.44,78.46,1968.2,1848.8,29.87,1.5,0.419,5.654,14.78,4201.8,0
24.99,35.17,78.33,1491.9,1419.7,40.14,148.7,0.974,4.259,17.58,302.8,0
27.82,36.79,69.02,1265.0,1276.7,44.92,23.0,3.146,3.341,16.89,3577.3,0
24.29,34.38,72.65,2830.9,2834.0,22.7,10.2,1.076,5.26,14.1,2497.3,0
26.91,37.68,78.82,2573.2,2560.6,23.05,1.5,0.731,6.054,11.91,4649.8,0
26.28,36.38,75.89,1409.2,1391.8,41.55,18.8,2.381,7.051,19.39,5378.6,0
27.46,38.84,61.99,1471.4,1432.9,41.68,88.3,1.983,8.16,21.07,2709.7,0
27.1,34.92,62.22,2623.0,2700.3,21.61,12.8,2.453,3.981,15.24,152.9,0
26.34,35.5,65.41,1456.3,1406.0,43.88,42.8,2.158,5.885,13.42,2398.8,0
23.78,35.25,71.1,1213.7,1210.4,50.87,5.1,2.769,4.74,19.35,2903.9,0
23.9,34.81,60.46,1592.0,1589.1,37.82,86.1,1.884,3.543,11.49,1769.3,0
25.68,36.22,60.97,1598.1,1643.6,40.6,27.7,1.625,7.282,16.72,5260.4,0
26.83,38.07,70.04,1328.1,1367.3,45.71,1.7,3.207,7.03,16.69,2885.8,0
25.63,33.72,62.05,1408.9,1410.4,44.39,35.7,5.053,6.04,15.51,1848.5,0
28.1,38.9,62.38,2524.2,2513.5,23.31,21.9,1.781,6.289,19.42,2350.3,0
26.29,37.36,67.22,1894.3,1848.1,30.95,79.6,0.758,4.928,16.55,762.7,0
24.92,34.26,64.95,1677.0,1739.9,36.04,130.4,1.214,6.025,15.14,2449.0,0
26.29,38.92,74.99,2005.2,1918.1,31.39,16.3,0.521,5.76,13.01,607.8,0
27.3,37.5,65.13,1185.2,1136.3,54.67,37.6,3.551,5.146,14.48,2386.6,0
27.5,35.31,58.59,1515.9,1562.1,46.34,3.8,1.06,6.637,13.52,4080.6,0
30.61,40.99,78.08,2049.3,2000.6,28.9,9.5,1.035,4.618,14.13,704.2,0
25.51,34.79,65.04,1584.9,1618.5,37.86,85.8,1.68,7.064,17.97,2624.3,0
26.7,37.87,70.63,1185.0,1254.5,51.3,23.8,0.765,7.419,12.53,4549.5,0
27.7,38.25,60.7,1763.0,1823.8,33.54,33.3,0.805,6.384,18.26,884.3,0
26.8,36.21,65.84,1209.9,1178.0,48.52,43.4,0.511,5.725,18.87,5257.6,0
25.85,37.35,66.65,1335.1,1317.1,53.83,85.7,0.586,5.161,21.29,5098.5,0
23.75,34.69,61.84,1084.7,1033.5,52.16,34.6,2.011,4.893,17.56,5014.2,0
25.83,35.0,63.28,1454.4,1463.4,41.8,6.7,1.806,6.031,16.51,5508.3,0
24.7,34.55,54.43,1113.6,1197.3,52.51,68.3,1.015,4.172,18.34,4998.4,0
23.4,33.91,66.1,1617.1,1619.9,34.78,17.5,5.602,4.045,17.62,3430.8,0
25.26,34.89,58.65,1049.9,1051.2,64.86,53.4,1.569,4.103,18.47,937.2,0
24.76,34.42,54.71,1374.1,1382.3,42.41,60.2,3.472,4.914,10.04,5615.4,0
28.02,38.05,70.35,1141.8,1137.5,51.47,51.9,1.23,4.153,11.3,365.9,0
28.05,36.99,64.83,1580.3,1612.6,36.38,143.4,0.356,3.735,12.05,2160.1,0
25.04,32.81,66.09,1342.2,1267.6,44.99,19.4,9.765,5.03,22.11,5641.0,1
26.33,36.57,77.72,1302.9,1310.9,45.43,3.2,5.151,5.347,6.18,4956.6,0
23.13,31.14,63.3,2051.6,2087.0,30.71,1.2,3.88,5.058,19.66,2891.6,0
25.86,34.87,56.67,2154.8,2207.2,30.42,111.3,1.758,5.847,14.7,1219.4,0
27.65,35.88,66.72,1570.2,1646.2,37.95,18.3,1.991,7.01,15.39,4332.8,0
28.5,36.85,52.27,966.1,929.8,51.05,30.4,5.258,6.645,17.77,5391.3,1
25.42,35.85,68.25,2865.8,2821.7,21.69,8.3,3.079,3.852,6.96,2201.8,0
28.95,38.73,80.63,1624.1,1605.5,36.37,50.5,1.729,7.028,12.72,4455.3,0
23.82,33.56,63.01,1205.0,1245.4,53.1,44.6,2.499,5.335,16.94,102.5,0
24.35,33.04,71.56,2189.1,2120.1,27.68,2.1,0.548,5.876,18.41,2564.6,0
28.27,37.61,69.03,1183.0,1195.2,52.54,41.7,1.044,6.061,18.46,3592.8,0
30.19,40.57,64.54,1918.5,1932.5,28.72,18.9,2.573,5.836,15.4,1944.8,0
27.84,37.78,68.84,2048.1,2020.8,30.83,37.0,0.737,8.198,20.49,2204.1,0
26.77,37.59,68.07,1590.9,1629.5,38.53,29.1,1.13,5.295,14.79,3077.6,0
22.46,33.42,78.22,1075.9,1010.2,58.73,33.1,1.471,6.976,16.44,5003.4,0
22.81,32.55,63.11,1804.2,1874.0,33.6,22.0,1.912,5.539,17.45,5164.3,0
27.11,35.26,75.57,2796.8,2828.6,22.67,127.7,0.839,5.639,12.9,1837.2,0
26.13,35.38,66.72,2217.0,2206.6,25.98,34.8,2.603,5.037,16.85,3403.2,0
24.64,34.54,64.2,952.2,888.7,49.32,106.6,1.663,3.241,14.18,5878.0,0
26.98,36.2,55.81,2428.8,2428.5,26.45,33.4,0.063,6.397,14.25,4620.8,0
27.08,36.03,75.08,1061.0,1091.5,51.88,15.9,0.469,6.569,16.8,486.9,0
28.74,38.81,61.5,1453.1,1427.0,40.7,10.4,0.461,1.35,17.53,822.3,0
27.12,39.55,69.23,1384.5,1289.3,39.68,10.3,0.615,5.442,15.47,4013.6,0
29.31,38.82,67.91,1402.2,1361.5,42.97,64.5,2.46,5.656,14.94,138.6,0
26.87,36.86,69.59,1909.4,2035.9,31.99,66.0,0.357,5.48,16.93,3144.1,0
26.62,35.31,66.81,1410.0,1431.8,41.38,97.0,0.449,6.17,15.85,3764.7,0
28.98,40.22,75.74,2082.3,2068.7,28.07,54.7,5.751,4.91,11.88,1048.2,0
24.89,35.77,63.96,1200.1,1328.9,53.49,2.4,0.597,5.776,19.02,5982.8,0
32.48,43.28,77.89,2101.8,2149.6,29.73,4.1,1.064,8.114,12.28,5563.1,0
27.6,38.96,70.85,1280.7,1370.8,44.39,60.7,1.697,3.01,19.36,3016.3,0
27.61,37.18,64.21,2045.1,2064.7,29.65,30.9,0.767,6.277,17.44,4990.7,0
27.9,37.6,71.89,1711.8,1759.3,34.67,21.2,1.071,5.005,17.25,3984.2,0
30.6,42.31,83.28,1715.5,1727.6,36.26,6.3,0.679,4.743,19.78,2067.0,0
28.44,39.07,76.74,871.5,833.1,69.81,34.7,0.944,7.464,16.6,1283.9,0
23.64,31.42,65.81,1468.8,1463.0,39.86,9.9,0.765,5.607,24.39,409.9,0
29.66,40.11,69.65,1951.1,1957.9,31.78,11.9,1.562,5.211,15.03,3963.6,0
26.17,35.59,47.68,1678.8,1675.6,35.55,63.6,0.978,5.702,7.27,3775.4,0
27.06,37.96,64.23,2306.9,2273.9,24.95,60.2,0.201,3.835,13.78,5014.4,0
24.29,34.7,63.08,1613.1,1600.5,38.37,114.3,5.146,7.393,21.03,3012.7,0
27.9,36.16,63.48,893.3,873.7,58.51,19.4,5.363,6.987,24.81,3003.6,1
25.55,35.82,60.96,1360.4,1337.1,43.36,41.5,2.08,4.525,23.76,4659.9,0
27.05,37.26,72.34,1293.7,1363.8,49.03,7.4,0.758,4.779,21.21,1357.7,0
26.28,36.65,60.36,1797.6,1812.6,30.9,1.2,1.635,5.587,15.51,5491.6,0
30.7,41.28,69.59,1512.3,1446.9,37.97,96.3,0.291,6.828,14.51,1219.5,0
30.81,42.31,79.4,1533.6,1464.4,42.04,71.9,1.753,4.151,23.17,5097.4,0
26.94,37.36,83.86,1805.6,1787.0,32.75,132.9,2.348,4.271,17.64,4539.4,0
26.98,37.0,69.4,1171.7,1126.2,44.0,5.8,1.51,6.339,14.09,885.1,0
26.1,37.25,54.75,1238.9,1227.3,46.15,54.3,1.523,4.66,19.05,4337.4,0
29.06,41.3,74.75,1220.4,1318.3,45.43,40.8,0.662,4.976,10.42,429.7,0
26.19,37.11,75.44,1610.9,1575.4,38.49,30.4,1.108,5.985,11.83,3672.8,0
26.01,36.21,67.7,1305.4,1256.0,50.91,19.3,0.213,3.133,9.79,2695.8,0
28.81,39.24,78.91,1635.3,1654.3,37.42,4.0,0.43,6.768,15.89,4919.1,0
25.77,36.03,68.4,1740.3,1702.2,36.51,10.7,2.669,4.499,18.85,5413.3,0
26.77,36.79,70.59,1072.4,979.1,54.42,55.0,6.961,8.411,16.79,2217.4,0
23.69,35.85,71.02,2222.6,2208.5,28.93,85.7,2.005,8.286,9.92,5651.8,0
28.26,37.51,65.64,2551.8,2472.3,22.97,16.7,1.585,7.609,16.35,5087.2,0
30.73,41.89,72.25,1856.4,1812.1,31.32,30.2,0.134,4.346,12.85,4690.6,0
28.29,38.17,69.4,1340.3,1359.4,43.87,5.5,1.498,3.924,10.71,712.0,0
29.77,38.29,66.15,1146.2,1076.7,52.84,25.0,4.195,5.957,11.78,2735.7,1
25.16,34.97,59.87,1810.2,1859.6,33.39,43.7,1.828,6.767,19.46,4826.5,0
27.32,36.78,73.91,982.0,973.3,58.15,120.4,3.744,6.728,16.48,2568.3,0
24.96,35.54,67.11,1434.9,1516.4,40.27,22.8,0.682,5.239,19.11,5131.3,0
26.39,36.49,69.17,1610.6,1615.1,38.84,163.5,1.331,1.845,23.72,5429.2,0
28.39,37.37,65.68,1991.9,1987.0,31.5,48.9,1.368,5.723,15.82,3671.4,0
27.05,38.52,76.35,1165.3,1171.1,59.51,97.9,1.436,3.175,20.18,220.7,0
24.02,35.11,68.67,1642.3,1672.3,38.5,19.3,1.91,5.909,13.81,2791.6,0
24.22,35.81,72.9,2110.6,2182.4,26.68,41.3,0.69,5.474,14.7,1529.3,0
24.09,34.32,66.67,1175.8,1127.4,64.58,7.8,0.445,3.963,16.53,3159.6,0
27.83,37.8,63.44,1298.9,1302.5,43.94,12.4,4.201,8.171,15.62,3011.2,0
30.98,41.68,73.08,1222.1,1220.7,47.99,25.5,1.813,5.627,16.81,4733.4,0
29.57,39.0,65.22,940.7,1002.1,56.82,29.7,3.226,6.561,9.97,288.4,0
23.06,33.19,68.46,1462.4,1476.5,46.14,77.7,2.946,7.09,19.46,70.0,0
29.69,39.52,67.04,1245.1,1203.9,49.75,80.8,0.7,4.357,12.86,4573.2,0
28.72,37.26,68.84,1469.3,1475.1,40.54,79.8,2.11,5.895,15.35,5448.2,0
23.76,33.89,61.48,1122.1,1048.9,47.34,28.0,2.197,3.344,16.22,1356.2,0
26.24,35.8,62.67,1368.5,1448.0,39.66,53.2,1.063,5.329,20.61,2064.7,0
29.04,38.8,68.31,1641.5,1612.4,39.8,92.8,0.732,4.419,18.42,4599.1,0
27.95,38.31,73.0,1403.3,1345.6,41.2,4.5,1.07,5.358,13.71,3050.0,0
24.23,35.5,55.45,1756.5,1799.3,36.03,6.2,1.119,5.277,7.22,3656.9,0
28.07,37.22,62.13,1366.0,1396.4,45.04,37.3,0.919,4.316,17.91,170.4,0
22.57,32.24,59.73,1418.6,1518.1,45.02,126.6,0.582,6.887,20.56,5244.8,0
26.4,35.64,61.06,1285.8,1298.4,48.19,35.4,2.0,6.259,11.78,953.8,0
29.13,38.3,64.37,1255.7,1285.6,46.4,133.2,0.452,5.331,17.05,4419.8,0
26.89,36.29,70.32,975.1,1002.0,60.0,13.8,2.426,9.331,17.1,390.3,0
25.85,35.66,69.58,1207.7,1188.2,50.53,180.0,5.408,3.807,19.9,5971.7,0
28.63,39.21,69.76,1751.0,1743.8,37.93,70.0,1.526,3.616,13.13,5418.5,0
28.8,39.12,66.46,1373.7,1432.9,44.53,18.5,1.435,7.696,18.65,5355.9,0
29.47,38.41,60.64,994.8,957.5,54.13,2.6,0.943,6.868,14.01,164.8,0
28.6,39.89,78.71,1966.0,1971.6,30.5,29.2,2.702,7.22,11.38,1525.8,0
29.01,39.96,71.67,951.4,843.4,60.14,3.1,1.209,7.672,12.38,5928.9,0
28.32,37.41,59.66,1733.8,1768.2,32.25,20.4,1.427,7.595,15.18,3770.9,0
27.38,38.61,71.15,1128.3,1164.2,49.0,59.8,1.849,4.287,17.44,841.4,0
27.03,37.36,68.74,1352.5,1430.2,40.07,9.8,0.628,5.298,16.1,3340.6,0
26.38,36.22,63.21,1684.7,1701.8,39.49,17.0,0.621,6.573,13.82,5573.3,0
24.43,34.78,64.06,2200.0,2152.9,26.97,116.2,0.968,3.513,13.98,5561.8,0
24.94,34.91,66.99,1121.0,1131.7,49.08,16.9,0.867,4.456,10.12,1273.1,0
26.29,36.83,63.78,2360.1,2499.0,27.12,0.1,3.889,8.192,7.82,2486.3,0
27.33,37.52,62.2,2258.8,2191.8,25.57,8.5,1.47,3.758,10.5,1807.5,0
29.73,39.39,72.21,1229.5,1237.4,51.6,42.4,0.524,6.267,9.57,319.6,0
26.77,34.74,66.85,940.0,857.6,57.9,1.1,6.514,5.936,22.69,5648.1,1
28.86,39.38,61.07,1832.4,1902.2,33.33,3.8,2.18,6.201,16.83,4092.3,0
29.01,38.63,61.02,1163.1,1150.7,50.03,9.1,3.462,3.647,18.33,4360.7,0
26.39,37.17,54.31,1281.9,1323.6,47.97,113.2,8.272,6.256,16.36,729.4,0
28.04,38.52,59.32,1738.1,1664.3,39.08,14.9,0.41,2.97,12.86,1840.3,0
26.36,36.02,64.59,1114.5,1104.0,53.36,11.6,5.243,5.013,13.72,3275.7,0
29.49,40.52,65.1,1344.3,1239.0,38.36,36.3,1.781,5.323,7.61,2339.0,0
28.12,38.33,70.41,1385.7,1350.6,45.18,0.4,3.433,5.861,12.54,5651.0,0
24.47,34.63,59.99,2205.6,2236.2,27.46,36.7,0.901,7.332,12.02,4639.6,0
27.17,37.03,58.01,2187.3,2131.0,27.89,99.1,3.285,4.206,7.73,2295.1,0
30.15,41.83,64.13,1287.4,1356.1,51.69,71.0,3.605,6.887,17.46,4828.3,0
26.49,35.77,68.71,1490.4,1451.8,45.51,26.9,2.495,7.639,14.03,3806.2,0
27.75,37.42,72.31,1548.0,1526.3,38.58,2.1,4.652,4.407,19.73,5619.1,0
27.94,36.7,52.28,920.7,868.7,59.08,21.4,0.631,3.023,19.56,2609.5,0
24.78,35.5,63.41,1045.6,1133.1,58.97,70.9,0.93,5.016,22.53,3911.9,0
27.87,37.29,73.28,1331.2,1228.7,44.39,47.6,1.162,7.25,19.62,5528.4,0
24.06,33.59,62.15,2412.0,2426.8,25.44,80.7,0.538,7.396,16.28,5322.6,0
25.6,35.08,63.18,1412.4,1403.6,38.88,6.2,2.201,4.431,14.6,4089.1,0
29.0,39.06,84.01,1865.2,1947.5,31.67,28.7,2.371,5.74,12.89,5554.3,0
27.56,36.31,64.08,1435.3,1413.1,40.9,10.7,0.312,6.61,19.91,3808.8,0
26.24,34.0,76.54,1818.7,1807.9,30.64,11.1,3.018,7.014,11.09,1213.8,0
27.74,38.2,64.55,2275.0,2248.7,28.04,0.0,2.475,6.617,14.88,437.4,0
26.73,34.62,67.66,3251.5,3254.1,17.37,6.7,2.181,7.64,15.38,661.4,0
26.88,37.73,65.37,1507.0,1541.8,41.67,77.1,0.067,6.703,15.11,1096.9,0
28.16,39.72,82.68,3342.3,3338.3,17.01,3.4,1.735,5.449,8.36,4073.5,0
25.4,35.23,61.1,1485.9,1436.9,36.8,3.0,5.201,5.905,14.9,1424.3,0
26.93,38.23,68.25,1279.2,1258.7,46.94,19.8,2.079,5.853,14.04,307.7,0
26.23,36.2,62.31,1796.0,1822.7,32.78,41.1,1.02,6.531,19.61,574.6,0
23.68,35.28,73.3,2102.6,2136.9,29.15,1.9,0.85,3.378,19.44,3599.0,0
25.01,34.55,66.58,1487.1,1577.8,39.32,91.9,3.361,4.623,11.69,3322.4,0
29.99,37.62,62.87,1888.3,1867.1,31.71,10.8,0.935,6.04,19.26,2063.1,0
27.62,37.54,67.14,1466.2,1467.6,41.86,12.5,2.072,6.825,12.2,5300.7,0
24.2,35.91,63.55,1984.5,2002.3,29.67,37.2,0.579,6.925,13.0,2327.0,0
23.77,34.3,68.65,1435.9,1472.0,38.96,4.6,4.622,1.969,15.31,5062.6,0
26.63,36.11,60.15,1614.8,1647.7,36.54,9.6,3.178,7.331,17.38,5784.5,0
29.97,40.3,54.77,1529.9,1462.7,39.88,107.9,3.337,5.727,10.38,4739.4,0
26.48,37.45,71.68,1068.8,985.7,56.35,34.4,2.792,3.245,17.06,5798.0,0
29.46,39.38,77.56,1456.3,1475.3,42.0,33.5,1.538,4.497,13.92,3421.2,0
27.55,40.18,71.89,1291.1,1245.0,45.04,107.7,0.509,3.094,12.55,5410.6,0
27.79,37.28,67.3,1778.7,1734.9,33.75,79.5,0.564,6.022,10.57,659.8,0
24.18,35.18,57.15,1278.4,1262.1,42.23,28.8,2.611,4.932,16.4,2438.5,0
28.73,39.49,67.4,1454.4,1363.5,37.25,49.8,1.327,4.767,18.44,4375.8,0
26.18,35.48,63.57,1453.9,1439.9,40.3,46.0,1.584,8.904,9.17,4138.9,0
28.58,38.15,70.14,1305.9,1287.3,46.49,61.9,1.75,6.365,10.58,1374.3,0
25.22,36.24,61.23,1707.7,1685.0,35.0,27.4,0.245,7.038,11.15,5438.4,0
27.2,37.35,74.87,1612.2,1550.5,36.02,39.9,2.385,5.165,16.75,1848.5,0
27.55,37.89,69.46,1803.8,1884.8,35.14,24.0,1.353,5.576,16.91,1470.8,0
26.54,34.91,70.53,1643.3,1706.7,34.94,9.1,4.111,5.403,15.57,5366.0,0
27.66,38.32,70.3,1375.5,1459.0,41.73,14.6,1.357,6.956,9.16,5605.4,0
26.32,36.6,59.48,1513.6,1458.1,36.36,77.3,3.097,6.938,14.54,1521.2,0
25.55,35.49,65.75,1060.7,1082.8,54.98,4.8,2.927,5.701,7.92,4136.0,0
30.06,40.42,70.96,864.7,974.7,66.79,7.1,1.558,4.229,15.83,4215.3,0
28.95,38.54,73.21,1693.7,1703.4,34.32,5.2,0.655,7.57,18.22,1331.0,0
25.33,34.74,59.14,1135.6,1150.3,42.94,77.9,2.153,5.702,6.2,3057.8,0
27.99,37.75,79.29,1016.1,1009.4,50.38,5.9,2.672,2.8,8.47,5764.9,0
25.36,34.9,63.69,1638.8,1636.7,37.34,5.0,5.421,9.236,11.96,1552.8,0
24.48,36.66,63.03,1918.4,2012.8,30.06,112.9,2.864,6.073,12.44,4781.7,0
28.92,39.83,64.33,938.2,860.5,57.38,15.5,1.867,5.659,14.93,5999.6,0
23.44,32.47,61.42,1188.0,1176.7,46.86,62.8,2.009,2.737,21.38,4776.0,0
28.7,40.74,66.69,1521.2,1563.8,43.19,20.9,2.045,6.738,15.37,2131.6,0
26.34,35.91,65.33,1180.8,1149.5,54.51,86.8,2.734,3.432,10.76,1189.9,0
26.43,36.46,72.31,1219.2,1251.4,47.7,9.7,1.146,8.216,2.49,1135.6,0
27.67,38.57,65.72,1505.8,1519.5,39.52,90.4,1.844,2.158,19.61,5784.7,0
28.01,36.04,66.61,1801.1,1855.7,30.23,22.0,0.302,6.775,13.5,5226.6,0
25.2,34.96,65.22,1822.3,1804.9,35.07,78.1,0.748,7.798,18.69,1487.3,0
28.29,37.71,63.14,1277.8,1257.9,52.05,18.2,2.006,5.883,15.5,2776.5,0
27.08,37.28,51.68,1445.2,1454.1,46.82,16.5,3.554,5.705,13.96,4381.2,0
24.34,34.71,61.19,1444.5,1441.6,38.13,140.9,1.806,5.978,12.54,5074.7,0
26.51,36.43,63.38,951.1,961.0,57.67,76.2,2.924,2.87,16.75,5475.8,0
29.61,39.49,59.7,1690.3,1721.3,38.43,91.4,3.012,4.685,18.61,5216.4,0
30.2,41.27,56.39,1220.4,1231.3,49.88,10.6,2.842,5.945,18.86,5103.7,0
28.28,38.59,71.13,1494.6,1479.8,42.2,46.6,0.46,6.812,16.78,1879.1,0
24.47,34.51,61.75,967.2,915.5,59.33,75.0,1.007,6.831,14.75,5892.8,0
27.83,37.98,62.38,1247.1,1262.0,47.53,49.1,3.588,3.997,18.14,2573.9,0
28.55,40.39,62.27,1386.6,1325.9,40.46,48.1,1.499,6.675,11.98,4310.1,0
28.3,38.47,66.84,1497.2,1524.5,38.21,2.0,1.65,6.575,18.74,756.5,0
28.42,37.91,72.02,1431.4,1419.0,39.85,23.0,1.836,2.44,10.71,113.5,0
27.58,35.67,64.82,2023.8,2006.9,32.75,18.9,4.228,3.2,17.95,931.4,0
26.71,35.27,61.24,2323.4,2296.4,26.33,45.9,0.864,6.912,18.63,2938.0,0
25.63,35.17,66.04,1274.6,1282.9,43.09,18.7,2.749,5.515,15.69,337.4,0
23.05,32.95,68.28,1705.3,1695.6,34.66,18.8,1.964,7.214,15.95,4137.0,0
27.53,36.97,60.89,1849.5,1832.1,34.64,12.0,1.78,8.447,15.9,3683.1,0
27.22,37.57,72.94,1561.7,1583.8,39.11,26.9,1.073,7.431,13.71,2684.9,0
27.97,37.4,59.61,1366.1,1349.8,40.52,14.2,2.381,4.764,12.42,2383.0,0
24.17,33.26,64.65,1547.9,1566.7,40.07,11.5,1.459,4.884,16.46,3857.5,0
28.14,38.75,62.66,1061.6,1115.1,57.38,16.3,3.798,5.367,14.93,188.1,0
30.96,42.33,67.33,1278.7,1279.7,46.62,7.1,2.788,6.39,15.95,599.3,0
27.01,35.9,63.03,885.3,886.5,61.08,93.6,2.479,7.341,17.34,258.8,0
26.73,36.97,69.81,1707.5,1605.7,35.61,58.0,3.27,2.954,18.79,5867.5,0
27.47,35.56,67.54,1344.5,1373.0,47.84,30.9,5.822,6.303,14.77,5857.9,1
30.91,39.44,75.52,1750.5,1662.3,36.17,38.9,4.713,6.918,12.12,1927.9,0
24.8,34.21,58.79,1756.2,1774.0,34.39,31.7,2.009,7.443,14.8,867.4,0
27.26,38.39,66.63,955.2,935.3,61.46,33.9,1.563,7.434,14.23,3574.0,0
25.25,34.47,63.14,1777.9,1765.7,32.32,22.5,3.319,2.954,8.94,3693.1,0
25.76,34.94,68.13,3254.8,3200.8,17.68,21.7,0.897,2.912,13.61,4361.3,0
26.75,36.79,58.96,1751.6,1711.7,32.92,72.6,1.728,6.255,12.09,2457.2,0
29.54,39.58,68.29,3149.8,3037.8,19.92,42.9,1.632,8.142,13.69,3519.0,0
30.45,39.67,61.46,2162.8,2217.6,30.49,135.1,1.316,5.929,16.14,1974.1,0
27.75,39.73,72.57,2000.1,1993.1,31.41,11.1,2.828,5.493,6.24,215.3,0
26.1,35.83,58.48,1623.8,1600.7,40.35,14.2,2.411,3.732,15.72,1040.4,0
31.84,41.95,61.54,2793.6,2682.9,19.5,14.0,1.509,4.465,18.11,224.6,0
25.99,35.59,60.61,1210.2,1188.3,51.96,56.5,3.666,4.137,16.67,530.1,0
25.71,36.15,71.76,2820.9,2759.9,21.24,23.6,1.996,5.134,11.86,1133.6,0
23.3,34.54,61.76,1686.5,1575.4,38.72,11.8,2.282,4.573,22.3,977.4,0
29.64,41.31,82.3,1672.6,1693.8,36.76,44.2,2.493,6.415,10.74,1093.2,0
28.79,38.02,68.6,1388.8,1360.5,48.25,24.3,0.726,7.436,15.75,4451.8,0
31.69,42.79,77.87,1272.4,1401.1,43.52,52.2,1.543,5.093,22.08,5991.0,0
24.07,34.62,73.34,1103.5,1095.1,51.87,13.5,1.347,4.738,13.12,5814.5,0
29.77,40.74,69.57,1645.7,1625.1,36.39,26.2,1.16,4.642,14.08,1032.0,0
26.99,36.9,69.29,1612.7,1692.1,35.35,6.0,1.283,8.171,15.5,5201.9,0
28.46,38.28,60.91,1300.5,1281.6,44.13,94.1,5.774,3.851,17.29,4747.5,0
23.55,34.49,63.12,1308.9,1310.9,50.29,43.1,1.074,5.755,25.26,2168.2,0
29.79,40.74,67.35,1170.8,1235.3,48.25,25.3,3.355,3.831,16.18,4347.7,0
28.42,39.99,75.48,1431.3,1438.5,43.22,3.7,2.33,2.653,15.03,338.7,0
26.77,36.97,73.06,1359.1,1341.2,42.33,30.8,1.925,4.878,16.74,971.7,0
28.14,38.03,75.34,1486.4,1551.3,39.64,3.6,1.251,5.628,7.65,818.8,0
25.32,32.86,54.29,1538.2,1585.1,44.1,27.4,0.394,4.14,19.75,1359.5,0
25.69,34.08,64.34,1089.2,1196.1,60.35,24.4,6.1,4.732,25.08,3943.9,1
25.92,35.53,64.86,1643.4,1696.3,37.57,52.0,1.269,3.682,24.35,3333.4,0
23.14,32.04,57.82,1670.7,1675.3,36.36,4.2,1.581,5.101,16.52,2700.1,0
28.57,39.39,69.52,1826.0,1831.0,35.59,33.0,3.819,5.226,11.44,2892.2,0
29.23,37.92,65.48,1421.6,1420.7,43.89,14.3,1.426,7.67,12.86,5124.3,0
25.45,34.95,62.59,3122.2,3077.4,18.78,11.8,0.062,6.825,14.78,917.0,0
27.55,37.08,69.79,1374.8,1387.9,38.65,17.4,2.83,5.419,13.79,4159.9,0
26.32,37.52,63.99,1219.4,1282.5,48.81,24.5,2.288,3.566,12.81,1019.6,0
27.51,36.9,62.43,1647.5,1701.0,34.74,22.2,1.999,3.702,12.33,3301.2,0
25.59,36.05,54.48,1296.4,1260.3,41.87,97.2,2.908,6.256,11.89,1105.4,0
25.08,35.28,65.8,999.6,968.3,61.09,33.9,1.857,8.902,9.64,3069.6,0
28.95,39.86,73.54,1347.7,1396.2,43.32,27.4,3.248,5.159,16.51,256.6,0
26.72,37.57,63.5,3182.0,3146.6,17.61,36.7,2.981,2.899,19.92,3967.8,0
30.89,40.86,65.54,2156.6,2116.7,25.9,40.6,2.34,6.518,16.89,3062.8,0
26.94,35.25,65.42,1625.6,1585.2,37.49,1.2,4.396,7.251,21.58,363.1,0
25.0,34.77,59.86,1993.8,1984.0,31.96,13.7,1.764,5.995,19.14,283.2,0
29.3,39.28,68.74,1548.9,1610.3,41.03,8.6,1.142,5.408,18.6,3988.4,0
28.11,38.4,64.14,1505.4,1505.9,37.05,21.3,2.396,4.352,10.15,944.3,0
28.3,37.57,71.27,1275.7,1255.6,51.66,42.4,0.833,4.129,11.4,1724.2,0
29.23,40.37,65.97,1914.7,1978.3,29.09,83.0,0.62,6.164,13.22,5195.7,0
25.54,35.56,78.74,1597.1,1566.9,37.93,26.8,1.146,4.144,13.92,4654.9,0
26.6,35.67,64.41,1366.2,1320.5,42.17,1.7,1.778,6.005,10.52,3667.9,0
26.51,36.05,57.03,1425.1,1412.5,43.41,27.4,0.927,4.286,20.72,5487.6,0
24.27,36.2,62.6,1490.2,1476.8,41.47,28.4,1.652,6.908,20.83,3503.3,0
26.32,36.99,73.72,3342.3,3357.6,15.89,11.9,0.347,4.891,11.62,717.0,0
29.52,40.57,78.09,1568.2,1677.3,40.83,55.3,2.337,5.334,13.91,2991.6,0
27.32,36.28,66.74,1521.0,1466.4,38.49,14.0,1.708,6.177,11.37,673.1,0
24.16,33.47,54.67,1307.2,1292.8,48.64,49.2,2.161,7.283,11.76,5168.6,0
23.74,33.06,56.04,1203.2,1239.6,47.23,56.4,1.446,6.652,19.48,5905.0,0
30.18,40.36,77.97,1443.4,1486.1,42.41,59.1,0.629,5.643,11.34,2851.5,0
26.67,36.5,64.64,1395.6,1498.8,43.13,42.2,1.235,5.58,15.86,5714.5,0
25.56,35.07,68.4,995.5,1046.6,53.52,1.5,4.906,3.832,3.51,5841.2,0
26.3,35.94,68.18,1064.9,1048.6,51.5,50.2,0.644,5.121,21.93,1821.8,0
23.9,33.1,57.25,1435.7,1428.0,42.75,9.7,2.283,7.663,15.33,2950.4,0
29.7,39.52,66.72,1036.3,995.4,61.45,51.4,3.65,5.693,18.47,1309.0,0
26.06,37.18,65.45,1840.1,1836.1,33.72,64.2,0.465,4.379,16.2,5435.5,0
29.58,38.07,64.84,2105.6,2138.3,28.15,2.9,3.37,6.647,16.28,4629.3,0
26.95,37.3,66.34,1415.3,1414.9,39.89,15.3,2.711,5.775,11.81,2678.2,0
29.71,41.09,72.24,1646.6,1640.5,36.26,9.2,0.809,2.644,10.67,5102.5,0
27.36,37.18,67.8,3342.3,3376.3,15.35,81.1,0.431,4.215,6.96,3897.6,0
28.56,38.03,63.16,1795.3,1841.8,33.48,58.9,4.313,3.701,22.32,428.6,0
28.29,39.21,66.29,1331.4,1370.8,43.44,1.5,0.66,3.947,20.38,2565.4,0
28.1,37.11,75.03,1521.8,1576.5,39.42,5.2,1.03,4.524,20.09,2116.5,0
27.55,37.52,66.6,1986.4,1999.6,32.24,26.2,5.845,6.445,13.68,1767.8,0
26.38,35.34,65.02,1538.8,1489.5,40.42,126.9,1.277,4.054,17.92,4471.7,0
30.68,38.81,64.25,1513.8,1491.0,41.23,51.9,0.392,3.494,12.3,5337.4,0
25.04,34.88,63.17,1250.9,1234.9,47.15,32.3,0.297,6.606,19.83,2725.3,0
26.86,35.6,62.14,1833.8,1842.6,33.58,41.3,1.554,5.313,14.54,3614.3,0
26.88,36.87,59.64,1431.4,1484.1,48.74,36.0,1.368,6.778,13.32,262.3,0
27.65,38.77,75.14,2148.2,2161.5,29.09,0.9,0.701,5.695,11.39,650.6,0
25.99,37.85,69.09,1804.9,1755.2,34.97,23.1,0.29,11.081,14.32,3203.5,0
27.48,37.57,81.83,1092.6,1130.2,56.99,1.1,1.541,5.264,10.74,2566.0,0
26.51,37.53,79.27,2104.6,2124.1,29.76,15.5,0.434,4.24,8.82,1780.3,0
23.69,34.09,62.83,1903.7,1926.4,33.41,24.9,0.99,5.869,13.18,4009.3,0
26.87,36.49,65.08,2203.7,2317.0,27.47,1.2,0.86,5.011,16.4,638.5,0
24.65,32.72,56.61,1872.1,1994.3,31.73,38.6,0.783,5.999,13.64,5012.1,0
23.38,35.01,55.01,1443.3,1472.4,41.38,9.4,0.488,5.024,11.46,5491.8,0
27.12,36.07,66.75,1380.5,1372.7,47.07,6.2,0.482,7.308,27.44,2950.2,0
27.83,39.21,68.06,1419.9,1460.5,39.81,14.3,2.372,7.386,13.28,3567.0,0
27.9,38.44,70.31,1642.8,1523.7,36.75,65.9,2.113,4.603,20.12,3841.1,0
27.98,37.01,59.43,2217.4,2147.7,27.57,8.3,0.169,6.567,6.99,5548.3,0
22.98,33.3,79.9,1860.6,1923.3,32.73,76.3,3.225,6.836,3.86,1176.9,0
24.13,36.26,73.59,2481.6,2454.9,24.54,72.0,0.707,7.067,20.86,2002.9,0
30.8,42.33,65.47,1299.2,1271.8,47.37,18.4,0.637,3.427,16.1,4694.5,0
24.76,34.24,56.52,1188.6,1243.0,48.06,6.2,1.065,6.129,18.62,1602.2,0
28.07,37.36,64.58,1450.3,1462.2,39.6,13.1,0.885,3.938,17.34,5320.6,0
25.48,35.58,64.45,1217.1,1221.1,44.41,15.5,3.463,4.734,8.7,5825.7,0
27.01,36.84,76.95,1313.6,1332.9,48.76,10.6,1.685,5.643,16.04,4967.8,0
25.58,36.78,67.68,1546.9,1589.8,41.01,6.1,0.756,4.571,19.37,5166.7,0
27.97,38.71,67.24,1070.5,1150.5,53.94,43.9,1.365,5.519,8.0,5389.8,0
27.12,35.43,56.63,2071.8,2002.7,29.76,54.9,0.271,6.781,13.32,3579.1,0
25.95,36.41,62.62,1662.5,1689.7,36.51,50.9,1.335,5.957,17.42,2549.1,0
24.75,34.57,69.09,1716.8,1785.9,35.32,0.5,0.444,4.798,10.69,1093.9,0
27.39,37.42,64.02,1190.3,1085.2,46.47,3.7,2.94,5.77,19.05,4444.5,0
24.42,34.67,56.8,2279.1,2312.0,25.66,46.7,1.923,5.824,11.61,4842.1,0
27.7,38.9,67.84,1116.1,1112.3,54.48,57.2,1.261,6.36,6.42,1323.1,0
32.1,43.08,76.24,1381.0,1316.1,45.62,57.4,3.011,4.069,16.52,2194.2,0
29.55,38.8,70.86,1135.6,1122.0,57.5,45.5,1.654,5.086,19.24,2129.9,0
28.29,38.23,75.37,1583.5,1677.2,39.59,16.2,3.399,5.526,20.65,946.5,0
26.68,36.23,65.98,1734.0,1640.7,34.5,155.0,1.597,7.874,22.1,2865.1,0
22.97,31.29,68.58,1328.4,1368.2,46.57,180.5,5.435,4.854,9.81,5895.0,1
24.21,34.1,59.3,1106.8,1053.9,50.31,48.1,2.594,5.91,14.95,5085.6,0
29.42,41.26,69.27,1876.8,1982.2,32.86,28.5,2.589,4.754,19.67,505.6,0
25.27,33.56,65.15,2791.1,2931.4,20.02,49.9,0.393,3.968,17.66,2413.3,0
25.45,35.43,57.77,2637.9,2595.6,21.74,176.5,0.753,6.114,13.69,5458.5,0
26.52,36.46,66.38,1373.9,1369.2,42.61,0.9,0.769,4.634,21.54,648.3,0
24.73,35.01,59.89,1092.2,1131.9,55.4,9.4,1.796,6.995,17.67,50.3,0
24.4,33.43,65.61,2152.1,2217.1,26.99,17.7,1.062,4.293,19.92,4013.1,0
26.75,35.32,67.65,1714.6,1743.0,37.28,39.4,0.303,5.359,9.85,4398.2,0
25.07,33.69,51.23,1599.1,1525.4,36.52,23.1,0.715,5.89,13.47,3973.3,0
25.37,36.7,75.88,970.5,924.6,59.21,17.6,0.658,5.489,12.19,4546.2,0
25.29,34.3,60.17,940.5,947.7,62.59,9.3,4.705,3.389,14.77,3082.4,0
27.89,37.4,66.64,1364.7,1338.5,44.24,41.1,3.978,3.514,13.62,1635.4,0
26.39,38.49,60.41,1183.1,1187.1,48.98,135.7,2.646,6.233,20.27,1750.7,0
26.49,35.76,62.19,1145.5,1082.3,48.7,6.5,1.208,7.377,12.22,1690.5,0
28.04,38.39,72.79,2088.2,2037.5,27.2,1.4,2.186,3.625,14.05,2382.1,0
26.57,37.63,60.58,1373.5,1311.1,46.99,19.7,2.313,1.967,18.15,1346.3,0
26.29,37.31,69.27,2018.8,2049.9,29.8,41.9,0.745,6.12,9.92,1979.0,0
27.79,36.46,66.02,1390.1,1429.4,38.28,192.9,1.399,6.357,14.41,2025.9,0
28.19,37.47,71.17,1051.0,1051.6,51.4,19.5,0.76,6.74,15.76,4223.0,0
26.56,36.86,54.59,1452.1,1366.9,40.81,169.9,0.286,6.092,13.27,1494.7,0
27.01,38.94,77.25,1123.9,1137.8,51.02,15.4,1.796,6.535,13.05,5566.9,0
25.29,34.52,70.53,1080.9,1077.1,52.99,39.3,2.273,8.426,16.19,5843.6,0
25.13,34.64,64.84,2627.0,2693.4,22.43,24.4,1.194,4.545,11.5,5156.7,0
28.39,38.81,76.66,3299.7,3296.6,18.22,108.6,3.395,7.246,15.99,3146.8,0
27.74,38.36,73.46,1132.5,1081.5,51.62,22.9,2.291,8.254,13.11,2996.8,0
27.76,38.44,74.11,1097.4,1101.4,52.02,33.2,0.599,5.658,15.99,1897.9,0
27.41,36.57,72.34,1437.6,1406.7,42.57,175.1,1.175,5.187,17.8,3412.4,0
26.94,36.41,60.0,1354.8,1325.9,43.92,46.1,0.37,4.624,16.79,1820.7,0
28.24,38.46,66.64,1117.5,1094.2,48.93,32.2,2.898,3.512,13.91,3137.9,0
28.72,39.98,69.92,1179.0,1161.2,48.74,69.8,2.547,0.913,24.55,3759.9,0
28.67,38.43,64.03,1464.4,1449.8,36.96,27.6,1.759,7.21,17.22,5279.1,0
26.65,36.63,69.24,1246.4,1222.7,49.56,9.9,1.853,4.816,11.24,4995.2,0
29.62,38.6,69.02,1787.5,1825.7,36.54,19.3,1.819,5.257,18.03,4889.7,0
27.31,39.17,70.53,1335.6,1274.8,42.44,183.7,2.133,4.014,13.58,5677.1,0
28.11,38.27,60.11,1340.5,1344.4,42.0,11.5,2.176,5.264,17.38,4014.9,0
27.41,38.49,59.79,1913.1,1883.7,31.41,49.3,0.741,7.139,16.44,4236.4,0
27.34,37.37,68.56,1956.6,1925.4,32.57,9.8,0.374,4.535,15.81,3862.1,0
25.38,35.46,63.49,911.0,954.4,62.34,55.9,2.571,8.332,16.85,3327.1,0
28.25,36.75,61.33,1889.7,1931.0,31.08,9.1,3.045,5.175,10.08,685.2,0
32.54,40.39,68.07,1436.3,1450.8,43.7,11.6,3.065,5.666,12.13,2167.4,0
26.1,37.35,66.86,1216.2,1264.1,45.8,52.3,3.786,7.013,12.53,696.7,0
26.99,37.07,68.22,1539.7,1626.2,39.46,0.1,3.677,6.813,13.13,3649.5,0
25.96,36.16,67.83,1300.1,1338.4,46.71,156.3,2.472,6.846,20.98,1322.7,0
25.87,34.62,61.48,1352.9,1360.2,43.29,50.8,0.88,9.345,17.02,4339.6,0
29.94,39.04,65.98,1878.9,1925.8,31.3,2.7,0.356,6.805,16.27,1721.2,0
25.5,36.57,59.39,1354.2,1297.4,45.37,4.2,1.049,5.734,14.78,1079.9,0
25.9,37.64,62.9,1675.6,1646.5,34.55,34.7,0.236,6.824,24.24,1703.6,0
23.68,33.05,60.22,901.6,899.4,57.41,29.4,3.095,4.272,12.44,3390.5,0
25.33,36.01,58.69,1215.4,1226.1,44.29,49.9,0.427,5.794,18.44,2853.1,0
23.43,33.62,51.89,1821.7,1760.6,33.0,43.9,1.587,8.835,18.57,5876.2,0
28.11,37.99,59.22,1328.0,1249.7,43.42,13.0,1.504,4.912,18.24,96.4,0
32.45,44.3,78.36,1959.1,1945.7,30.75,31.6,3.087,6.626,13.53,5783.3,0
26.12,35.66,66.71,1340.8,1359.2,42.58,34.4,2.092,4.653,10.89,981.0,0
23.52,34.76,66.88,1477.7,1555.7,37.74,23.3,0.926,4.211,16.73,1183.1,0
28.65,39.03,66.39,1957.5,1954.9,31.73,11.8,1.636,4.739,15.4,14.3,0
25.4,35.38,60.08,1948.9,1969.5,31.61,10.4,1.561,8.056,14.11,2865.5,0
29.45,40.82,79.95,927.5,927.5,64.35,8.7,0.604,6.124,13.38,4022.5,0
26.29,36.58,71.64,1475.8,1600.0,40.91,37.7,1.288,5.116,18.37,1026.2,0
25.59,35.49,72.05,1520.8,1542.6,35.68,64.2,2.788,5.114,14.34,1611.9,0
26.49,37.87,56.2,1662.8,1612.2,33.95,102.5,1.715,5.146,11.36,4825.2,0
28.37,39.61,78.53,1293.6,1318.7,44.71,49.3,1.227,5.716,25.25,5887.2,0
26.4,37.6,68.47,1725.3,1731.2,33.62,145.6,1.767,4.205,20.76,907.1,0
25.86,31.97,59.42,2265.2,2250.5,29.05,43.3,0.455,6.269,13.39,222.4,0
26.45,36.89,69.75,1354.5,1320.9,39.68,7.2,3.062,7.117,22.21,4984.7,0
24.31,34.52,70.31,1330.5,1332.6,39.6,104.2,4.654,5.359,9.45,397.8,0
27.64,37.61,71.5,1628.4,1609.3,35.83,105.5,0.241,3.526,10.22,522.5,0
23.28,33.89,67.79,1967.0,1947.0,31.09,0.3,0.11,5.887,13.06,3766.2,0
25.96,36.22,64.45,1629.1,1644.3,36.09,21.5,1.618,3.648,20.5,3747.1,0
28.37,39.05,62.42,1792.4,1820.7,35.3,66.3,0.339,3.335,12.39,5684.7,0
27.46,37.19,65.34,1869.4,1861.9,33.92,5.5,1.586,6.568,18.52,3542.3,0
28.03,39.53,79.29,1287.8,1263.7,42.77,4.2,1.784,1.96,11.29,3861.1,0
26.72,37.5,62.85,884.4,863.6,62.26,5.9,2.264,5.744,15.78,163.1,0
29.19,39.73,72.68,1114.7,1147.1,53.32,34.7,1.574,6.8,15.87,1850.5,0
28.7,39.19,58.79,1047.7,1054.9,59.42,26.2,0.051,8.738,12.43,3528.4,0
27.74,38.9,66.88,1698.9,1660.0,34.32,37.2,3.864,2.976,17.04,2953.0,0
28.71,39.73,75.46,1048.4,943.5,56.75,2.1,2.161,4.947,11.43,846.5,0
28.35,38.24,61.25,1458.5,1504.8,42.27,53.0,0.879,4.285,10.23,998.4,0
25.97,36.96,61.29,1187.0,1135.1,49.86,16.8,1.027,6.244,12.86,2505.1,0
24.16,34.34,66.92,1279.4,1217.0,44.58,47.9,0.987,4.015,10.41,3356.1,0
27.69,39.61,68.52,1649.6,1678.6,36.57,22.0,0.609,8.83,10.01,814.0,0
27.94,39.04,70.31,1369.1,1290.2,47.19,5.1,1.575,4.046,21.81,1240.5,0
29.03,38.41,73.16,1274.4,1241.0,44.85,69.7,1.038,5.647,14.2,5777.5,0
24.98,37.31,58.77,2572.7,2614.0,22.32,24.6,2.505,6.44,14.37,893.9,0
25.04,32.94,55.82,1483.2,1505.7,38.76,3.7,1.81,6.314,13.93,3368.7,0
27.77,38.41,75.39,1265.0,1244.7,48.72,27.0,5.52,5.146,13.04,88.7,0
26.71,36.01,61.0,1299.9,1280.8,42.77,11.5,0.766,2.994,4.91,13.9,0
23.08,34.96,69.97,1315.7,1275.4,44.69,16.1,2.777,5.106,18.88,3719.2,0
27.6,37.85,67.01,1960.6,1940.2,32.49,19.4,0.866,3.152,23.35,4812.8,0
23.15,32.35,74.56,1528.1,1506.7,42.56,45.7,1.152,5.371,13.03,991.9,0
24.96,34.69,63.38,1492.3,1488.6,39.04,36.3,0.462,5.96,15.51,1958.4,0
29.55,38.84,76.15,1662.2,1704.9,37.97,1.7,1.231,4.72,16.16,4054.7,0
30.5,40.19,66.93,1941.4,1962.2,33.21,47.4,0.652,4.824,13.24,667.7,0
24.42,34.09,63.28,1221.2,1216.1,49.15,85.9,6.444,3.797,12.71,684.7,0
26.19,35.44,66.55,1454.1,1426.1,43.45,19.1,1.851,9.496,16.5,4955.7,0
26.94,37.21,73.11,1364.3,1402.9,42.45,3.5,2.194,6.339,9.67,5277.3,0
30.41,40.8,72.08,933.1,986.7,60.51,28.1,1.069,3.666,18.51,1212.9,0
25.86,34.87,77.32,1245.4,1246.8,44.74,130.6,5.042,3.882,13.09,4029.7,0
25.9,34.24,72.93,1104.5,1127.7,52.0,50.3,6.864,6.775,7.16,3812.9,1
29.95,40.26,75.98,1246.4,1127.2,42.73,13.1,2.01,2.576,10.67,5045.0,0
26.1,36.63,73.14,1686.7,1653.6,36.47,45.2,1.068,4.281,13.68,2630.9,0
28.29,39.02,69.36,2026.1,1954.9,29.41,69.5,5.591,6.789,18.49,3145.4,1
23.9,34.45,62.71,1452.8,1460.9,42.41,27.4,1.867,6.947,20.44,1598.3,0
26.51,38.08,71.64,3342.3,3283.1,13.37,27.2,1.944,5.929,18.24,4685.8,0
23.53,34.53,72.73,1391.3,1538.1,42.72,6.3,2.32,5.478,16.72,5870.5,0
24.74,37.42,66.47,1426.8,1464.7,43.15,64.0,3.706,7.883,18.25,1973.1,0
28.53,41.63,73.73,1729.7,1745.2,37.82,31.1,3.61,3.83,12.48,609.7,0
26.75,34.99,63.18,1653.3,1627.1,39.08,0.3,0.783,4.474,17.32,2674.0,0
26.21,34.01,62.01,2207.4,2185.2,27.49,118.1,1.822,8.019,19.57,40.5,0
25.35,35.35,64.84,1253.5,1266.2,53.86,8.8,1.592,5.347,11.64,4276.8,0
26.41,36.91,73.08,1637.4,1739.5,36.63,39.8,1.867,6.283,11.94,3708.7,0
27.45,37.38,60.52,1976.9,2015.2,30.28,10.3,3.329,5.667,13.1,1626.0,0
28.82,39.52,75.87,1325.4,1352.5,45.45,38.8,4.047,9.708,9.07,4604.2,0
21.6,31.33,63.71,1501.9,1488.5,41.11,1.9,0.801,4.72,20.01,4464.9,0
25.19,34.49,65.58,2004.1,1905.2,36.42,21.4,1.0,6.967,12.93,2874.7,0
27.17,36.63,73.45,1738.4,1716.2,35.36,0.9,1.221,2.855,8.47,2956.3,0
26.65,36.45,71.56,1456.3,1432.0,39.94,1.4,3.392,5.928,5.61,3762.1,0
27.66,38.5,74.24,1167.2,1156.1,53.46,10.9,3.14,7.248,21.18,5630.7,0
27.39,36.9,71.21,1271.9,1267.9,44.7,32.5,0.086,6.846,19.17,528.0,0
26.24,35.95,65.5,1527.8,1534.1,39.66,33.4,2.025,6.307,11.74,5038.0,0
25.8,36.37,72.91,1210.0,1169.8,48.52,58.1,0.422,6.712,17.74,1861.8,0
26.36,36.16,66.07,1557.8,1602.7,40.28,13.5,1.269,4.524,10.36,3348.8,0
29.15,40.26,68.21,1267.4,1346.8,44.02,68.0,0.261,6.732,14.73,2546.4,0
25.39,34.47,62.49,1554.3,1537.2,41.51,54.8,1.51,8.491,11.98,1.6,0
26.72,35.59,52.91,1326.7,1332.7,45.9,19.1,1.544,4.553,10.35,2164.3,0
27.22,37.52,68.23,1652.2,1597.6,35.56,73.9,0.77,7.999,18.6,5667.5,0
29.97,40.37,69.19,2167.0,2107.7,28.61,76.3,1.478,5.708,16.5,1417.3,0
26.25,35.38,63.35,1289.2,1352.0,49.07,13.5,1.215,6.144,13.61,4394.5,0
28.77,40.11,74.58,1077.7,1120.6,55.05,22.0,1.788,1.818,17.85,134.6,0
29.31,41.24,76.41,1985.1,1986.2,29.08,31.7,0.173,3.694,15.53,1406.2,0
26.72,36.09,53.81,1356.8,1376.1,41.79,53.2,0.632,5.445,11.91,2992.9,0
26.43,37.92,56.51,1795.3,1818.6,35.51,3.4,2.05,7.261,11.21,2925.0,0
26.19,33.81,64.79,1216.2,1160.2,48.83,44.4,3.514,5.065,19.78,6000.0,1
26.34,37.41,56.87,1323.1,1252.3,42.47,18.5,0.538,4.414,15.48,4040.1,0
28.56,37.7,67.77,896.0,813.1,73.27,54.5,0.67,4.778,13.95,3466.7,0
27.31,38.29,68.81,1651.7,1664.3,36.99,15.2,4.516,8.615,14.07,4276.5,0
27.32,36.36,65.87,1003.8,1063.5,55.37,153.6,0.346,7.05,19.48,5901.0,0
24.6,34.53,60.18,914.1,940.5,56.35,31.4,0.768,5.156,17.86,2505.6,0
24.92,34.1,73.15,1395.7,1360.6,45.34,3.0,1.647,5.525,14.75,4342.8,0
31.14,40.92,55.22,1381.7,1281.2,40.37,2.1,1.583,2.235,24.19,3090.8,0
26.49,38.32,76.97,1518.5,1562.7,40.95,29.8,1.417,4.0,14.94,3850.4,0
25.3,35.19,65.93,1486.1,1488.9,40.1,27.9,0.813,4.015,17.13,1452.7,0
29.71,41.82,60.06,1098.7,1094.1,51.33,4.4,1.009,5.137,18.03,4856.9,0
27.41,37.03,58.09,1944.9,1956.4,31.27,24.4,1.221,7.389,8.14,2812.7,0
28.01,39.5,69.72,1583.5,1547.8,38.39,17.5,0.427,5.032,14.03,3000.7,0
26.57,34.95,73.6,1669.7,1646.6,37.18,58.1,4.254,3.777,14.55,5083.3,0
26.21,35.93,67.38,2448.3,2424.6,22.74,5.2,0.875,4.909,5.28,966.7,0
26.51,35.97,65.69,1319.0,1344.7,48.59,14.4,2.666,5.037,16.27,3754.9,0
24.08,35.62,67.13,1074.1,1036.8,50.63,40.5,1.685,5.229,7.76,400.4,0
26.67,36.86,59.25,1912.6,1890.6,33.66,31.1,2.0,5.367,26.01,811.8,0
27.44,35.35,62.45,1179.8,1147.2,50.3,127.8,6.766,6.937,19.71,683.8,1
30.55,39.24,66.65,2192.2,2154.8,24.16,3.9,0.543,3.981,11.47,4293.9,0
27.02,36.01,66.7,1435.2,1416.0,40.24,5.8,3.277,7.664,24.2,2085.7,0
22.18,33.12,67.72,1662.4,1663.3,38.74,91.9,0.296,4.216,19.65,5961.5,0
26.66,37.47,64.07,1449.0,1476.5,40.88,32.7,0.755,6.097,17.59,353.3,0
32.33,42.03,71.61,1372.5,1422.9,40.83,37.1,1.603,3.913,16.74,43.4,0
28.58,38.03,69.5,1309.1,1447.2,39.23,131.1,1.186,3.983,13.85,4894.1,0
25.23,35.94,55.69,1673.4,1722.8,36.12,8.2,0.797,7.188,14.14,3092.4,0
28.03,36.9,73.85,1449.8,1487.0,38.91,9.0,3.084,6.681,17.41,4427.4,0
25.37,35.82,70.1,980.0,969.9,53.63,88.8,2.145,7.322,23.51,4887.0,0
24.14,34.51,60.97,1709.8,1759.2,34.21,7.6,1.818,7.084,18.29,4599.9,0
26.15,35.88,70.96,954.6,1036.3,62.55,11.9,1.279,2.563,21.98,4468.2,0
27.03,37.43,68.79,1675.7,1693.0,33.65,5.5,2.131,6.329,15.85,2059.4,0
23.11,33.21,62.93,1431.3,1433.4,42.4,13.6,2.668,5.753,13.01,3697.9,0
24.55,35.05,66.38,1322.9,1351.1,45.71,30.3,0.943,3.918,22.25,2976.6,0
26.87,35.54,75.6,1666.7,1750.4,37.08,5.5,0.502,4.404,23.04,5851.1,0
26.03,36.65,67.46,1141.4,1107.5,53.82,4.4,0.419,3.925,10.75,900.9,0
27.64,38.67,79.73,1304.4,1376.9,45.45,26.4,3.458,6.241,14.85,1484.9,0
24.42,34.74,65.09,1403.7,1440.3,37.95,21.7,0.591,7.037,19.75,2656.4,0
28.28,38.88,63.42,1159.2,1130.5,53.71,108.8,0.598,5.541,12.93,1080.9,0
24.48,34.37,61.48,1935.4,1923.4,29.85,66.0,2.621,2.726,14.44,4078.8,0
30.14,41.03,74.74,1757.9,1775.3,34.35,1.2,1.565,5.199,20.51,277.0,0
23.42,33.48,68.3,1262.5,1229.2,45.63,83.0,4.472,3.098,15.65,3480.8,0
24.66,33.52,69.74,1172.6,1240.1,48.01,156.8,1.1,8.946,14.2,3734.6,0
27.68,38.5,62.14,1392.4,1431.1,43.23,41.4,1.563,7.069,16.99,1483.2,0
30.18,38.54,74.14,1694.7,1626.8,38.73,29.2,1.27,6.855,18.14,1125.3,0
27.48,37.76,84.19,1727.5,1763.1,37.49,126.2,3.412,3.241,4.23,2151.9,0
27.98,37.59,62.01,1246.1,1254.8,51.31,31.5,1.455,6.981,23.85,901.4,0
26.89,36.44,73.61,1427.6,1447.6,42.4,5.6,1.263,5.871,16.14,1962.3,0
24.8,34.97,62.09,1701.0,1737.6,31.28,2.6,1.355,5.19,19.14,5909.7,0
25.87,35.16,61.58,1877.9,1889.7,30.7,14.5,0.091,6.155,19.74,3212.4,0
24.43,34.94,74.09,1132.9,1155.6,55.13,61.1,0.294,2.113,11.01,1204.8,0
24.29,34.35,73.5,1887.4,1857.3,32.81,10.6,0.709,5.719,7.49,263.4,0
27.65,37.04,73.53,1470.6,1546.7,42.73,62.2,1.667,4.997,19.23,2504.0,0
24.6,35.94,71.16,958.6,991.0,53.51,41.1,2.179,4.51,19.33,5028.1,0
27.49,37.69,62.54,1302.3,1247.2,45.42,37.5,2.334,4.122,12.01,1165.1,0
24.25,34.88,69.39,1686.9,1720.9,32.42,41.1,2.149,4.788,21.07,1547.2,0
27.44,38.86,63.25,2006.5,1920.1,29.84,5.7,1.957,4.972,11.67,2761.8,0
25.87,37.27,64.0,991.3,915.1,58.7,10.6,1.314,6.188,13.25,152.9,0
29.66,40.24,71.03,2018.0,2094.8,29.59,21.8,2.189,4.984,14.82,3851.9,0
27.5,37.19,67.92,1931.4,2005.1,34.47,0.0,1.301,1.121,10.49,3631.0,0
29.32,37.89,64.61,1341.1,1332.8,43.73,50.9,7.04,5.481,14.56,2786.2,1
25.34,35.55,61.72,1693.5,1719.3,37.81,2.9,1.49,5.325,16.82,946.1,0
26.96,38.06,65.13,1434.1,1452.9,45.74,31.3,0.688,5.388,19.73,2370.5,0
24.89,35.24,63.09,2528.8,2521.6,25.32,100.8,7.252,8.174,15.73,5641.4,0
26.02,32.58,60.5,1506.1,1464.4,37.9,22.7,0.164,4.086,13.94,547.0,0
26.33,37.2,81.33,1299.0,1233.6,46.78,46.2,1.055,3.309,10.96,3220.0,0
25.4,36.33,57.07,1273.0,1319.8,46.81,7.7,1.538,6.825,14.8,3675.5,0
24.42,34.12,58.21,1701.8,1686.9,34.28,130.8,1.57,5.701,11.7,2637.5,0
24.02,35.01,60.28,1931.6,1846.3,29.78,73.4,0.874,6.896,11.33,2938.7,0
22.17,32.8,65.18,1462.9,1450.0,42.14,47.5,0.952,2.074,11.62,4922.3,0
24.74,34.05,76.79,2224.6,2211.6,26.88,91.7,1.984,4.505,16.21,2462.1,0
28.1,39.38,69.49,1096.5,1224.3,52.84,72.7,0.269,6.306,16.72,312.2,0
23.65,32.39,62.77,1407.2,1382.9,41.57,10.6,1.763,4.511,14.39,4684.4,0
24.11,34.06,62.82,1913.1,1925.8,33.03,8.9,3.584,7.525,19.68,312.9,0
30.43,40.27,72.51,2091.3,2105.1,29.45,226.8,2.689,4.559,20.69,2993.3,1
25.58,34.75,58.82,1611.8,1615.7,33.67,32.1,2.724,8.305,11.58,3625.5,0
27.49,37.8,64.98,2430.6,2406.8,24.38,15.8,1.738,4.877,21.25,110.9,0
28.13,39.45,66.89,1353.7,1363.1,44.95,3.4,0.428,6.11,6.34,828.2,0
28.18,39.42,74.14,1780.5,1745.9,31.97,9.9,0.173,4.126,18.74,1496.1,0
23.81,34.53,61.3,1378.8,1415.6,44.0,39.2,1.46,4.931,15.99,5990.2,0
26.39,34.69,65.9,1330.2,1331.2,45.38,13.1,5.495,8.928,14.85,931.7,1
23.61,32.28,62.06,1153.9,1116.5,49.66,19.4,2.665,4.461,13.64,5371.9,0
31.74,41.91,67.77,1454.2,1499.9,42.52,2.3,1.657,5.437,16.39,5408.5,0
23.66,33.63,68.28,1202.4,1221.1,51.25,48.7,4.064,7.537,13.31,5359.3,0
24.75,34.26,57.57,1253.9,1235.7,53.86,15.7,0.725,4.211,17.77,2560.4,0
24.77,36.67,73.73,1400.5,1456.4,42.58,26.1,0.562,6.778,6.5,1775.5,0
23.86,33.96,70.19,1366.5,1375.8,43.19,1.6,2.143,5.032,13.42,3531.5,0
29.56,40.1,80.76,1690.1,1732.3,34.43,2.4,3.21,3.097,16.63,5076.3,0
31.69,42.68,70.02,2090.6,2055.6,30.12,74.5,2.941,6.872,14.87,5420.3,0
25.9,35.95,69.21,1231.5,1223.1,52.82,45.8,3.819,9.227,10.75,3172.8,0
24.21,36.8,61.94,1162.8,1199.4,46.06,0.2,2.192,7.339,14.88,4322.3,0
22.38,31.44,63.67,1262.2,1253.0,46.87,64.5,1.161,6.005,16.97,5300.1,0
26.36,35.76,65.2,1833.6,1813.2,34.09,13.7,1.111,4.649,16.59,3840.0,0
26.22,35.27,62.74,1055.4,1110.6,56.24,19.4,3.139,5.909,13.89,3023.1,0
25.55,37.11,62.61,1509.6,1572.7,37.71,37.4,3.238,6.783,17.49,1314.5,0
27.29,38.09,76.7,1902.0,1908.2,31.98,26.5,2.873,3.636,13.37,4746.6,0
27.64,37.1,66.36,1872.5,1799.9,34.26,5.9,1.235,1.986,13.67,5921.1,0
27.5,36.63,71.79,1114.7,1171.5,55.71,166.4,2.407,3.107,18.56,5721.8,0
26.22,37.6,71.3,1999.3,1897.9,28.89,3.8,2.191,4.373,11.01,1202.6,0
24.65,35.01,56.5,1813.2,1822.3,32.49,20.3,2.162,4.95,15.42,4776.9,0
28.18,39.59,66.83,890.6,964.9,68.99,1.8,2.082,4.779,10.03,1152.5,0
26.88,36.81,64.26,1198.8,1165.7,49.41,27.4,1.506,5.376,18.72,5230.4,0
28.63,39.14,75.87,1725.8,1760.4,32.67,20.8,0.998,3.98,16.21,4707.0,0
28.43,38.73,66.96,1990.8,1926.0,29.19,223.7,3.461,6.161,21.29,5352.5,1
24.01,33.38,73.49,2588.2,2570.1,23.27,37.4,7.455,4.95,20.75,4.2,0
23.98,33.84,67.03,1386.4,1434.1,40.97,81.0,0.966,4.63,15.39,1804.1,0
25.34,34.15,63.27,1423.1,1424.1,47.28,48.5,2.223,5.462,9.86,5373.4,0
24.74,35.23,60.31,913.2,790.1,55.19,15.8,0.585,4.553,13.18,1571.1,0
28.36,39.12,78.77,2802.0,2781.6,21.06,33.2,1.686,7.622,12.72,1817.4,0
27.55,38.54,69.33,2144.0,2059.5,26.75,7.3,1.855,4.739,22.85,1431.3,0
29.05,39.71,68.36,1467.3,1458.1,38.8,0.9,0.254,5.304,16.78,1995.1,0
27.64,37.51,78.87,941.7,908.7,67.88,6.4,0.251,7.807,18.01,4148.4,0
27.27,38.82,77.47,1153.2,1025.7,48.86,48.6,2.132,4.417,21.36,4835.6,0
29.25,40.14,68.74,1403.2,1365.8,43.73,15.5,1.198,6.922,17.59,3998.4,0
27.79,39.18,62.87,2144.4,2090.4,27.75,30.6,0.395,4.738,16.29,4670.9,0
26.99,38.44,63.53,3011.6,3020.8,18.8,32.7,0.245,8.655,19.1,1047.7,0
29.81,39.69,69.69,1640.8,1602.6,40.39,15.8,1.551,4.763,7.5,4086.2,0
27.08,37.47,65.74,1726.0,1739.4,39.01,4.9,3.513,3.761,10.41,2402.5,0
26.24,37.02,67.91,1638.0,1668.7,37.32,23.7,1.95,7.18,15.86,1514.3,0
25.17,34.03,50.73,1488.5,1562.8,36.2,1.2,1.851,8.845,19.1,4570.2,0
28.26,37.13,61.62,1895.8,1906.4,32.52,0.2,1.837,6.344,15.33,2490.7,0
29.32,38.02,63.02,1776.5,1801.7,30.22,9.8,0.477,5.015,15.65,3983.4,0
26.75,36.64,69.36,1100.4,1089.5,53.9,32.8,0.079,3.437,7.79,2083.9,0
29.47,39.13,71.45,1924.0,1879.9,31.13,38.2,0.839,5.907,19.79,4369.3,0
22.91,31.47,65.58,1612.7,1641.0,37.24,27.9,0.517,8.101,21.95,3354.1,0
26.74,36.89,59.12,1504.8,1511.7,39.61,58.7,0.552,6.53,9.67,2348.1,0
26.77,36.67,68.22,1170.7,1172.6,47.06,54.6,2.529,5.014,7.53,494.6,0
25.4,36.58,72.07,1887.0,1884.2,31.48,64.0,3.153,4.87,18.3,4115.3,0
31.62,43.63,72.27,1263.2,1249.3,49.78,100.6,0.189,5.966,18.95,3209.0,0
26.72,37.17,67.24,1657.6,1627.3,34.2,1.3,0.158,4.016,1.55,3966.2,0
26.03,35.34,63.09,1591.8,1589.9,38.38,6.2,2.607,5.926,17.09,5531.9,0
26.9,37.55,70.19,1015.5,972.6,56.43,63.4,2.162,7.126,13.91,1463.1,0
22.84,32.85,62.41,2010.1,2073.2,30.31,56.9,1.319,6.208,12.68,4711.8,0
25.33,35.09,69.33,1189.0,1201.0,47.21,60.9,5.502,5.722,9.03,3525.2,0
28.82,37.95,67.41,1230.6,1090.8,50.05,19.7,3.129,3.89,16.15,3730.6,0
25.59,35.13,64.77,1266.0,1328.2,43.1,22.3,2.317,6.187,12.51,2654.5,0
25.19,35.01,61.6,1619.8,1688.1,38.82,9.6,1.352,4.112,13.82,3986.9,0
29.47,40.27,83.19,910.6,901.4,61.26,32.3,0.419,6.682,23.2,2366.8,0
29.53,40.04,62.87,1568.0,1549.5,39.86,5.7,3.373,6.685,22.34,3300.3,0
27.88,39.71,72.17,1467.6,1528.4,42.04,12.8,0.549,3.404,19.3,1377.3,0
25.94,36.61,54.11,1558.8,1623.0,36.63,74.8,1.982,4.189,11.74,2036.7,0
26.37,36.8,65.6,1550.0,1467.2,41.51,89.2,4.006,5.231,12.72,3281.5,0
25.24,34.94,62.2,1202.4,1242.3,49.64,38.8,0.573,4.551,14.57,2327.3,0
24.86,33.82,60.68,1537.6,1596.5,37.25,3.8,1.145,4.666,19.4,3320.5,0
24.76,34.19,59.07,3122.8,3092.0,18.91,5.7,0.931,6.651,9.94,562.4,0
25.61,34.91,57.32,1386.7,1342.4,45.14,30.9,1.365,6.501,12.16,3021.7,0
24.78,32.22,58.62,2086.3,2118.9,29.22,4.5,2.919,6.576,15.74,2893.3,0
23.72,32.71,59.95,1262.8,1364.4,47.42,20.7,0.497,6.515,13.81,2678.0,0
27.29,38.89,88.2,1532.4,1603.0,39.99,12.8,1.015,8.173,11.63,3457.0,0
27.32,37.69,67.74,1263.9,1301.7,49.43,54.4,0.282,5.153,15.87,4511.0,0
30.25,39.88,79.3,1796.6,1791.3,30.52,8.6,1.813,6.517,10.02,5960.1,0
25.51,35.91,60.8,1591.2,1593.9,34.65,61.6,0.96,2.056,14.28,2226.0,0
27.44,35.49,69.17,1627.4,1625.7,36.6,1.2,0.198,3.427,8.95,5706.9,0
27.48,37.76,76.71,2276.4,2262.8,25.18,14.7,1.772,6.488,17.96,5788.1,0
26.34,37.62,67.54,1117.8,1086.0,51.11,18.9,2.222,5.572,7.89,157.6,0
28.34,38.22,77.02,2497.3,2532.7,23.75,152.6,1.031,5.479,8.18,4988.6,0
28.4,36.63,58.33,1045.1,977.4,50.97,201.8,5.566,6.87,15.35,2083.8,1
27.5,37.09,76.6,1325.6,1367.9,44.24,4.2,1.038,2.356,8.71,2607.9,0
26.34,37.62,70.54,1651.4,1626.7,38.01,3.6,0.804,4.048,13.77,1473.6,0
26.13,36.39,65.59,1363.3,1388.1,43.45,89.7,0.457,5.436,12.87,5811.3,0
24.11,32.7,71.71,1446.4,1409.2,43.18,38.9,8.03,7.465,16.56,2725.0,0
25.24,37.61,64.13,1648.3,1567.3,36.0,3.5,2.011,5.841,13.34,5087.0,0
25.61,34.35,68.12,1324.5,1397.5,42.98,4.0,1.738,5.248,16.47,1429.0,0
24.6,34.36,65.43,1256.8,1306.5,47.31,2.4,1.503,5.379,14.06,2138.0,0
27.73,36.69,69.3,2007.0,1990.7,30.55,29.6,2.629,4.41,24.53,3158.6,0
29.24,38.21,72.6,1399.7,1503.0,43.46,30.7,3.533,7.719,9.73,5019.9,0
25.03,34.58,54.93,3342.3,3424.6,13.74,15.7,1.72,5.113,8.59,4161.5,0
27.42,38.05,71.01,2679.2,2708.4,20.7,20.5,2.725,7.967,14.96,4155.7,0
24.78,36.07,77.69,1375.7,1303.5,45.65,10.6,3.161,5.022,10.23,1079.2,0
26.24,35.85,63.02,1565.8,1498.8,35.82,202.8,5.969,5.681,15.03,1887.5,1
25.47,34.46,72.46,1890.3,1899.3,31.47,21.5,1.298,5.33,19.66,2407.8,0
28.05,38.53,76.55,1541.3,1593.1,39.47,77.7,1.074,5.9,16.31,4194.1,0
25.49,36.0,62.93,1789.1,1874.8,36.04,31.7,1.317,3.386,17.92,4673.3,0
28.87,39.11,59.04,1927.1,1940.3,30.11,2.0,1.606,5.536,12.48,3042.0,0
26.36,36.63,69.42,2630.6,2672.1,23.61,25.4,1.941,4.557,12.16,3478.4,0
25.55,35.44,65.08,2803.0,2863.2,20.32,27.9,0.22,5.389,18.37,221.9,0
24.34,34.44,68.14,1219.0,1135.9,47.39,18.7,2.666,4.927,8.63,4943.3,0
27.36,37.17,62.89,1722.6,1693.9,35.78,30.9,0.682,2.941,15.86,5719.8,0
28.64,39.71,70.57,1139.8,1161.5,49.7,81.7,3.15,4.937,13.47,4120.3,0
27.4,39.63,65.46,1706.4,1735.7,35.67,229.1,2.652,7.644,13.67,1893.2,1
31.33,41.51,74.42,1119.3,1065.4,43.55,76.2,1.53,5.231,13.94,2705.9,0
29.71,39.7,68.4,1533.9,1569.1,38.75,35.9,1.139,4.666,13.52,5132.1,0
26.23,36.49,60.85,1571.7,1612.2,40.44,32.3,0.195,2.339,16.8,1779.2,0
26.21,35.56,70.67,1375.5,1387.0,40.93,35.7,0.721,4.882,15.62,2929.8,0
27.79,38.55,63.44,1679.6,1713.0,35.54,19.9,3.803,5.961,11.07,1191.3,0
25.17,35.62,69.28,2268.1,2285.7,27.7,81.3,0.79,7.376,19.84,1258.3,0
29.18,38.76,70.92,1296.5,1321.2,47.66,4.1,0.745,0.822,20.73,34.8,0
27.57,38.48,68.63,1028.8,1017.8,55.94,21.9,3.808,7.446,16.03,2041.2,0
27.36,37.38,71.86,1062.9,1025.5,56.59,58.1,1.992,6.401,18.9,4699.7,0
28.22,37.25,59.68,1898.3,1888.0,34.47,13.1,0.698,5.268,14.85,4124.6,0
30.3,40.65,72.2,1810.4,1827.0,32.67,1.2,1.262,4.348,11.15,4202.9,0
27.19,37.43,65.05,1640.2,1534.7,34.46,26.5,5.061,6.871,17.57,264.8,0
26.62,37.58,60.82,1726.4,1668.8,38.24,78.5,3.359,5.695,14.81,2491.6,0
29.87,40.7,80.05,1437.7,1400.0,39.48,63.5,0.794,3.239,15.56,2995.2,0
28.79,38.68,64.13,1912.4,1837.3,30.02,13.5,1.548,6.805,14.59,244.3,0
26.21,35.74,74.09,2358.6,2356.6,25.2,4.6,1.226,6.025,18.66,3945.2,0
26.86,36.86,82.02,1356.9,1238.8,40.5,134.4,1.247,7.635,14.45,1968.7,0
27.24,37.6,97.07,3342.3,3362.2,4.7,17.1,3.888,6.439,16.31,3106.1,1
27.57,38.06,57.66,1551.5,1534.3,38.99,10.7,0.305,8.055,18.27,391.8,0
24.14,34.44,66.88,1965.1,1974.7,30.55,59.6,0.574,7.781,22.59,3892.3,0
23.77,33.67,59.24,1273.4,1330.2,47.8,37.0,2.859,4.868,13.98,3302.6,0
25.08,36.07,74.55,1130.1,1169.3,50.48,65.1,3.025,7.623,23.35,5014.9,0
24.92,34.25,65.44,1182.8,1122.0,50.71,7.1,1.474,4.135,19.49,1563.7,0
25.56,38.04,79.48,1450.3,1403.8,36.54,71.8,1.108,3.125,16.82,1709.2,0
28.12,38.88,72.57,2031.5,1990.0,28.65,20.9,1.169,4.811,18.18,5371.8,0
26.51,35.38,67.59,1881.5,2018.4,31.85,2.3,3.748,7.772,21.95,810.7,0
27.24,37.43,70.37,1434.2,1346.7,42.88,31.7,4.096,6.12,14.28,1029.1,0
24.4,35.17,56.47,2603.7,2588.1,23.54,8.3,3.37,5.788,7.25,342.0,0
25.93,35.58,61.55,1062.9,1118.0,53.94,39.6,1.62,6.837,9.1,761.8,0
28.02,36.53,71.39,1565.3,1561.0,36.69,37.2,1.103,3.99,11.34,3417.1,0
28.04,37.0,70.63,1460.3,1446.4,45.0,87.8,2.243,4.961,17.53,2481.9,0
25.4,35.94,61.54,2498.0,2568.1,22.19,179.9,0.974,5.81,14.7,2970.7,0
27.17,35.42,68.1,2092.5,2004.2,30.74,33.4,1.511,5.849,22.15,1368.4,0
31.25,39.8,60.3,2923.2,2948.7,20.94,4.7,1.479,5.514,18.65,258.7,0
26.81,37.35,72.48,1127.2,1089.6,50.21,26.6,1.353,2.998,15.32,1295.2,0
25.46,35.24,73.05,1517.5,1528.5,38.4,19.2,0.808,4.381,14.96,2189.7,0
26.5,35.81,72.39,1262.7,1318.1,45.71,26.3,1.752,5.121,13.65,4548.3,0
27.03,36.54,74.69,1482.3,1452.7,40.63,12.5,1.001,3.755,13.75,707.4,0
26.55,35.08,60.56,1338.4,1332.4,44.68,49.9,2.994,4.216,16.33,204.4,1
26.79,37.27,79.52,1609.2,1662.1,36.63,69.5,0.32,6.097,9.47,5574.4,0
23.96,33.16,63.27,1596.4,1516.4,37.96,31.8,1.193,3.136,8.85,1515.1,0
24.92,34.39,72.08,1534.9,1572.1,39.08,3.4,0.577,3.481,14.36,4199.6,0
26.55,36.9,56.02,1378.7,1349.9,44.06,59.3,1.203,4.479,15.7,2701.6,0
26.52,36.26,71.01,1264.5,1311.4,44.32,54.9,2.951,7.735,14.23,2354.1,0
25.72,35.01,70.81,889.2,879.8,68.11,16.0,1.035,7.307,12.58,2943.2,0
26.5,34.51,66.32,959.5,932.9,56.82,64.4,5.017,3.617,21.06,503.6,1
26.97,37.34,58.87,2832.7,2840.9,22.21,52.1,3.15,4.763,17.76,5746.1,0
28.63,38.71,72.62,1498.0,1557.8,38.57,4.3,2.909,6.794,14.49,2526.1,0
26.65,36.13,55.81,1754.8,1733.0,35.94,31.9,1.736,7.806,12.33,2620.1,0
27.65,36.61,54.05,1188.7,1163.6,52.8,15.3,3.093,4.186,11.45,184.2,0
25.77,35.78,66.31,1538.2,1597.2,36.84,60.3,0.518,6.082,18.05,5547.5,0
27.99,38.47,70.15,1327.4,1322.2,44.64,189.8,0.829,4.149,11.41,4233.1,0
27.6,37.7,82.27,3342.3,3324.5,16.63,40.2,4.949,6.957,20.49,138.4,0
28.58,40.22,73.8,2240.9,2225.6,24.86,24.0,1.737,4.876,17.52,3600.3,0
28.28,38.98,72.42,936.8,983.8,60.92,13.4,1.984,5.193,14.26,3623.5,0
28.03,37.92,64.11,1508.2,1547.5,40.5,4.1,1.201,3.325,12.03,3013.0,0
26.65,37.39,69.24,2046.1,1998.5,30.02,87.1,1.078,6.758,16.63,2368.8,0
27.34,37.39,61.08,1442.2,1413.9,42.43,26.0,0.844,6.084,13.96,1784.4,0
28.98,39.02,73.9,2055.5,2100.4,29.47,23.4,2.121,5.865,13.21,4075.7,0
25.55,36.84,74.02,1718.9,1743.5,37.17,104.3,2.046,4.827,12.63,4266.7,0
25.59,34.7,66.69,2290.8,2165.1,25.47,52.0,2.224,4.729,15.98,119.0,0
27.21,37.24,62.1,1795.0,1806.1,32.11,8.4,1.648,6.34,12.2,4793.8,0
27.68,38.87,68.35,1712.2,1704.4,35.84,14.4,0.618,4.575,15.37,3549.6,0
25.2,35.51,71.81,1366.1,1419.0,51.21,114.6,0.703,6.747,19.33,4492.6,0
26.7,36.33,64.64,1369.7,1449.3,44.64,70.3,0.963,7.308,12.53,2287.6,0
26.66,34.96,62.11,1376.0,1357.6,46.39,45.7,7.425,5.432,11.66,3006.0,1
22.42,30.15,54.16,1507.4,1638.4,39.74,14.5,1.831,5.537,22.62,1462.1,0
26.41,38.49,73.98,1220.9,1130.9,48.23,8.5,2.57,2.711,14.1,4547.7,0
26.54,36.84,70.61,1664.2,1656.2,31.26,1.5,1.32,5.187,18.01,1961.3,0
26.53,35.95,67.88,1985.7,1986.0,32.67,35.1,2.099,5.242,14.44,2018.3,0
29.68,40.03,72.97,1270.1,1304.5,44.08,22.8,0.392,5.947,13.61,3934.1,0
24.42,33.47,55.61,1579.5,1626.6,37.21,11.0,1.017,6.561,18.46,3653.3,0
25.2,34.87,63.89,1480.4,1537.8,39.86,86.2,0.811,6.028,19.87,2599.0,0
21.63,30.68,55.02,1483.8,1521.8,38.36,14.2,5.213,7.147,10.44,4415.5,0
25.89,34.47,56.78,1331.4,1347.4,52.53,53.5,3.734,6.129,7.4,5139.6,1
26.06,33.95,63.02,1093.3,1083.5,53.06,18.2,5.356,4.496,18.47,2067.7,1
25.83,34.23,66.3,1785.0,1726.7,33.74,6.2,2.224,7.301,20.27,1640.1,0
29.07,40.09,71.59,2871.8,2858.1,22.4,3.8,2.24,3.777,15.03,2275.7,0
28.57,37.58,64.4,2036.1,2027.8,32.89,43.9,2.327,4.141,13.72,2097.2,0
27.01,37.54,69.28,2040.4,1974.3,31.03,19.0,1.124,5.365,15.14,4559.4,0
26.11,37.07,62.01,1106.5,1145.6,48.32,68.7,2.033,3.772,18.48,2788.0,0
28.9,38.92,69.01,1114.8,1077.1,49.2,50.4,1.91,5.016,17.24,660.8,0
26.81,36.51,59.83,1804.4,1833.1,29.69,13.9,0.486,3.147,11.19,733.5,0
25.21,35.35,52.93,1891.2,1908.8,32.45,1.7,0.094,4.667,9.82,889.1,0
23.42,33.0,65.99,2378.9,2318.2,25.21,0.2,0.916,3.268,8.52,1781.0,0
25.97,37.17,68.05,1524.3,1475.7,41.34,18.1,1.664,6.285,15.41,3693.0,0
28.36,40.24,64.24,1635.7,1603.0,39.55,15.1,0.309,5.726,21.16,2194.1,0
31.4,42.85,68.04,1343.9,1319.1,47.89,70.5,1.108,3.747,5.55,2472.0,0
26.97,34.82,46.91,1430.7,1503.0,44.97,2.8,1.704,3.521,11.14,3620.4,0
25.32,34.88,64.95,1235.1,1246.3,46.1,43.4,1.754,4.651,18.84,4085.2,0
24.48,34.48,65.29,2603.5,2567.6,24.58,35.2,4.44,5.013,11.66,3184.9,0
27.95,38.42,69.63,1681.6,1716.6,33.74,129.2,2.239,6.635,17.5,5324.7,0
23.32,31.59,64.42,1297.7,1374.1,49.49,10.0,3.226,4.174,13.15,1893.3,1
27.95,36.21,70.45,1774.6,1749.3,34.61,17.2,3.656,6.926,10.65,2253.5,0
28.49,39.79,60.56,2572.3,2568.9,23.72,30.6,1.002,4.78,17.06,3248.6,0
27.72,37.16,64.36,1168.1,1137.3,48.08,6.8,0.542,4.722,9.94,1297.8,0
26.41,34.92,67.31,1851.4,1881.0,34.23,24.5,1.001,3.591,14.39,3477.6,0
27.98,36.88,57.5,1281.5,1306.3,50.63,108.3,0.599,4.985,14.33,1282.7,0
27.19,37.58,62.75,1551.5,1564.5,39.82,41.6,0.082,3.612,22.22,1110.2,0
25.29,34.47,71.71,1638.1,1642.8,37.23,36.3,0.774,5.56,12.35,233.2,0
30.55,40.79,65.41,1215.0,1153.2,53.63,207.4,3.389,7.598,13.51,1584.9,1
26.15,35.17,64.58,2459.5,2383.3,26.97,10.1,1.819,8.672,17.56,5618.7,0
28.4,36.66,68.6,1072.3,1071.1,54.34,0.1,6.414,5.682,17.33,905.6,1
22.01,33.44,66.15,1786.5,1729.2,33.61,41.7,1.861,5.84,11.94,2509.6,0
29.4,39.8,72.91,1353.9,1365.5,41.62,39.3,1.824,5.832,12.31,2663.6,0
29.79,39.45,62.95,1496.1,1424.3,41.72,102.7,0.84,8.119,11.37,1746.0,0
26.91,36.39,61.72,1678.9,1652.4,35.73,11.0,0.72,5.511,13.8,4743.2,0
27.97,39.43,74.14,1687.2,1664.1,32.38,38.2,0.71,4.175,16.65,2264.9,0
27.97,38.56,69.63,1715.8,1591.3,36.3,52.7,1.045,5.18,11.63,2762.2,0
25.56,36.71,67.19,1991.3,1947.0,29.85,2.4,2.329,3.586,12.36,4515.4,0
27.94,37.36,68.8,1048.6,1061.8,59.62,52.1,0.23,8.035,20.82,5645.1,0
25.23,35.28,54.14,1802.0,1879.4,35.19,24.9,1.432,6.186,14.22,2692.0,0
25.63,36.03,56.22,1182.7,1258.0,51.59,59.1,1.129,7.004,18.0,3473.2,0
29.1,38.55,69.19,1092.7,1104.0,50.27,21.1,5.631,4.411,15.89,2106.1,1
28.8,38.7,69.54,1450.0,1464.9,43.63,16.9,3.384,6.225,14.69,1082.9,0
25.44,34.85,60.09,1452.4,1497.4,38.64,91.1,1.477,5.309,18.73,587.6,0
25.38,35.78,75.34,1374.6,1323.5,41.94,13.4,1.467,2.748,13.7,4584.2,0
25.56,34.24,64.03,1231.3,1160.7,45.72,6.1,1.343,3.708,15.58,5067.4,0
28.32,38.89,69.71,1505.2,1460.4,41.0,0.7,4.275,5.965,9.82,4997.2,0
24.85,35.16,58.29,2360.4,2340.9,24.33,6.8,0.652,9.086,10.11,4882.2,0
27.56,37.36,67.88,2862.1,2888.1,21.82,171.0,0.259,6.849,10.45,1742.2,0
28.34,38.79,61.06,967.7,908.2,55.09,22.2,0.748,6.471,9.77,5569.1,0
26.67,36.31,60.15,3342.3,3363.4,13.65,27.8,2.713,7.761,20.19,3292.8,0
28.87,38.2,72.8,1348.1,1332.8,41.96,46.8,1.851,4.596,11.78,3834.7,0
26.24,36.79,65.38,1521.8,1470.2,37.65,19.9,0.565,6.376,13.99,4296.4,0
26.42,37.01,61.71,1443.4,1497.0,41.61,71.1,1.42,3.77,18.26,187.9,0
24.9,34.39,62.94,2145.0,2190.9,28.6,68.7,2.837,5.498,20.85,1593.2,0
28.88,38.29,74.99,1309.5,1327.6,43.51,8.5,2.366,4.473,14.21,1614.6,0
25.32,35.13,78.74,1391.3,1457.2,42.06,2.8,0.287,6.837,14.27,3510.4,0
27.55,37.0,62.32,821.5,822.1,67.61,2.0,2.251,2.439,9.81,3452.8,0
26.71,38.23,55.95,1525.5,1514.8,41.3,59.5,2.69,4.014,7.62,4642.1,0
24.74,35.06,64.86,1113.0,1097.7,53.48,37.4,1.05,7.712,18.95,3809.6,0
25.63,35.65,60.77,2243.4,2184.9,25.01,59.4,1.269,6.964,14.6,4081.6,0
29.62,38.68,78.44,1243.5,1236.9,50.2,22.1,1.342,5.637,17.21,28.2,0
27.25,37.99,64.81,1589.3,1575.5,42.26,30.8,5.136,6.275,16.5,1966.6,0
24.83,34.22,68.38,1327.1,1294.1,42.7,64.1,2.029,5.964,11.1,561.3,0
27.46,36.81,68.65,1377.2,1328.4,42.84,39.4,1.492,9.021,11.42,5750.1,0
26.56,37.33,70.12,951.0,986.6,57.06,46.6,1.637,5.885,16.93,886.6,0
33.76,44.15,73.09,1336.0,1362.2,42.55,5.4,0.253,6.172,16.32,522.2,0
27.42,34.92,75.05,1669.8,1700.8,32.16,12.8,2.337,4.745,19.13,5113.2,0
26.09,35.93,59.79,1714.5,1671.7,33.84,2.1,3.78,5.625,11.82,468.4,0
29.69,39.82,68.02,1214.6,1259.2,48.17,5.3,3.647,3.414,11.24,5472.5,0
23.17,32.83,69.19,1383.1,1405.1,44.47,15.7,0.795,5.859,15.52,5042.7,0
27.04,37.2,67.34,2462.4,2429.9,24.7,17.6,2.015,6.205,20.34,623.5,0
30.84,39.03,63.61,1362.9,1370.9,45.15,4.4,2.927,6.398,21.59,1707.6,1
26.62,33.79,58.98,2091.8,1989.0,29.18,53.3,2.542,7.38,10.79,2965.4,0
23.38,32.41,59.27,1271.8,1350.1,44.38,24.6,0.614,7.569,15.17,672.3,0
26.06,36.34,66.55,1758.6,1760.8,31.94,75.6,2.976,7.687,20.11,361.2,0
29.76,36.53,66.89,1604.3,1553.5,37.19,16.4,2.061,3.796,17.71,4276.9,0
27.6,36.76,67.65,1868.1,1912.5,34.55,42.0,0.246,6.799,8.79,3864.5,0
25.17,33.25,78.76,1066.8,1002.9,55.19,4.1,7.533,7.25,19.35,2033.8,1
25.48,35.24,69.6,1258.5,1266.6,44.02,4.3,0.156,6.933,11.89,1906.0,0
25.73,37.69,76.56,1149.4,1169.8,52.61,20.4,0.709,5.219,16.33,1813.2,0
27.57,37.36,69.5,848.8,878.9,68.95,54.6,0.387,5.651,16.74,1271.9,0
29.53,39.42,67.93,1516.2,1497.1,40.47,82.6,5.561,4.406,18.02,4344.2,0
28.95,39.79,69.7,1087.2,1074.8,55.02,83.8,2.011,7.547,14.69,471.1,0
27.76,37.78,75.79,1889.4,1953.9,33.01,2.7,1.549,5.635,16.26,458.4,0
24.19,33.97,70.72,1161.2,1174.5,52.55,21.2,1.093,8.058,14.96,2902.7,0
24.19,35.12,67.98,1992.8,2023.0,31.92,17.1,6.547,3.799,15.56,2204.6,0
27.92,38.39,73.58,1518.6,1471.3,39.82,77.5,1.365,5.766,20.52,3710.0,0
24.16,34.45,67.28,1383.5,1394.7,45.37,56.4,6.341,5.634,16.38,1651.3,0
26.4,36.26,70.09,1268.3,1258.2,46.94,51.1,1.496,2.966,11.3,4477.1,0
27.46,37.11,65.93,2093.9,2008.7,27.27,88.3,3.448,6.594,15.97,3874.4,0
24.57,35.49,56.74,2020.3,1991.1,31.33,19.7,3.821,7.208,13.52,5731.4,0
24.8,34.47,61.82,1255.9,1246.4,46.11,33.8,0.821,4.399,18.48,4950.8,0
26.66,37.89,67.44,1593.8,1627.0,36.32,8.7,2.021,5.549,17.81,149.4,0
27.86,36.81,57.83,2434.1,2334.3,26.03,96.7,3.261,4.306,17.0,83.8,0
28.97,40.41,76.64,1482.0,1537.1,39.29,36.2,0.189,7.488,9.83,690.8,0
28.06,38.54,66.26,1463.8,1573.8,38.81,13.3,2.714,2.941,15.9,812.7,0
27.0,36.03,70.31,1460.9,1471.7,41.77,88.1,2.398,2.498,10.49,3034.7,0
25.36,35.87,71.09,1299.1,1266.9,45.29,8.7,2.272,6.675,10.68,1242.2,0
24.71,34.06,65.53,1343.2,1318.3,44.66,2.1,0.74,6.258,14.21,4052.1,0
25.83,35.86,67.25,1840.4,1764.2,32.32,72.7,0.154,6.44,17.17,5379.9,0
27.67,37.18,73.29,1693.0,1669.6,35.89,12.5,1.037,5.915,16.03,2224.8,0
27.52,37.39,64.95,1245.1,1152.9,49.28,19.4,1.053,6.986,12.9,701.7,0
22.65,33.59,60.57,1827.9,1817.2,34.57,9.8,2.385,5.572,15.19,1005.7,0
25.28,35.8,63.36,1555.0,1723.4,36.05,60.1,0.856,4.965,21.17,5451.3,0
29.26,38.13,75.66,2458.5,2493.8,24.96,19.2,2.548,8.43,12.4,4368.5,0
27.01,35.94,62.55,1372.0,1339.3,39.71,87.9,0.177,6.129,7.51,2745.8,0
24.02,34.29,72.89,1552.3,1456.4,43.45,48.1,2.748,4.945,14.76,3844.9,0
31.56,41.9,73.65,2880.9,2858.0,20.25,16.9,0.975,5.324,10.85,3552.3,0
26.79,36.12,65.71,1965.2,2008.6,29.3,47.6,1.872,3.874,16.07,1860.8,0
27.62,39.21,70.85,2560.7,2561.3,25.78,44.5,0.544,7.661,8.68,672.8,0
27.65,38.46,74.89,1374.6,1405.9,47.88,20.2,2.24,3.98,6.85,1671.7,0
26.11,35.49,73.5,2982.8,3062.1,20.88,18.9,1.623,5.522,12.05,3622.4,0
25.39,34.67,70.88,1492.4,1533.2,39.21,36.7,2.104,6.099,19.12,3189.6,0
31.09,40.87,95.24,1305.5,1323.5,47.18,5.5,4.879,2.72,12.77,3367.1,0
28.86,38.52,58.31,1434.0,1418.0,41.88,222.4,2.936,5.37,19.09,817.3,1
28.49,39.75,70.93,1593.9,1539.8,35.6,8.4,0.531,5.565,14.91,1659.1,0
28.0,38.99,71.37,1412.9,1437.5,43.46,15.8,1.817,4.446,8.08,2398.5,0
24.84,34.88,71.68,1048.6,1103.2,50.37,34.3,0.865,4.917,14.91,466.2,0
29.41,40.08,70.25,1392.5,1303.7,38.92,16.6,1.336,6.425,19.92,5791.3,0
25.16,35.99,70.42,3228.5,3282.0,17.61,13.9,1.405,7.267,16.18,748.5,0
27.42,37.47,65.99,1207.3,1253.8,51.48,2.0,5.831,5.959,19.63,827.5,0
23.57,33.97,66.91,1217.1,1145.1,44.0,197.9,1.139,3.09,15.59,3863.4,0
22.77,33.36,58.51,1521.0,1514.6,39.67,33.1,3.058,4.636,19.96,3385.0,0
27.49,37.97,60.31,2823.2,2839.5,20.2,62.2,0.19,4.521,16.12,3162.7,0
25.23,34.45,62.69,1735.7,1719.7,37.02,13.7,1.072,3.649,8.52,2922.6,0
22.87,32.19,65.33,1774.6,1852.0,31.25,9.1,1.473,3.309,11.16,4846.3,0
27.93,37.64,57.47,2072.3,2137.1,27.84,57.5,1.177,5.823,19.38,227.1,0
31.09,40.38,75.4,1608.6,1583.9,38.64,34.3,1.402,4.57,12.16,4030.8,0
29.63,38.16,62.21,1691.3,1660.9,34.64,42.0,0.719,6.534,15.03,3644.5,0
26.34,37.01,69.81,1780.5,1799.8,35.3,83.8,2.926,7.189,16.34,2360.2,0
26.87,37.21,68.3,1282.5,1303.6,47.4,70.8,0.807,2.223,14.35,796.2,0
28.63,37.29,57.96,1473.3,1431.0,42.56,8.7,0.596,8.337,13.22,892.1,0
29.09,38.85,60.95,1734.9,1700.7,35.04,1.7,1.769,6.369,16.82,2984.8,0
26.16,35.98,72.2,1745.4,1679.5,33.78,5.1,2.127,6.354,14.69,3636.7,0
26.92,37.1,72.35,1523.2,1521.5,35.45,92.7,1.451,6.373,18.4,4310.3,0
27.45,36.37,60.45,1622.8,1592.7,37.53,5.8,0.539,5.264,10.6,1804.3,0
27.96,36.6,64.49,1160.8,1106.5,45.84,15.4,3.197,3.524,12.89,5491.7,0
26.58,37.1,69.46,2051.4,2052.8,29.57,25.1,1.582,5.291,21.86,3386.7,0
26.61,35.08,62.76,1080.1,1152.2,54.58,48.8,4.846,1.825,22.68,4523.7,1
29.61,39.38,68.7,1353.1,1270.7,45.85,11.5,1.492,8.085,14.61,5121.4,0
29.27,38.94,72.49,3342.3,3329.4,12.62,99.5,4.273,4.417,10.64,3461.6,0
27.8,37.68,60.46,1342.5,1313.8,40.85,24.2,0.627,5.858,19.38,5508.5,0
30.29,40.54,68.41,1232.0,1210.2,50.41,142.7,2.946,3.439,24.28,642.0,0
26.08,37.68,68.04,1442.9,1465.2,43.89,30.7,0.492,7.305,9.29,3518.3,0
30.1,38.5,69.87,1813.1,1779.7,35.88,56.9,2.155,5.539,18.7,5931.9,0
27.94,38.81,71.07,1385.0,1367.9,39.39,28.8,0.522,7.211,17.21,1376.8,0
33.39,40.88,71.19,1299.7,1288.8,41.78,8.2,6.921,7.916,13.14,957.7,1
24.47,35.86,62.69,1285.5,1322.8,47.7,60.2,2.142,2.959,18.92,3343.1,0
25.47,33.43,72.51,2246.7,2204.7,25.85,9.0,0.215,5.14,10.93,1476.7,0
27.69,40.12,67.63,1635.2,1657.8,33.95,165.0,2.298,4.867,13.41,309.4,0
27.64,37.25,56.18,1048.7,1076.9,56.39,0.4,1.577,4.055,14.06,2267.7,0
30.75,42.04,59.7,1384.7,1408.3,40.33,154.3,0.313,6.712,10.35,1733.3,0
25.51,36.6,64.69,1165.3,1102.7,55.28,2.3,4.887,5.443,14.8,1944.4,0
28.66,38.22,74.87,705.3,716.4,69.86,43.9,1.567,5.847,10.27,4636.9,0
29.17,38.82,73.14,1599.7,1619.1,35.08,32.3,1.758,5.206,13.12,4756.8,0
28.26,37.42,70.07,2316.4,2282.6,28.03,211.0,3.971,6.319,21.12,1329.7,1
24.93,35.72,82.29,1597.7,1639.9,37.34,88.6,1.849,4.801,18.21,645.5,0
29.67,39.24,65.56,1298.6,1312.7,50.99,4.2,0.65,7.189,17.63,1999.5,0
29.31,38.49,74.51,1096.2,1100.9,52.39,26.0,0.537,5.995,19.03,4458.1,0
28.05,38.59,66.69,1021.6,1024.2,62.72,73.9,1.625,3.235,20.93,4040.5,0
27.26,36.36,65.67,1675.5,1697.8,39.63,94.3,0.338,5.866,8.25,2269.3,0
27.3,36.97,69.63,1236.6,1197.4,44.88,5.9,1.119,5.252,16.19,2860.7,0
26.69,36.8,73.59,1777.7,1749.2,32.88,28.7,0.595,6.235,11.06,2938.5,0
28.13,37.49,70.38,3342.3,3361.0,14.93,14.3,0.806,5.407,12.2,4527.5,0
26.91,36.42,55.8,1505.6,1555.6,39.6,47.6,3.38,5.827,10.03,5182.6,0
25.15,36.69,66.35,2008.7,2003.0,28.46,76.3,1.922,6.337,23.54,5185.0,0
24.75,34.55,67.5,1185.6,1146.5,46.43,25.6,3.72,7.349,7.45,3941.4,0
25.35,34.99,57.01,2834.9,2837.9,21.19,2.0,0.898,5.567,15.68,2678.0,0
27.29,37.12,67.54,1901.5,1936.6,32.61,32.6,2.578,5.838,21.84,2620.9,0
26.8,37.25,75.39,1215.5,1236.6,42.68,24.8,3.049,8.089,14.71,4166.8,0
27.28,36.25,70.82,1438.8,1509.5,43.72,10.7,0.35,6.388,4.3,662.5,0
27.85,38.28,62.34,1372.3,1416.6,39.53,35.2,0.895,0.0,23.92,947.5,0
25.6,35.85,65.96,916.5,964.8,58.67,29.8,2.372,3.851,22.99,5094.3,0
29.78,37.99,78.03,1094.2,1113.9,55.69,74.3,4.765,5.973,12.05,4945.9,1
26.31,38.11,68.76,1674.3,1687.2,33.16,52.9,0.615,6.547,19.39,4036.1,0
25.98,37.44,64.57,1035.7,952.2,56.09,8.6,5.989,7.492,16.37,4971.4,0
27.81,37.01,68.49,982.1,986.0,57.62,21.5,0.238,2.98,9.49,3435.1,0
23.18,32.05,67.61,1613.1,1635.0,38.76,18.3,0.724,4.363,19.2,3026.1,0
25.27,35.5,57.85,1541.7,1504.2,40.45,48.0,1.066,5.94,12.94,2280.9,0
28.81,37.39,65.73,1591.2,1563.5,39.49,4.4,1.39,4.965,15.34,1139.2,0
23.38,34.74,65.56,1630.1,1632.3,33.55,81.8,1.31,5.524,17.87,2855.4,0
29.09,38.62,75.63,1679.8,1604.4,34.54,15.3,1.12,5.12,17.12,5416.6,0
29.87,41.49,71.48,1123.0,1180.1,53.19,66.3,0.994,6.079,17.31,1734.6,0
26.11,35.29,69.0,1260.5,1168.8,44.37,63.8,0.942,7.986,10.36,52.7,0
27.43,37.32,61.1,1745.7,1680.9,34.46,46.1,2.005,5.086,4.06,3633.4,0
29.09,40.36,70.82,1772.1,1792.6,30.74,33.7,1.312,4.929,12.02,4291.3,0
25.92,35.59,73.6,1850.3,1927.0,32.42,35.0,0.415,5.972,18.54,3885.0,0
28.59,38.86,63.83,1692.5,1731.0,38.36,28.6,1.272,5.642,10.13,939.9,0
25.51,36.6,73.3,1107.7,1161.7,49.13,32.5,1.726,9.167,14.54,2922.2,0
25.89,35.34,71.15,1935.2,1941.6,31.4,116.3,7.168,5.037,16.12,2032.9,0
25.25,33.99,68.11,1183.6,1169.8,49.02,14.3,1.043,6.414,14.6,5936.3,0
27.54,36.08,79.68,1287.4,1239.1,41.97,14.1,6.06,5.003,21.4,3779.2,1
29.17,39.75,64.2,1506.0,1518.9,41.43,36.3,2.902,4.957,12.8,3513.4,0
26.48,36.87,66.22,1129.3,1205.5,50.26,25.5,1.095,4.032,14.47,5916.0,0
24.31,35.37,67.76,1336.0,1266.9,48.43,14.0,3.06,5.914,15.99,3269.3,0
24.68,34.41,57.53,2433.7,2450.2,25.95,87.8,2.552,3.558,15.63,214.6,0
27.64,36.21,63.94,2090.0,2098.7,29.16,5.7,2.738,5.555,8.9,2281.6,0
30.54,38.19,69.3,1521.6,1625.1,37.7,31.9,0.784,7.225,20.84,4680.1,0
27.64,40.51,76.16,1320.1,1354.6,43.56,5.5,5.836,6.465,19.08,5150.7,0
26.08,36.6,63.6,1059.0,1064.4,53.65,129.9,2.506,5.308,11.45,1485.3,0
28.38,38.52,63.62,1622.0,1679.1,40.65,19.9,0.601,8.438,17.21,1458.9,0
26.37,36.65,61.93,1092.6,1071.9,57.04,0.4,1.101,4.366,13.48,4843.0,0
26.09,34.66,66.98,1832.8,1903.8,32.93,74.1,1.848,7.895,18.49,3377.8,0
24.93,34.14,76.51,1765.6,1683.1,34.62,95.4,1.881,4.481,21.0,643.8,0
29.67,41.41,66.89,1720.4,1692.7,36.94,2.3,2.483,6.268,8.5,868.8,0
21.77,32.43,58.74,2047.1,2045.9,31.83,8.8,2.201,4.336,22.19,622.0,0
28.45,37.68,66.6,1273.4,1364.4,51.59,32.4,0.85,5.986,21.63,2097.7,0
25.92,34.7,70.42,3342.3,3281.1,12.3,34.3,3.374,7.404,11.14,2599.3,0
26.03,35.51,59.29,1724.6,1760.5,34.96,15.3,3.536,4.78,5.39,5590.8,0
30.23,39.92,79.31,1276.1,1289.7,51.48,17.7,2.314,7.728,15.18,5854.8,0
25.42,37.47,81.52,1797.6,1737.1,36.88,113.0,2.8,5.303,16.36,2301.6,0
25.49,35.3,69.83,1066.4,1050.0,50.73,51.6,1.142,4.465,10.98,5366.0,0
26.59,35.4,60.13,1013.1,1040.8,61.98,1.4,0.905,7.738,11.48,821.6,0
27.68,37.62,69.51,1302.1,1274.8,40.8,25.8,1.098,4.441,17.64,3774.7,0
25.97,36.23,69.88,1258.3,1273.5,51.69,28.3,3.994,2.644,14.96,933.8,0
23.7,32.42,50.47,905.7,916.7,64.19,102.1,1.188,2.92,12.04,4319.5,0
25.12,35.52,82.35,1352.6,1357.2,44.02,32.7,1.662,6.403,18.0,1802.8,0
29.41,40.62,77.2,1250.2,1295.8,39.52,22.0,0.967,4.128,15.29,4615.2,0
27.0,37.14,76.53,1206.3,1109.3,49.02,39.1,0.395,5.066,22.98,5902.4,0
27.75,36.96,76.16,1157.1,1064.4,51.84,233.3,5.147,5.855,26.76,2887.8,1
26.33,35.8,65.54,1557.7,1487.5,39.61,95.1,1.29,7.389,16.05,5242.4,0
25.53,33.87,64.18,1647.3,1639.8,35.16,11.7,2.03,6.436,14.51,771.8,0
30.21,40.07,67.64,983.9,954.6,57.17,19.0,2.677,6.438,15.27,1702.5,0
26.47,36.78,62.72,1678.1,1695.5,37.29,62.4,0.387,6.237,12.26,5659.9,0
25.96,35.07,72.22,1080.3,1071.9,51.94,2.5,1.924,4.979,16.76,72.3,0
29.04,40.98,67.67,1427.5,1386.2,42.63,32.1,0.483,4.133,11.45,3298.0,0
25.41,36.2,67.09,912.9,949.3,58.27,29.5,0.65,3.74,15.95,362.1,0
25.66,33.87,67.15,1724.9,1735.6,31.51,15.5,2.417,6.083,12.19,5396.6,0
26.87,35.1,71.37,1857.5,1813.8,31.49,5.4,0.615,4.862,11.82,817.9,0
26.85,35.87,58.38,1239.5,1222.8,48.54,4.8,1.376,6.78,13.05,3774.2,0
27.37,38.94,78.11,2255.1,2257.2,28.7,63.9,0.895,5.188,13.15,2624.5,0
31.03,41.92,79.43,1452.2,1578.8,41.17,37.1,2.44,6.327,16.43,4014.2,0
27.52,39.15,77.16,982.1,1002.8,55.48,98.2,2.065,7.97,16.62,1568.2,0
22.09,32.1,63.36,2787.0,2724.9,22.15,31.4,1.918,8.634,15.15,2869.1,0
27.5,37.29,63.04,1236.4,1291.1,44.02,3.1,0.69,5.28,15.97,4527.8,0
26.93,35.68,64.74,1092.6,1133.6,52.12,42.8,1.648,6.482,17.01,257.8,0
26.94,37.29,60.78,1679.0,1732.9,39.74,74.2,2.16,2.975,11.62,5220.0,0
27.34,37.15,62.77,2164.4,2085.1,30.73,12.2,1.184,3.9,15.42,1655.6,0
26.79,36.56,73.41,1818.6,1792.9,37.37,65.0,0.669,5.657,14.0,3046.9,0
26.74,38.36,70.15,1929.1,1859.3,31.61,76.4,1.411,6.65,12.09,3672.7,0
28.08,37.95,75.53,1446.9,1501.6,40.69,41.2,1.404,4.628,18.68,1357.8,0
25.77,37.1,66.24,1578.6,1541.8,37.23,67.2,3.716,4.211,22.57,32.9,0
24.95,33.37,62.73,1835.7,1712.3,34.87,23.9,1.585,4.307,19.71,2584.3,0
32.9,45.59,76.04,1338.5,1399.0,44.66,6.3,1.157,6.69,18.42,5495.7,0
25.42,35.05,71.39,1003.5,1043.0,55.79,13.5,1.384,5.676,16.36,2423.8,0
27.05,37.76,75.47,1519.2,1472.2,43.28,73.4,0.937,5.993,15.96,4317.4,0
23.86,34.72,71.98,1066.6,1083.1,53.44,38.9,0.819,5.94,16.44,4363.0,0
27.08,36.59,55.82,1167.7,1189.2,55.79,2.5,1.15,6.313,16.87,5401.2,0
24.98,35.8,78.95,1647.6,1612.2,34.13,91.8,1.249,5.484,19.62,4895.7,0
25.97,36.84,71.23,1413.0,1499.2,42.75,42.5,1.087,6.028,13.97,2670.1,0
28.94,38.23,58.69,1759.3,1799.5,35.75,7.8,0.833,6.003,15.54,2093.0,0
27.79,37.09,65.59,2456.0,2412.6,25.18,37.6,4.008,2.712,19.48,4658.6,0
27.99,38.03,79.46,1349.7,1307.3,43.56,43.8,0.891,6.387,12.54,1497.8,0
23.31,33.19,62.77,1917.1,1909.8,29.48,20.1,3.268,5.794,13.01,3519.9,0
30.52,41.92,70.34,1471.1,1440.6,44.84,41.4,1.184,5.598,12.83,342.1,0
24.47,35.17,55.34,2241.5,2248.5,24.44,189.3,0.771,4.003,13.57,1129.4,0
29.91,39.84,79.43,1488.5,1447.8,41.71,40.6,0.996,5.007,18.96,1925.2,0
28.89,39.5,71.56,2712.8,2744.1,24.29,36.7,0.358,5.299,22.72,4973.9,0
28.0,35.96,66.62,1226.7,1223.9,46.74,78.9,6.009,2.548,13.1,211.5,1
25.14,34.52,62.63,1509.9,1474.7,36.07,52.3,2.748,5.442,9.24,2166.6,0
27.15,37.44,75.18,1706.1,1751.1,35.1,37.1,1.896,5.255,12.81,2127.1,0
25.91,37.02,67.79,1251.3,1240.7,51.27,49.8,1.54,6.132,15.38,5840.2,0
26.91,37.11,60.39,1555.2,1612.4,36.78,104.2,6.324,5.06,13.45,3007.3,0
26.35,37.81,70.64,1583.2,1537.3,41.11,10.0,0.718,5.098,16.65,2689.4,0
22.77,33.64,67.48,1601.2,1666.6,38.01,52.4,3.028,5.429,14.55,1434.0,0
29.09,38.61,57.86,1363.8,1361.4,45.07,2.9,2.001,2.845,18.86,2545.5,0
26.69,36.55,74.23,1208.2,1215.9,50.43,22.5,0.412,4.469,16.61,2076.4,0
25.88,36.29,61.35,1240.4,1292.9,48.36,11.9,0.854,5.662,5.02,5745.1,0
25.73,35.28,63.6,1707.4,1610.4,35.33,16.8,0.712,3.396,10.55,1161.3,0
27.57,39.1,60.49,1025.0,1088.9,52.09,45.1,2.343,5.253,13.84,3716.4,0
25.06,33.95,66.51,1878.4,1982.9,30.84,8.1,1.586,4.37,8.92,930.7,0
22.34,32.66,60.83,1764.8,1675.1,32.58,17.8,1.259,4.186,16.83,1465.6,0
27.66,38.4,74.84,1621.0,1656.4,38.72,1.2,1.01,6.305,18.54,5967.2,0
27.89,37.57,60.26,1287.1,1218.7,50.47,20.9,0.193,3.513,16.02,1887.2,0
26.45,35.91,64.11,2282.2,2281.6,28.3,49.2,2.252,4.666,14.03,3367.0,0
24.55,34.48,72.97,1155.5,1174.9,48.91,105.5,4.887,2.944,14.26,1724.7,0
27.03,37.84,58.56,1395.3,1428.6,39.45,39.6,3.29,4.72,12.04,377.0,0
23.92,33.42,66.95,1858.5,1837.0,35.66,7.5,1.494,2.451,14.63,3927.7,0
24.8,33.73,74.8,1125.4,1072.9,50.98,28.1,3.149,5.614,10.61,4696.8,0
25.35,36.5,66.3,1829.1,1908.2,31.97,15.2,2.137,7.033,13.14,3705.0,0
28.54,38.94,73.87,1016.4,903.4,62.86,16.6,4.114,5.05,12.05,3880.8,0
26.12,37.13,64.49,1688.8,1682.6,38.23,16.7,0.313,5.664,12.1,2759.8,0
25.95,36.71,68.54,1373.8,1385.9,41.5,18.9,1.349,4.21,23.67,612.1,0
30.76,42.94,69.64,1158.2,1177.6,55.43,21.8,4.384,4.504,13.85,4505.2,0
27.55,38.67,63.07,1421.5,1509.1,41.76,13.0,0.505,6.171,16.62,3294.8,0
27.53,36.8,59.75,1048.7,977.2,51.89,2.9,1.496,4.133,14.58,891.2,0
26.11,36.58,70.36,2799.3,2787.9,20.47,50.1,1.19,4.045,10.62,4921.0,0
25.66,35.1,64.48,1615.5,1594.2,35.57,26.0,0.766,2.326,16.03,3164.8,0
22.48,32.02,57.92,1476.4,1474.9,43.97,24.8,4.166,3.828,9.5,3443.6,0
28.79,37.37,67.07,1291.8,1323.4,50.81,48.7,5.402,5.12,17.66,5219.5,1
27.75,37.46,72.59,1282.1,1424.3,47.7,1.6,1.195,3.002,16.1,3259.3,0
26.49,37.04,69.37,1310.0,1351.5,46.76,19.5,1.218,5.228,14.21,154.5,0
26.58,36.51,58.22,1399.1,1459.7,50.61,12.3,1.056,5.822,10.65,2217.6,0
28.32,37.22,70.42,1268.3,1317.8,44.75,18.7,1.048,4.205,17.63,2445.3,0
23.74,32.22,54.76,3061.1,3138.4,18.57,30.6,0.604,5.395,20.83,4424.3,0
25.67,37.78,77.77,1298.0,1222.8,54.42,24.0,0.964,4.641,6.4,5682.4,0
24.58,34.9,64.14,1881.2,1909.8,31.62,49.3,4.041,7.591,11.84,608.4,0
30.39,39.57,72.72,1326.8,1247.5,43.14,31.0,1.569,2.892,10.76,5609.0,0
28.6,39.06,56.53,1546.3,1648.1,41.81,175.7,1.368,6.637,12.34,2311.0,0
22.44,34.63,64.4,1402.2,1419.7,40.47,8.3,2.781,5.905,13.37,1847.6,0
23.82,34.44,56.5,1947.8,1959.5,28.94,68.6,1.07,3.811,14.16,919.0,0
26.59,33.8,57.3,2679.9,2702.5,20.61,54.5,0.284,5.302,22.29,4964.5,0
25.91,38.56,70.41,2004.2,1916.9,29.98,42.8,2.539,5.725,13.56,2415.7,0
24.2,32.35,64.87,1210.1,1095.0,48.26,27.1,5.953,7.771,18.23,294.8,1
30.74,40.53,72.77,2308.8,2291.3,25.53,168.7,1.0,5.782,15.96,5188.1,0
27.48,36.34,64.58,2019.7,1984.2,31.2,120.4,0.36,2.867,15.14,2452.2,0
27.8,37.06,63.06,1287.7,1273.5,44.18,33.3,0.687,5.53,18.47,4136.3,0
25.47,35.75,68.6,2108.8,2084.2,29.73,32.8,0.686,6.514,13.85,5980.6,0
28.29,36.22,67.13,1626.9,1642.8,34.57,14.7,1.725,8.415,18.56,195.6,0
26.09,36.0,80.51,1380.5,1402.0,40.82,3.9,0.295,4.199,21.92,527.8,0
26.28,37.43,67.03,1222.3,1245.4,42.83,50.8,2.807,7.974,11.25,3535.1,0
28.07,37.23,69.7,1984.2,1970.0,29.53,47.5,1.07,5.637,18.78,5621.0,0
23.59,32.2,70.13,1456.7,1493.6,41.41,54.0,1.158,2.773,16.16,5312.5,0
30.04,39.9,68.14,1429.6,1382.3,43.99,47.4,1.34,7.821,16.3,1601.2,0
27.21,36.88,59.89,1970.5,2056.0,27.27,53.7,0.391,4.241,14.21,1534.5,0
29.41,38.82,58.63,1490.9,1500.1,42.15,21.4,2.188,6.673,18.48,1319.7,0
24.7,33.51,67.42,1755.2,1722.0,32.83,7.6,2.116,3.907,8.89,5830.1,0
25.0,35.52,68.46,1430.6,1442.3,41.24,13.2,2.104,7.147,14.4,5720.7,0
24.53,35.12,66.06,1296.3,1248.4,47.23,24.7,0.5,5.843,10.02,5866.3,0
27.35,36.28,61.34,1420.4,1370.5,38.24,0.3,0.538,4.515,7.41,3226.4,0
26.98,36.05,66.01,1202.8,1215.3,49.13,32.7,1.486,4.144,19.22,3234.4,0
25.92,36.06,71.43,1159.0,1115.7,47.91,13.5,0.909,4.423,9.36,906.4,0
24.82,33.86,55.03,1134.9,1210.4,49.08,19.9,1.184,4.324,21.21,3194.2,0
24.32,34.5,68.66,1250.3,1206.2,44.03,54.1,0.994,3.021,16.86,1954.6,0
26.75,38.22,66.92,1135.2,1169.9,51.01,194.7,3.867,3.64,15.55,659.8,0
25.92,35.86,64.24,1521.5,1481.0,43.85,50.1,2.13,8.472,11.82,4705.7,0
25.48,34.27,58.12,2724.5,2766.6,23.33,48.3,0.661,4.82,18.5,3141.1,0
29.94,40.34,73.73,1894.3,1930.8,32.08,4.8,1.217,5.824,19.27,2511.7,0
26.69,36.51,58.29,1559.3,1450.3,37.89,25.2,0.579,4.554,15.22,4467.7,0
29.39,39.24,70.67,1554.4,1596.2,39.13,12.9,0.949,7.149,21.27,4267.8,0
25.78,36.26,69.7,1410.4,1431.9,43.58,21.4,1.079,6.695,14.63,5978.5,0
27.34,38.03,67.0,1773.2,1792.5,31.93,38.4,0.809,4.639,13.62,5596.6,0
26.74,36.77,73.54,1084.5,1083.8,60.09,59.0,1.412,4.185,15.82,4099.4,0
23.45,33.39,63.6,1604.6,1590.3,38.98,35.5,1.899,3.704,21.68,4697.0,0
29.71,41.77,67.59,1485.1,1379.2,39.92,11.8,1.075,4.224,11.76,3303.4,0
26.58,37.78,78.08,1783.3,1777.8,33.29,74.8,0.555,6.272,19.29,1845.3,0
28.34,39.18,69.94,2093.4,2088.6,29.97,4.6,1.207,4.838,17.21,3669.5,0
25.35,35.48,59.66,1642.2,1628.8,38.74,48.8,1.3,4.189,17.51,3439.4,0
26.52,35.51,61.99,1441.6,1390.2,40.28,7.6,4.76,4.409,14.1,5857.5,0
25.12,36.24,58.94,1674.3,1734.4,39.13,69.3,1.933,7.332,12.6,5964.6,0
29.32,39.47,67.36,1149.7,1162.5,56.55,81.1,0.267,4.705,16.37,3386.8,0
27.47,36.9,63.83,1510.0,1484.0,38.74,16.5,1.374,6.239,12.47,1222.9,0
27.58,37.34,68.27,1724.1,1638.6,39.14,61.3,2.723,5.929,15.72,4100.0,0
29.57,38.6,72.39,1251.6,1207.7,48.15,70.0,1.832,5.63,14.15,1690.3,0
29.16,40.22,70.59,1540.0,1521.5,38.29,115.3,1.439,4.645,17.32,1482.2,0
28.38,39.06,76.79,1372.2,1430.1,45.39,28.9,0.718,7.399,17.89,3803.2,0
24.01,34.19,66.38,2182.5,2181.9,27.21,5.0,1.846,6.171,18.68,624.6,0
25.46,35.42,60.63,2246.2,2226.1,27.29,28.8,0.968,5.203,14.52,790.2,0
24.84,34.16,67.76,1328.9,1359.8,41.22,12.2,1.953,4.364,18.65,4205.7,0
28.31,36.17,74.41,1606.7,1640.5,37.68,28.0,2.482,4.254,19.91,4226.1,0
27.19,35.78,60.66,1818.3,1820.6,31.91,6.0,3.019,7.264,9.94,3216.1,0
24.07,33.33,65.25,1495.6,1534.3,41.22,30.3,2.501,6.635,16.37,3143.4,0
26.47,35.58,65.17,1415.5,1447.9,42.09,30.6,1.605,8.239,8.89,3736.7,0
23.86,34.15,61.95,1806.5,1847.1,32.9,3.1,0.461,5.861,19.49,4100.0,0
26.74,37.56,59.24,1843.0,1841.8,34.81,20.0,0.615,6.299,24.28,4812.3,0
23.54,33.41,60.18,1287.3,1245.5,42.17,113.9,1.247,2.064,15.95,2318.9,0
27.91,39.32,82.24,2199.9,2183.8,29.79,12.4,2.257,6.339,13.56,1492.0,0
27.61,36.82,64.84,1755.6,1792.6,33.96,39.0,1.432,6.881,15.23,5505.7,0
30.67,40.53,67.21,1320.9,1391.4,45.34,64.4,1.813,7.64,12.97,961.6,0
28.55,38.49,70.49,1697.4,1742.6,39.76,28.5,2.827,1.784,10.17,1890.8,0
26.0,37.1,66.38,1531.8,1529.3,35.23,11.0,1.917,2.957,6.14,1168.5,0
28.49,38.59,66.91,1934.5,1980.9,30.97,45.0,1.003,6.331,11.67,1569.1,0
24.05,34.19,62.81,1971.4,1938.6,29.87,227.4,5.845,6.18,14.81,3789.5,1
24.93,33.27,63.68,1612.7,1671.9,38.68,52.3,2.227,3.249,12.74,512.8,0
27.52,36.62,54.86,939.9,1024.1,60.26,51.1,2.385,6.134,14.85,1153.8,0
22.53,33.63,70.37,1307.2,1357.3,45.66,57.0,1.751,5.045,15.13,2971.2,0
26.78,34.7,67.89,2054.2,2002.7,26.67,0.9,3.618,4.167,11.73,3373.8,0
24.81,36.15,80.37,1292.7,1244.3,47.07,47.9,4.247,3.971,14.72,3482.2,0
27.05,37.55,71.27,1975.7,2025.8,32.41,6.3,2.207,4.25,15.08,5763.3,0
24.69,33.95,65.4,1539.0,1565.3,39.95,67.6,3.118,4.261,13.79,1025.6,0
27.7,36.87,65.05,1633.3,1595.1,34.11,33.7,1.213,2.997,17.76,424.0,0
26.89,38.78,57.93,940.8,908.6,60.23,27.8,2.974,8.091,25.37,2988.7,0
29.65,41.06,69.27,2074.7,2100.5,28.66,7.5,2.615,7.765,18.27,2431.0,0
26.86,36.74,58.31,1420.7,1373.8,43.14,11.4,0.507,7.125,14.19,4777.2,0
25.31,35.45,73.02,1818.8,1839.1,33.15,24.3,2.457,5.255,11.26,21.4,0
26.36,35.71,69.06,1335.7,1404.2,47.39,11.5,0.199,4.176,25.18,821.9,0
24.16,34.3,62.6,1327.6,1337.0,42.93,213.0,1.963,3.496,18.69,4458.1,1
27.66,36.99,66.11,1112.8,1204.5,52.55,11.3,2.756,6.506,14.83,2726.4,0
28.03,37.95,69.27,1367.9,1398.9,47.18,121.0,0.356,4.916,18.07,4721.9,0
31.79,43.6,79.31,1731.0,1735.9,33.06,27.6,0.59,8.076,16.16,4120.3,0
25.61,35.51,64.14,851.6,896.8,69.16,101.4,2.592,5.566,18.1,1189.9,0
26.31,35.27,64.05,1254.5,1309.0,45.55,54.4,1.556,5.503,15.57,1290.9,0
25.7,34.33,61.5,1763.3,1725.5,34.49,38.4,0.694,4.056,11.32,2027.0,0
27.27,37.4,74.42,1389.7,1382.3,42.06,136.1,1.198,8.185,14.06,5663.0,0
27.61,36.85,63.4,1332.7,1284.8,46.31,67.8,1.873,2.215,9.75,2780.9,0
26.74,36.99,59.18,1410.2,1330.2,45.93,56.3,1.118,5.464,17.43,1152.8,0
29.02,37.4,73.82,1278.5,1272.4,44.96,7.1,9.936,5.118,17.83,1135.1,1
25.62,36.31,60.64,1336.0,1357.8,49.66,63.2,3.499,6.8,18.21,5902.3,0
28.82,37.76,67.58,1242.4,1228.1,48.68,38.5,0.519,5.479,19.12,5627.4,0
27.93,37.97,77.75,1905.7,1920.2,31.52,14.0,2.983,4.218,4.79,4805.0,0
26.83,36.49,65.82,1052.8,1037.1,61.08,2.1,1.523,5.825,13.83,5868.0,0
26.22,37.94,59.71,929.2,886.4,59.69,15.6,3.269,7.351,13.99,5516.1,0
31.7,41.87,66.55,1130.8,1147.9,48.01,54.8,2.665,5.976,12.88,997.4,0
25.22,37.16,67.06,1486.4,1435.5,40.39,11.6,0.529,6.428,15.06,2134.3,0
27.45,38.01,67.26,1535.9,1530.7,40.56,8.1,1.48,7.026,10.53,1587.4,0
25.35,36.77,62.63,1728.4,1682.3,36.76,111.5,0.94,4.915,19.81,1661.6,0
30.42,40.21,54.41,1684.3,1653.8,38.06,7.2,1.458,7.983,7.65,2389.4,0
28.62,38.97,73.35,3342.3,3303.9,18.13,18.6,1.127,5.429,9.3,4083.2,0
25.49,36.71,75.18,1142.6,1221.1,55.3,145.0,2.887,5.365,10.33,4585.7,0
27.88,38.78,59.06,1106.0,1112.1,51.77,46.8,1.149,8.425,17.24,4434.0,0
27.37,37.9,64.25,2714.8,2678.6,23.23,18.2,4.001,5.131,11.99,3770.6,0
25.82,35.49,57.54,1241.2,1215.1,48.9,6.5,1.76,6.509,19.29,3199.6,0
28.37,38.21,69.71,1489.9,1528.7,39.92,38.5,1.054,2.872,10.02,2910.9,0
27.63,38.77,76.97,1542.9,1550.8,38.01,25.3,1.5,3.39,14.55,2395.5,0
27.28,38.63,65.94,1383.0,1416.3,44.93,52.9,1.086,6.999,16.14,5620.1,0
26.77,36.17,73.2,2735.5,2760.4,22.57,64.2,0.662,4.532,16.46,5422.2,0
27.71,36.97,58.17,1328.2,1377.2,39.89,7.8,0.886,6.561,10.5,5798.0,0
27.31,36.4,71.85,1383.5,1305.7,40.79,49.6,1.75,7.589,15.2,2925.4,0
26.97,37.8,71.08,1539.6,1537.5,40.8,32.2,1.524,3.825,6.49,1323.1,0
25.57,34.64,56.57,2218.9,2142.0,26.33,68.6,1.905,9.167,25.35,1136.8,0
30.24,41.06,75.93,1431.2,1523.0,44.47,43.1,1.408,4.069,19.11,2170.4,0
24.75,35.29,62.64,1287.3,1276.4,50.6,21.7,1.068,6.073,18.66,3463.4,0
27.71,37.16,57.63,1429.1,1491.8,44.07,129.9,0.67,7.191,13.82,3454.2,0
26.21,37.77,64.05,1456.0,1489.5,37.71,4.0,1.109,6.024,14.41,204.4,0
30.37,38.91,65.05,946.3,914.1,66.89,3.2,5.754,7.194,18.4,5926.8,1
25.04,36.7,63.95,1902.2,1970.3,30.75,29.0,0.682,4.534,13.94,3074.2,0
25.38,35.7,63.97,1273.9,1264.4,47.73,8.0,0.881,4.973,17.2,5726.2,0
24.91,32.84,69.9,1422.1,1479.3,42.43,2.5,1.74,6.067,20.79,3028.0,0
27.5,39.09,67.08,987.8,952.7,60.12,0.9,1.719,6.519,10.68,5424.5,0
24.1,35.08,57.48,1392.0,1415.4,43.87,129.5,0.668,3.562,18.91,2982.2,0
25.89,35.46,78.96,1313.3,1307.4,46.01,70.6,1.994,6.293,11.29,2555.7,0
22.55,31.58,60.42,1334.3,1345.3,45.06,12.2,1.765,4.717,11.2,5372.1,0
27.33,35.76,65.04,2012.1,1973.3,29.42,134.0,4.899,4.448,14.83,439.5,0
25.85,38.27,62.12,2035.3,1958.4,31.31,14.4,0.635,7.428,16.78,106.4,0
23.87,32.95,58.76,1488.2,1421.5,37.24,38.2,4.306,5.211,8.26,2856.7,0
29.02,37.76,61.26,1269.1,1336.0,49.57,29.7,1.738,5.464,19.9,4036.4,0
24.23,34.5,63.32,1350.8,1296.6,42.33,0.4,0.324,6.25,10.65,4212.3,0
28.44,36.81,72.44,1579.9,1558.0,37.93,37.4,1.163,6.407,4.86,3678.9,0
25.45,34.47,54.31,1152.2,1133.1,53.72,183.2,1.126,5.452,12.66,631.0,0
30.05,41.05,70.68,3175.4,3222.5,20.18,14.2,2.94,5.497,10.26,4945.6,0
28.35,38.81,72.0,2042.5,2118.5,27.04,0.4,0.885,4.329,15.03,3006.2,0
24.83,34.45,56.07,3342.3,3415.2,15.03,112.4,0.464,5.793,15.78,1664.8,0
25.02,35.03,69.11,1140.5,1070.4,52.08,0.4,1.948,5.964,9.53,717.3,0
28.06,37.62,66.97,1575.1,1503.8,39.03,55.8,1.677,7.009,14.07,4374.0,0
26.33,36.26,62.41,1170.3,1121.2,49.66,71.5,2.4,7.248,19.09,990.4,0
26.51,35.75,60.8,1559.0,1596.0,38.91,16.2,3.505,4.533,23.37,3362.2,0
29.39,38.81,73.85,1066.7,1090.6,50.23,56.9,3.276,7.068,13.75,507.6,0
25.35,34.74,60.05,1445.2,1506.2,38.73,8.9,5.736,3.919,16.12,4359.0,0
27.03,36.31,74.7,1244.7,1185.5,44.1,127.5,4.272,5.9,11.42,1013.4,0
28.76,39.8,67.11,1414.3,1373.9,42.64,2.8,2.227,7.273,14.01,3543.3,0
28.47,39.24,66.07,1278.2,1295.6,43.38,19.4,1.522,7.464,19.6,1282.5,0
26.53,35.6,62.31,1068.6,1031.9,56.85,2.1,1.661,6.311,13.21,5346.1,0
26.27,35.08,59.65,2590.3,2641.9,23.76,2.5,2.812,7.238,11.77,5690.1,0
23.37,33.22,64.72,1604.8,1528.8,39.32,20.6,0.951,6.118,14.38,5992.7,0
24.74,36.89,74.05,1416.6,1520.2,41.98,3.2,1.165,4.78,11.68,3441.4,0
27.49,36.46,61.23,1446.2,1438.2,40.48,21.1,2.267,7.346,12.02,1691.2,0
26.57,36.41,70.83,1747.3,1660.8,36.02,8.7,0.451,1.963,15.73,1954.8,0
27.0,37.09,73.26,1803.6,1906.2,34.65,83.5,0.916,6.329,11.36,5666.9,0
28.93,38.82,70.1,1018.1,959.6,55.3,5.8,0.702,4.859,4.87,4644.2,0
24.48,34.02,67.57,1577.0,1616.8,39.29,19.3,3.568,5.534,12.57,2778.8,0
26.38,37.53,68.98,951.2,927.7,64.38,114.5,0.547,9.008,12.36,4506.9,0
27.23,37.68,63.47,1212.2,1141.7,45.28,47.0,1.07,6.472,15.04,1887.2,0
25.44,36.29,56.04,1688.5,1665.6,37.1,40.5,0.88,4.609,16.99,3724.1,0
29.71,40.3,74.0,1433.0,1491.1,45.53,16.4,1.181,2.802,15.14,625.9,0
28.67,39.56,63.96,1354.0,1376.8,41.09,8.6,2.105,4.285,11.92,1033.0,0
27.43,39.01,66.86,1044.4,969.1,53.42,7.4,1.93,6.913,15.84,4418.0,0
30.44,41.77,76.18,2378.2,2405.3,28.32,73.2,1.724,4.792,17.65,1556.6,0
23.85,36.18,59.69,2837.8,2821.2,21.99,72.2,2.234,5.317,12.1,2725.3,0
26.83,38.05,70.75,1409.0,1455.8,43.61,66.6,1.893,5.061,13.92,1522.5,0
27.58,36.91,62.9,1197.7,1111.1,48.36,117.4,0.097,4.095,22.23,1678.9,0
25.02,35.87,65.13,1285.8,1186.0,42.86,91.4,2.312,8.219,17.63,1376.9,0
27.45,38.16,69.87,1323.0,1240.3,46.72,6.2,1.71,5.824,20.44,1995.6,0
24.64,36.56,68.42,1357.6,1409.6,45.25,125.3,3.722,6.146,15.81,5771.3,0
28.23,37.26,63.45,2213.1,2225.2,25.2,3.0,0.65,8.251,12.37,322.7,0
28.97,39.52,64.98,1353.3,1476.3,42.81,8.2,1.5,5.237,17.77,4732.4,0
27.39,36.71,64.44,1133.4,1100.3,53.17,57.4,1.896,4.818,13.27,5134.5,0
23.14,33.66,62.57,1354.9,1308.9,41.72,20.5,4.387,5.589,9.77,3974.5,0
24.92,34.7,71.03,2256.7,2169.0,26.9,66.1,0.465,3.469,11.55,1647.4,0
27.98,38.46,61.3,1641.4,1696.8,36.66,23.3,1.666,5.83,16.49,1773.2,0
26.89,35.48,60.91,1146.1,1167.3,45.57,12.2,6.117,6.277,15.87,745.9,1
21.46,32.26,57.41,1117.4,1139.5,57.96,25.4,0.685,5.183,13.58,4253.3,0
29.34,39.54,63.21,2822.1,2837.6,20.44,34.7,1.185,7.122,13.38,1995.6,0
27.12,37.28,54.68,1491.6,1572.8,43.61,80.5,1.205,5.799,14.67,5139.0,0
25.21,37.16,78.52,2002.9,1957.7,30.68,25.7,0.785,5.981,19.93,5002.3,0
28.84,38.46,74.42,1346.6,1412.7,45.08,4.1,1.757,6.04,7.63,3446.3,0
25.49,35.84,55.06,1383.2,1406.3,45.88,2.9,1.905,6.142,15.98,2811.1,0
25.47,35.57,62.39,1637.9,1610.8,37.67,27.5,1.753,5.126,19.47,1709.2,0
27.57,37.76,63.7,1295.0,1284.4,46.32,1.1,0.404,3.182,15.86,4353.3,0
30.41,42.63,69.21,1101.6,1066.9,51.4,19.4,0.923,4.239,16.87,5681.2,0
30.1,40.16,75.97,1598.5,1633.9,38.35,72.1,4.718,5.054,19.31,4480.0,0
27.57,37.0,68.96,2270.6,2338.3,26.63,1.4,0.867,6.503,11.53,3518.8,0
27.77,39.65,56.92,1224.5,1271.8,54.26,62.3,0.455,6.11,15.57,1270.0,0
28.43,38.13,75.73,1211.3,1278.0,48.29,119.7,1.188,7.515,10.21,5060.9,0
24.34,32.73,58.36,1152.9,1149.5,45.64,7.7,4.461,6.024,19.44,4012.1,1
28.14,37.4,68.12,1779.6,1737.4,33.09,24.0,6.551,9.439,21.39,4375.0,0
25.38,34.14,62.55,1085.4,1091.6,49.85,44.8,0.372,7.332,17.57,1304.1,0
27.49,35.69,71.39,965.0,907.1,60.42,1.5,4.36,5.23,11.87,2472.8,1
26.4,36.03,67.21,1542.9,1552.2,38.79,78.7,0.817,5.301,25.14,511.9,0
27.85,37.78,62.98,1439.8,1463.1,40.94,115.5,1.891,4.781,19.27,1193.6,0
27.09,38.27,69.24,2131.8,2155.1,29.35,56.3,0.304,6.515,11.84,967.0,0
20.7,31.33,66.24,1792.4,1715.5,32.8,13.8,7.924,6.36,15.68,675.0,0
27.21,37.79,65.27,2208.2,2210.4,29.25,30.3,1.456,6.538,13.16,5940.0,0
28.13,37.24,65.58,1512.6,1446.0,41.31,51.3,0.244,2.507,15.14,1760.2,0
27.74,38.63,73.17,1612.3,1571.6,36.59,1.9,4.795,4.351,18.44,3916.9,0
26.64,38.04,70.01,1321.5,1332.3,43.73,67.8,1.878,4.037,13.45,4668.2,0
30.13,40.53,59.89,1647.0,1649.9,31.08,50.4,1.139,5.642,10.42,3660.5,0
27.47,37.9,71.88,1480.3,1371.9,38.32,76.8,0.242,3.963,9.7,4043.1,0
27.73,36.46,59.48,2002.9,1987.2,30.46,7.8,1.545,4.576,14.91,1551.4,0
28.94,39.99,66.05,1417.8,1403.8,41.88,71.7,1.112,3.621,18.28,779.2,0
27.58,39.36,62.23,2304.1,2290.2,23.68,59.8,0.361,5.739,8.32,4390.7,0
25.05,35.38,62.72,1391.6,1374.9,41.52,17.2,1.618,8.221,14.69,2143.0,0
21.97,31.38,68.22,1608.7,1687.5,37.21,82.1,1.044,6.637,15.03,5887.3,0
25.9,35.73,59.86,1538.1,1387.5,41.81,5.7,1.01,7.043,12.2,3118.9,0
28.37,37.95,67.91,2554.8,2533.8,23.48,6.7,3.074,8.545,9.84,701.4,0
26.14,35.78,59.52,1192.7,1083.0,46.55,27.1,3.66,6.728,15.75,3351.7,0
28.45,39.1,67.95,1607.8,1585.5,37.01,169.8,2.552,6.24,16.31,5823.3,0
27.15,37.43,62.5,1431.8,1481.5,42.17,42.9,2.252,2.875,14.75,2968.1,0
29.43,40.43,68.43,2840.5,2987.3,21.3,69.5,2.491,6.98,14.98,2253.6,0
26.26,36.63,62.18,2187.5,2221.1,27.57,17.0,0.692,4.767,13.61,239.3,0
27.79,36.92,67.12,1806.8,1809.4,36.1,69.5,1.18,6.117,14.26,2309.4,0
27.86,37.36,65.38,1212.0,1253.2,53.76,27.2,2.443,6.657,22.37,2286.4,0
29.85,39.29,70.53,1360.3,1329.2,45.27,95.7,2.163,5.212,15.91,3821.9,0
23.44,33.25,67.25,1487.5,1519.3,41.3,64.5,0.652,5.655,18.15,5872.2,0
25.93,37.73,76.37,1956.0,1973.1,30.76,18.2,1.701,3.11,11.49,373.5,0
28.55,40.5,60.67,1822.6,1883.4,28.94,0.4,0.584,3.786,11.49,905.6,0
29.94,40.78,77.17,1403.5,1402.4,42.77,204.3,2.341,6.059,16.36,675.7,1
27.33,37.45,65.74,1180.4,1200.1,47.01,56.5,2.515,2.506,12.19,2108.9,0
26.26,34.9,58.05,1518.0,1498.4,42.09,60.6,1.915,7.982,11.09,1461.2,0
28.36,38.58,73.18,920.0,922.1,57.1,16.9,1.836,5.264,11.74,4763.3,0
28.59,37.8,77.35,1918.3,1924.0,33.18,17.5,1.257,6.003,12.88,3302.7,0
26.13,37.76,63.0,1449.1,1476.0,41.79,5.7,1.863,3.215,23.83,493.0,0
27.51,35.9,75.74,2770.6,2777.6,23.07,201.6,3.982,5.088,23.54,4613.7,1
29.21,39.6,74.42,1370.3,1360.4,42.11,94.4,0.856,4.99,19.82,213.7,0
30.63,39.76,65.45,1002.8,969.3,54.69,93.0,2.478,2.469,19.69,3145.4,0
28.34,38.33,72.93,2107.0,2098.4,29.58,60.4,0.203,5.985,18.3,3310.8,0
26.94,37.6,66.69,1113.9,1092.4,48.42,23.4,1.122,7.27,9.27,4492.5,0
26.74,37.76,62.66,1057.7,1056.7,54.41,32.6,3.621,5.458,18.21,1002.8,0
27.96,37.9,73.21,1672.0,1612.6,33.1,15.2,1.05,5.625,8.36,5646.6,0
26.62,37.38,59.81,1298.6,1377.9,44.67,38.6,0.912,5.178,21.2,484.3,0
27.23,36.57,63.48,1081.3,1047.9,55.8,16.7,0.26,4.237,17.06,5624.1,0
24.73,34.98,70.48,1427.9,1506.7,42.3,15.2,1.002,5.531,11.81,1832.3,0
29.44,40.45,70.97,1320.2,1264.6,47.87,37.3,2.752,5.649,16.64,3871.5,0
24.57,34.9,68.85,2725.1,2816.0,22.26,4.9,4.141,6.307,10.94,3896.4,0
25.99,35.46,73.66,1238.9,1277.4,45.97,51.1,1.918,4.231,14.32,1755.6,0
27.05,36.77,64.76,1418.1,1363.1,45.17,13.8,0.891,5.456,14.71,4559.4,0
30.83,41.85,65.81,2275.8,2291.1,26.74,25.3,3.57,4.669,13.68,1979.4,0
26.0,34.91,68.04,1878.3,1901.7,30.36,14.6,3.499,4.98,22.18,3598.8,0
25.52,34.57,67.05,1329.7,1406.6,46.04,27.9,2.045,5.953,17.5,5565.5,0
25.75,36.35,62.23,1661.5,1656.6,36.97,13.9,0.535,2.147,17.33,3699.5,0
30.17,39.73,78.3,1135.4,1185.5,51.12,117.8,0.977,6.993,13.05,4476.2,0
21.23,29.77,51.15,1215.6,1214.0,43.11,18.3,6.013,6.743,15.64,5903.8,1
24.84,36.2,66.78,1408.7,1338.6,40.56,13.4,0.704,7.453,19.02,2953.8,0
32.31,41.21,68.97,1477.1,1502.3,38.3,0.0,2.205,1.964,12.92,3772.9,0
28.03,37.83,66.65,1427.8,1412.9,42.93,32.8,1.369,6.766,12.93,176.5,0
24.64,34.02,67.7,1173.3,1179.2,48.03,30.8,1.032,3.978,15.52,4334.6,0
26.77,36.47,67.98,1295.9,1338.3,45.34,28.6,1.351,6.75,16.11,5064.0,0
26.98,36.1,64.29,1700.4,1777.0,35.77,51.5,0.452,6.693,13.78,1678.6,0
28.54,39.26,73.99,1246.1,1205.1,52.39,34.8,1.221,8.198,13.5,269.1,0
30.53,40.64,78.71,1391.7,1369.4,46.58,56.2,3.645,6.084,9.7,1373.5,0
27.63,38.61,62.55,1312.1,1292.2,43.85,43.9,1.475,2.396,17.98,818.0,0
25.77,35.16,67.1,1549.4,1567.1,40.92,34.8,0.824,4.722,12.27,4738.1,0
28.42,40.56,70.62,1368.3,1368.6,45.0,24.4,0.88,6.108,14.81,3331.1,0
25.45,33.55,57.29,2818.4,2811.4,21.68,58.4,0.539,5.593,5.02,1134.8,0
24.78,33.2,69.87,1311.7,1284.7,42.41,20.3,6.302,4.683,19.15,1158.1,1
23.33,35.08,68.33,991.7,941.0,56.4,63.8,1.001,6.519,19.3,1929.4,0
23.72,34.19,59.0,1275.2,1235.5,42.2,68.9,3.91,9.314,17.9,2487.2,0
25.06,35.4,73.91,1489.5,1461.8,40.83,17.0,5.015,5.639,18.04,2808.8,0
24.49,34.93,75.46,1817.5,1849.7,34.04,51.5,0.058,7.129,13.98,227.2,0
27.48,38.05,64.24,1316.0,1274.7,44.93,45.9,2.081,5.973,22.41,3253.1,0
24.45,34.75,75.59,1559.2,1651.2,38.05,42.9,1.204,4.206,14.08,4562.6,0
20.56,29.6,57.97,1072.4,973.9,53.09,11.4,1.06,3.447,20.92,1133.3,0
24.76,35.58,56.11,1864.0,1841.8,31.36,101.0,2.836,5.824,13.04,2446.7,0
25.91,36.57,62.6,1627.1,1628.7,35.48,0.8,2.473,5.814,22.35,4595.8,0
25.64,37.07,63.87,1730.2,1744.5,33.99,56.3,4.779,4.925,15.25,4446.3,0
29.89,41.65,66.17,1032.3,1045.2,58.35,39.4,1.244,5.552,11.4,4112.8,0
25.62,35.95,60.76,1604.2,1598.4,38.1,106.7,5.608,3.897,6.49,4813.5,0
28.61,37.38,65.56,1612.8,1646.8,34.52,18.9,1.265,5.382,13.05,2250.6,0
26.81,38.58,68.53,3051.8,2988.9,19.09,2.1,2.123,5.524,18.84,844.5,0
26.77,35.75,57.25,1856.6,1914.5,30.89,1.4,0.591,4.465,11.85,1901.1,0
25.18,35.52,62.21,1196.7,1137.1,45.28,27.7,0.689,3.792,8.78,1683.1,0
26.73,36.48,70.48,1224.5,1189.5,45.24,14.6,0.894,3.549,14.25,1640.4,0
25.32,34.89,63.41,1858.9,1851.7,33.49,59.0,1.331,8.628,21.69,2215.4,0
27.19,37.95,65.01,1806.6,1847.6,34.04,45.7,0.636,3.777,21.64,356.1,0
26.38,36.62,58.65,1040.1,1063.7,58.6,52.1,3.462,5.713,1.9,1905.0,0
24.96,35.47,60.61,857.2,922.2,66.96,66.2,2.528,6.692,17.35,464.7,0
28.83,38.02,81.86,1204.2,1186.7,51.5,45.6,0.919,7.187,16.91,5789.3,0
27.7,37.53,76.62,1133.5,1163.9,55.59,67.7,0.381,8.554,9.24,3574.0,0
25.95,35.18,66.74,1070.8,1022.1,57.71,20.3,5.991,3.485,14.87,738.0,0
27.14,36.94,60.28,856.0,890.5,62.15,124.2,4.075,5.384,22.27,1579.2,0
26.68,36.56,64.01,1512.9,1533.6,36.98,171.2,0.649,4.031,16.47,3742.6,0
25.11,36.96,70.77,1977.4,1956.9,31.22,7.1,1.085,5.849,20.13,2860.7,0
26.99,36.73,70.27,1026.2,997.8,58.33,8.0,2.115,4.231,9.76,2195.7,0
25.61,33.48,65.01,2147.3,2206.7,30.36,198.6,1.753,5.577,18.58,5211.7,0
24.96,36.36,73.27,1970.4,1985.5,29.71,45.1,0.87,3.978,14.66,1239.6,0
23.6,34.05,58.25,1944.8,2010.7,29.94,45.6,2.423,3.693,13.62,3534.9,0
26.13,36.0,71.0,1551.8,1547.5,38.69,39.1,2.24,4.05,11.71,4117.9,0
27.98,37.55,68.75,2930.8,2972.7,20.16,60.5,1.926,3.696,12.6,5967.1,0
25.46,34.51,69.69,2380.2,2468.6,25.67,2.4,3.028,5.988,15.11,216.9,0
31.89,43.83,71.92,1922.9,1958.7,33.78,10.0,0.905,4.965,12.78,3389.8,0
28.62,38.67,74.53,1996.4,2064.8,28.04,11.0,1.995,5.689,18.53,258.8,0
29.46,37.72,73.42,1234.7,1300.6,50.62,47.4,4.303,3.687,8.31,589.1,1
28.44,38.77,66.75,1631.6,1682.2,40.07,23.8,1.907,5.763,18.81,2317.1,0
30.56,41.76,74.9,1215.1,1226.4,45.77,138.7,2.532,4.878,8.1,4688.0,0
25.28,35.43,68.49,1356.6,1427.3,44.68,54.9,0.119,7.434,11.51,60.2,0
21.73,30.83,67.34,1465.5,1484.6,37.93,18.9,2.93,8.476,18.6,3092.9,0
25.96,34.97,62.07,1213.0,1211.2,49.88,43.5,6.43,6.145,18.74,4452.5,0
27.97,37.05,70.16,1409.8,1406.7,44.52,7.3,5.888,6.606,16.64,5028.3,0
27.15,38.67,74.7,1694.8,1720.9,36.82,5.2,0.488,5.03,18.86,1342.6,0
27.4,37.33,71.29,2421.8,2437.2,23.16,127.2,0.456,5.961,16.15,468.1,0
29.49,37.81,68.95,1304.8,1242.3,45.21,1.9,7.544,5.854,15.09,4715.4,1
27.61,38.0,73.56,2150.3,2254.4,27.39,2.4,0.307,5.645,13.53,4049.8,0
28.45,38.59,65.01,1350.8,1350.8,43.8,66.4,3.621,4.987,14.54,2963.2,0
24.97,34.52,61.79,1445.4,1471.5,40.79,17.2,0.414,5.925,15.27,3747.9,0
24.66,33.64,66.64,2317.6,2394.3,26.4,32.9,0.495,6.188,13.93,5147.0,0
30.08,39.01,76.9,1378.7,1323.2,42.58,6.8,3.874,5.659,11.65,3747.3,0
27.05,38.14,65.67,1351.0,1393.9,41.91,109.7,2.097,5.825,8.81,1301.0,0
25.6,35.85,63.79,1448.3,1408.6,41.95,2.0,0.754,8.122,11.27,3577.1,0
25.61,36.09,67.71,1381.6,1387.0,41.47,59.1,2.978,5.389,19.05,5461.4,0
25.55,35.8,67.05,1824.5,1889.4,33.48,9.9,1.756,6.657,14.06,1673.8,0
25.43,35.76,68.84,1262.0,1314.2,45.92,9.9,1.356,5.204,12.89,1894.0,0
24.28,33.82,62.93,1894.7,1869.9,33.12,1.8,0.54,6.651,18.75,5670.3,0
23.85,33.64,54.31,2169.6,2097.1,29.25,9.9,0.611,6.941,14.64,5917.4,0
26.46,37.62,71.8,1442.1,1332.2,46.75,15.2,2.33,7.038,16.69,2975.2,0
25.66,37.08,69.98,1140.8,1222.3,49.36,43.8,0.571,6.745,13.47,1272.7,0
29.06,37.84,70.56,1273.9,1166.8,46.06,3.1,1.014,7.298,13.77,2980.3,0
27.44,37.23,66.83,1464.1,1461.3,37.93,36.1,0.85,4.112,10.52,5359.9,0
27.38,38.22,74.33,2909.1,2867.6,20.61,16.7,4.098,3.951,14.91,2445.1,0
25.36,37.25,64.37,1134.4,1046.5,54.82,21.7,1.089,7.434,11.94,1154.5,0
26.61,38.39,71.27,2747.9,2708.6,20.45,16.1,1.479,4.148,11.35,5757.0,0
27.57,36.78,59.65,1382.9,1364.3,45.86,2.8,0.29,5.8,15.57,3154.4,0
28.28,39.56,79.87,904.6,944.6,61.1,20.8,1.186,7.327,15.32,266.7,0
26.66,36.72,53.96,1233.9,1247.9,41.49,20.0,0.689,5.193,11.89,1522.5,0
29.01,40.05,67.73,1394.2,1355.1,42.91,49.2,1.306,4.751,13.82,1864.4,0
26.87,37.65,58.96,1321.4,1251.7,43.79,71.2,0.981,3.808,14.47,5203.2,0
28.44,37.17,63.73,1530.4,1588.1,41.98,6.4,0.469,6.01,19.64,998.9,0
25.87,36.42,59.97,893.9,872.5,63.51,160.4,1.035,5.747,8.72,4027.4,0
23.22,34.23,60.06,1802.7,1767.5,31.57,4.6,0.126,7.911,19.91,1686.4,0
27.39,37.37,69.74,2070.7,2126.3,30.31,25.4,0.894,6.171,18.95,2190.1,0
28.3,38.05,64.28,1462.5,1435.0,36.72,46.4,8.653,7.768,15.07,1120.8,0
28.0,36.43,59.84,1087.5,1083.1,57.41,37.7,6.646,7.983,18.14,5175.3,1
27.69,38.38,73.87,1852.2,1886.8,34.23,38.4,1.711,6.787,17.06,1871.3,0
26.15,36.36,73.05,1209.3,1233.4,44.3,23.3,0.73,4.235,9.42,5355.9,0
25.24,34.31,69.1,1203.7,1162.3,50.71,76.5,2.121,7.719,16.0,5892.5,0
27.95,37.63,69.32,1205.2,1160.7,47.79,6.4,0.65,4.438,13.38,3451.6,0
27.7,37.86,67.33,1223.5,1246.8,50.18,17.8,4.071,5.09,7.5,3187.1,0
25.73,35.17,62.81,1194.1,1155.6,54.18,98.2,3.094,4.58,11.82,1873.4,0
29.07,39.07,79.22,1486.4,1498.7,43.08,36.1,0.643,5.967,19.37,4826.7,0
25.08,33.33,67.93,1791.3,1740.6,35.43,31.1,0.989,4.443,14.21,44.6,0
25.68,37.03,66.73,1422.8,1458.2,41.47,9.3,2.152,3.092,18.64,4989.1,0
30.12,40.14,59.44,1637.8,1709.3,36.61,27.6,1.047,9.885,16.05,5041.5,0
28.59,37.49,68.93,911.6,935.4,65.22,72.8,1.786,3.596,9.6,3382.2,0
26.13,33.67,54.02,1540.3,1566.2,34.67,6.0,3.758,7.56,18.11,4435.1,0
27.42,38.45,69.06,1317.8,1251.1,44.83,20.0,3.234,7.128,18.34,4630.0,0
27.16,37.72,72.41,2406.9,2313.3,24.99,58.5,0.955,6.455,12.99,235.7,0
21.36,31.57,67.61,1207.5,1180.2,41.33,40.7,1.911,5.255,9.06,3147.7,0
25.04,35.9,62.29,1475.9,1423.0,37.13,4.3,0.155,3.537,14.32,5164.1,0
26.75,37.61,63.66,1210.3,1215.8,46.76,29.4,0.679,5.903,12.54,5658.3,0
26.14,36.33,56.85,1191.4,1251.4,47.02,5.6,2.06,7.424,14.54,1222.9,0
27.34,37.09,62.8,1199.0,1074.6,54.17,20.0,1.526,6.568,19.97,3421.8,0
29.11,38.69,65.67,1044.2,1065.6,53.38,80.8,0.99,5.724,19.26,202.4,0
26.21,36.63,59.81,1520.3,1523.0,39.34,2.2,0.684,8.042,18.28,3005.7,0
24.73,36.13,63.87,1989.0,2010.1,30.56,131.8,1.105,6.761,17.18,2172.6,0
27.5,37.4,67.73,1951.9,2026.1,31.73,0.6,5.12,5.319,14.38,4526.9,0
26.2,37.67,64.39,1408.5,1383.3,43.03,99.1,1.693,6.705,19.86,1938.3,0
26.54,36.91,57.6,1347.0,1363.3,41.58,26.2,0.845,5.479,11.45,4085.0,0
26.27,36.65,49.67,1624.4,1608.3,42.58,23.5,0.508,3.429,12.32,4841.4,0
31.33,43.74,83.37,1864.7,1942.6,34.65,8.5,0.845,9.075,16.98,427.3,0
22.37,34.02,63.36,1009.5,999.0,54.37,27.0,0.723,6.479,23.66,1225.1,0
26.07,37.75,61.74,2434.7,2455.2,25.27,47.1,0.388,1.654,14.36,1895.5,0
26.84,36.05,57.86,1690.6,1668.3,34.1,29.7,0.972,6.997,19.46,5193.6,0
25.29,37.48,64.2,2015.3,2017.8,29.23,58.6,1.472,7.592,10.68,2895.4,0
28.65,38.57,68.11,1582.0,1607.0,37.91,8.8,0.365,6.87,16.05,917.1,0
28.48,38.25,68.4,1208.9,1200.6,52.47,28.5,3.165,7.609,17.59,991.3,0
26.75,34.6,70.99,1564.7,1522.1,37.12,4.8,0.901,6.46,18.36,2006.3,0
26.31,36.63,61.05,1360.3,1317.1,41.01,41.9,1.155,4.586,13.99,3915.1,0
26.63,35.54,66.54,1305.0,1395.9,46.64,104.8,2.008,6.256,12.57,5381.9,0
26.64,37.05,74.15,1636.0,1623.8,36.65,70.6,1.416,7.806,10.58,1143.6,0
26.69,35.53,57.74,1445.0,1529.4,43.83,113.0,0.539,7.538,14.39,5093.2,0
26.47,38.27,71.78,1418.8,1440.9,42.51,53.0,1.043,3.949,21.74,1703.4,0
27.35,37.91,67.19,1969.3,2008.4,28.69,17.7,0.277,7.772,13.86,4130.8,0
28.36,40.64,70.14,1765.9,1740.7,35.36,65.8,3.13,5.017,24.98,5272.8,0
24.39,33.37,62.17,1327.7,1382.5,43.55,0.7,0.729,5.364,15.13,2949.0,0
24.75,36.3,63.43,1182.8,1222.1,52.82,42.6,0.855,5.663,18.41,3960.9,0
23.35,31.55,55.06,1117.2,1204.7,52.81,135.0,3.511,9.052,25.07,2326.2,1
28.58,38.79,71.11,999.2,963.1,60.95,5.2,2.386,3.422,15.61,4868.9,0
27.35,36.72,70.05,1428.9,1448.2,44.85,34.1,0.462,5.02,22.64,4305.7,0
27.86,37.41,75.84,1782.0,1867.1,35.87,12.0,0.615,6.623,15.35,4943.4,0
23.99,33.47,61.89,1572.4,1536.3,39.36,20.3,1.506,5.782,14.29,4846.8,0
30.42,39.51,66.24,1534.7,1497.5,38.86,54.8,2.813,5.752,15.58,3711.7,0
25.63,34.37,68.23,1579.8,1610.9,35.92,10.8,1.475,7.269,9.04,3960.9,0
27.19,36.74,69.42,1377.1,1371.3,43.83,23.0,1.909,3.6,11.59,5772.1,0
28.56,38.67,74.9,1483.8,1497.3,44.29,102.1,1.435,4.883,10.85,3903.6,0
24.88,36.04,56.99,1867.1,1827.1,28.26,43.5,1.296,9.909,15.06,5813.7,0
25.76,36.05,67.6,1167.9,1172.7,50.88,38.9,2.382,4.281,17.42,33.5,0
27.21,38.37,67.77,2585.6,2633.6,21.63,70.2,1.545,6.041,12.81,1865.6,0
32.56,41.09,65.88,1607.6,1608.2,37.78,21.2,4.129,5.135,25.03,3545.8,0
27.45,37.02,61.22,1216.3,1276.2,51.49,4.7,0.877,2.938,8.73,5911.6,0
30.06,40.77,68.6,1341.6,1254.1,46.07,18.5,3.717,4.22,10.22,1663.2,0
29.26,39.6,69.32,1586.1,1611.9,36.43,5.5,0.709,4.245,17.95,1460.5,0
27.59,36.72,54.34,1129.3,1149.8,59.69,31.4,1.284,7.168,13.58,5305.5,0
24.87,35.81,69.17,1728.3,1727.5,35.6,177.6,0.592,4.401,6.94,741.1,0
28.97,38.44,70.91,2915.8,3006.7,19.98,15.5,1.075,7.575,16.87,503.7,0
23.85,33.08,64.77,1380.3,1388.7,44.53,21.4,0.719,4.631,16.4,1269.8,0
30.05,40.54,78.08,2546.4,2522.3,22.21,106.2,0.697,6.457,15.89,5381.9,0
27.25,37.26,63.1,1827.3,1846.6,31.69,3.4,0.459,6.211,14.84,5325.6,0
21.55,31.03,61.66,1251.9,1175.1,46.23,75.9,1.25,5.742,14.94,4232.5,0
26.17,35.61,71.66,1767.7,1746.6,35.39,10.6,1.802,6.984,21.71,4685.9,0
28.16,37.09,65.12,1360.9,1320.0,45.81,2.5,7.028,5.976,19.16,4613.9,0
26.38,35.98,66.94,1929.1,1825.8,28.42,0.8,1.843,6.821,18.0,2455.6,0
28.28,39.38,73.3,1311.3,1277.1,48.58,29.4,1.542,3.347,19.4,2551.0,0
25.15,35.39,68.14,2420.0,2447.5,23.09,25.0,0.84,3.829,14.74,3095.3,0
24.24,35.2,60.36,1188.2,1188.9,53.19,96.4,1.285,4.742,16.34,1530.3,0
26.71,37.22,70.75,1660.7,1721.8,35.25,15.5,0.413,3.943,2.32,872.0,0
26.91,36.3,73.62,1157.8,1133.9,55.31,104.0,1.231,6.096,25.18,5197.4,0
26.15,34.5,65.77,2101.7,2058.0,31.59,43.7,0.262,5.695,15.2,5270.3,0
29.3,38.38,67.78,1079.7,1092.4,59.25,15.3,1.156,8.052,19.75,1615.5,0
25.15,34.48,63.63,2032.7,2075.2,30.42,8.6,6.762,6.802,18.67,2337.1,0
27.48,36.73,66.34,2683.3,2697.0,22.06,75.4,1.447,4.749,18.23,4183.7,0
26.99,37.97,67.46,1463.3,1456.8,40.43,0.8,4.272,5.893,13.78,143.1,0
23.74,34.71,70.66,1016.3,1051.5,52.34,32.3,6.488,6.961,20.31,1263.0,0
24.21,36.42,58.39,1463.8,1450.8,47.91,1.0,0.441,6.719,18.34,1170.3,0
26.87,36.11,72.01,1091.4,1130.4,51.63,36.6,1.8,5.885,10.45,1942.8,0
30.81,42.41,54.63,1153.5,1113.8,48.11,85.2,0.478,4.28,15.75,1251.9,0
28.01,39.6,61.9,1994.5,1983.8,31.8,18.5,0.593,5.671,15.49,5340.3,0
23.4,33.17,63.5,1145.3,1133.2,47.66,20.9,0.971,4.118,13.3,1994.4,0
20.63,31.1,69.94,1370.1,1449.0,40.93,18.4,1.589,6.815,10.58,37.3,0
28.32,39.56,78.67,1564.0,1589.5,32.9,13.3,0.681,6.85,11.22,4109.7,0
26.66,36.6,71.34,1385.6,1268.8,41.79,34.3,1.692,4.777,17.64,2080.3,0
29.13,39.0,71.48,1268.4,1355.8,39.44,6.9,4.833,5.949,13.49,5307.3,0
25.09,34.46,66.14,1163.0,1207.1,54.16,31.8,2.06,5.99,17.09,3660.0,0
27.55,35.19,63.9,1768.3,1841.9,34.85,77.4,5.037,5.807,14.46,1147.3,0
28.54,38.61,59.29,1831.1,1886.1,34.38,22.3,0.931,4.463,14.57,1515.8,0
25.96,35.25,61.28,1686.2,1642.5,33.01,5.8,0.881,4.563,11.35,1316.6,0
26.0,34.92,62.84,1017.7,983.5,58.97,16.0,0.694,6.721,12.61,5495.6,0
26.9,37.32,62.54,1726.4,1674.5,33.57,38.2,2.163,6.261,14.71,740.8,0
27.94,36.48,59.21,1120.8,1127.8,52.97,229.1,4.476,8.744,10.44,4907.2,1
26.82,37.63,64.77,1884.9,1795.6,29.69,39.1,4.651,5.84,15.96,1127.8,0
28.8,39.28,62.32,1389.7,1407.5,45.07,124.3,0.423,3.483,14.71,1750.7,0
25.93,35.53,76.05,1273.1,1279.3,42.63,56.3,0.699,5.808,8.87,2314.6,0
24.19,34.13,67.08,971.4,934.2,52.33,42.1,0.987,5.546,14.59,1377.8,0
30.8,39.61,68.49,1187.9,1281.0,50.88,82.5,0.525,4.652,4.03,3345.4,0
25.64,36.39,61.63,1428.3,1469.7,40.82,36.2,0.893,2.852,13.16,1109.5,0
25.71,35.9,62.21,1581.5,1427.2,34.63,14.6,2.763,3.477,15.35,710.2,0
26.72,36.98,73.5,1019.5,1055.5,56.25,3.1,1.408,4.339,18.67,4349.5,0
26.98,37.49,52.5,1873.7,1856.7,33.63,40.3,2.673,5.523,25.59,1464.8,0
26.08,35.43,71.84,3342.3,3334.2,17.32,10.3,3.382,6.776,15.77,379.2,0
26.82,35.3,72.19,2720.8,2768.8,21.41,61.5,0.913,7.803,16.2,2609.7,0
26.77,37.73,71.55,2602.1,2602.5,23.85,56.6,2.003,4.852,8.63,2225.8,0
27.2,37.89,64.35,1185.4,1169.2,45.96,0.4,1.117,6.441,14.29,2562.9,0
22.14,31.6,60.6,950.6,893.2,62.14,5.3,0.801,6.021,13.16,1721.0,0
30.61,41.02,57.69,2873.3,2877.8,19.6,2.3,1.062,7.271,8.2,1269.4,0
26.56,37.81,67.01,1692.7,1669.1,32.17,93.4,4.091,7.797,21.95,2707.5,0
28.01,39.15,65.97,1357.3,1385.1,40.89,2.8,2.61,7.577,16.78,2285.0,0
24.09,33.53,68.88,1177.4,1197.0,55.46,45.4,3.267,6.746,17.19,252.6,0
25.91,34.42,73.74,1942.2,2054.4,32.12,45.8,0.98,5.446,21.7,4181.8,0
25.51,34.19,68.57,1197.1,1157.4,45.91,39.5,0.468,5.767,9.37,3684.8,0
29.79,39.48,69.25,1619.9,1584.4,37.5,60.5,1.901,5.685,9.91,2818.6,0
25.68,37.14,69.43,921.3,949.1,66.07,92.7,4.239,5.083,20.63,4106.6,0
28.37,37.64,65.85,1405.0,1365.4,41.45,3.0,1.12,3.859,11.08,248.9,0
25.55,34.95,70.58,1467.6,1421.4,43.56,8.7,3.503,2.516,17.77,2340.9,0
25.94,35.33,64.38,1516.4,1457.4,40.84,6.5,3.535,3.139,16.19,419.1,0
26.36,35.83,73.01,1558.6,1640.2,35.85,190.3,3.712,5.152,23.05,4553.9,0
29.42,39.41,67.42,1362.2,1338.0,49.5,74.4,1.947,5.52,21.02,2307.7,0
23.07,31.79,61.07,2054.8,2053.7,28.41,55.4,1.611,6.178,21.19,79.5,0
24.22,35.3,60.57,3017.0,2969.9,19.98,31.6,2.408,5.662,8.33,2841.9,0
22.96,32.81,72.75,1633.4,1667.0,38.5,77.9,3.498,6.663,17.74,4618.2,0
24.67,37.15,72.59,1339.5,1358.9,48.16,47.8,2.286,5.323,19.24,199.9,0
25.23,34.05,70.45,1624.8,1646.6,34.19,51.7,2.149,7.039,14.97,2094.4,0
23.62,35.21,71.67,1459.9,1432.1,41.86,169.2,0.878,6.432,12.58,0.9,0
25.38,36.77,64.86,2267.7,2278.2,27.79,19.1,2.079,4.585,14.5,3800.3,0
22.82,32.41,57.29,1286.0,1291.4,50.63,61.0,1.84,7.39,18.5,3000.2,0
24.81,34.42,70.17,1324.7,1326.8,46.52,16.5,5.451,5.1,9.99,502.8,0
29.25,38.33,66.53,1455.6,1503.9,40.2,225.8,3.702,5.751,23.49,1128.1,1
27.66,36.75,71.18,1340.2,1331.1,41.69,51.4,1.933,5.516,7.56,3622.8,0
27.22,37.22,67.09,2285.8,2314.7,26.06,36.5,0.931,6.452,12.3,933.2,0
24.84,34.87,69.22,2097.1,2059.4,26.51,61.0,0.4,8.129,10.15,3147.8,0
23.78,32.18,64.47,1548.7,1574.3,38.78,4.9,0.697,4.279,15.11,2626.2,0
24.57,36.87,62.95,1257.1,1212.9,45.14,1.7,5.45,7.075,13.0,1324.2,0
26.76,36.5,57.77,1205.2,1387.7,45.64,6.8,1.216,8.067,20.25,5344.2,0
28.59,38.65,66.23,1634.5,1672.2,36.37,61.8,2.06,7.556,14.14,3359.3,0
28.65,38.03,69.77,1246.9,1198.4,47.45,66.5,0.823,4.495,16.26,5466.8,0
28.11,37.84,62.6,1154.8,1155.7,54.21,47.0,0.335,7.334,14.52,720.7,0
25.37,35.02,65.08,1566.7,1563.7,39.11,22.8,1.239,5.929,13.76,23.6,0
26.9,36.9,66.86,1400.9,1407.9,43.1,38.6,3.241,3.712,15.81,5208.4,0
26.21,36.19,56.5,1403.1,1362.9,37.92,7.4,0.546,3.907,9.77,3030.0,0
26.45,37.25,58.21,1438.6,1334.9,38.74,0.1,0.335,3.502,11.19,3638.2,0
30.92,41.15,75.26,1441.0,1520.2,41.7,96.4,0.375,5.685,10.58,912.5,0
23.33,34.03,52.38,1129.7,1126.9,57.03,17.2,0.7,5.909,16.26,3196.1,0
26.38,36.37,65.59,1204.6,1244.7,49.15,1.1,1.513,5.672,15.59,3434.0,0
29.27,39.5,75.07,1361.0,1301.4,48.25,5.2,0.761,4.144,15.89,5156.9,0
23.92,33.68,54.57,1909.4,1949.8,35.46,64.2,1.965,3.898,15.15,4297.1,0
25.56,36.57,67.47,1825.9,1824.6,31.02,33.5,1.34,6.03,16.65,1065.8,0
25.79,36.11,59.0,1349.8,1345.8,43.9,38.0,0.686,6.561,13.31,2202.6,0
26.4,36.25,67.92,1076.9,1013.5,52.44,4.0,6.046,5.581,14.45,4700.3,0
23.66,33.47,59.98,1024.0,1023.2,57.23,45.7,1.043,4.201,16.56,4455.1,0
28.04,37.93,63.95,3342.3,3385.1,15.47,48.4,0.998,4.767,12.05,4461.4,0
28.18,38.21,63.23,959.6,957.3,64.46,4.2,1.372,6.489,16.98,4519.5,0
27.87,37.81,64.56,1241.9,1335.6,44.17,33.2,1.378,4.36,19.65,461.5,0
25.11,34.55,56.28,1269.3,1295.6,49.09,16.3,1.436,6.362,15.82,785.9,0
27.02,37.79,63.76,2599.1,2689.7,22.6,57.1,1.618,5.06,20.82,5460.7,0
25.05,35.88,56.05,1556.6,1520.7,37.63,20.4,3.781,5.209,14.59,3614.2,0
26.18,37.97,73.52,1296.3,1238.1,48.23,35.8,2.524,7.175,19.43,2837.1,0
31.16,40.55,68.36,2158.9,2133.2,28.25,18.8,1.228,5.609,11.8,2547.9,0
27.04,37.71,73.71,3342.3,3304.2,11.12,5.0,3.65,4.378,16.3,541.0,0
24.47,32.57,65.62,1307.7,1283.1,43.36,110.2,4.305,3.755,18.23,5573.9,1
27.21,38.04,67.67,1529.8,1542.3,39.5,17.1,0.844,2.622,18.99,3153.9,0
24.15,32.69,55.86,1144.7,1162.6,54.41,56.6,6.725,6.565,18.25,1735.5,1
24.45,33.47,57.57,1502.0,1472.6,38.4,1.0,5.512,5.414,21.28,1698.2,0
24.77,35.1,66.15,1580.5,1591.3,39.13,0.6,0.987,7.947,18.05,5715.5,0
25.96,35.34,76.79,1158.5,1106.7,46.98,29.7,1.74,6.12,15.38,4562.0,0
28.72,37.97,59.54,1246.0,1236.0,50.34,235.5,3.21,6.907,16.48,5279.8,1
28.01,37.52,71.2,1775.1,1746.9,32.91,5.5,0.325,4.715,12.56,1362.8,0
27.9,38.63,79.68,1351.0,1314.7,49.44,1.0,1.668,4.478,14.03,5080.3,0
24.65,33.72,70.86,1769.9,1809.7,34.78,7.3,0.849,6.637,14.43,4495.6,0
25.77,35.71,63.98,1470.3,1450.9,40.17,52.3,0.36,5.041,15.98,3137.7,0
27.39,37.02,66.92,1251.4,1269.3,46.71,11.7,2.595,4.195,14.47,5891.7,0
25.59,36.41,68.37,1332.1,1294.2,48.45,4.1,2.623,7.546,9.55,4154.8,0
26.29,37.14,68.58,1363.3,1367.8,43.18,33.4,3.304,5.1,19.97,2639.5,0
27.73,35.9,75.53,2058.1,2081.3,29.19,16.9,0.419,4.219,6.47,3069.3,0
26.15,37.2,69.44,2996.7,3049.3,21.3,29.9,1.509,8.516,11.58,1621.7,0
27.3,36.69,68.21,1589.7,1566.3,38.12,73.3,0.814,4.563,20.13,5558.0,0
30.04,40.27,68.29,1222.6,1166.1,49.71,86.5,0.605,4.869,11.84,260.9,0
26.51,35.57,64.49,1444.4,1441.6,44.5,126.0,2.72,7.521,19.05,4915.2,0
29.21,39.58,66.82,1462.4,1385.6,42.42,21.8,1.621,8.516,16.03,5776.5,0
27.97,40.52,75.86,1444.5,1479.4,39.93,14.1,1.358,5.689,17.18,2950.9,0
23.92,34.04,60.75,1408.8,1400.6,43.09,29.8,2.927,8.026,13.4,1851.8,0
24.65,34.19,61.96,2111.5,2046.1,30.06,9.5,1.403,5.328,13.97,3732.5,0
25.18,34.95,76.96,1270.5,1244.8,47.8,32.8,0.608,4.178,17.68,5154.6,0
25.14,33.67,60.61,1286.5,1328.7,48.46,20.5,5.453,4.486,16.12,3598.3,1
26.67,38.12,56.33,1667.6,1614.7,36.45,19.1,1.641,7.632,13.17,4247.2,0
28.08,38.39,78.57,1402.1,1433.4,44.37,23.0,0.497,6.375,14.91,2218.2,0
29.36,38.31,66.21,2637.7,2717.8,22.83,86.6,1.183,5.985,13.86,1178.1,0
27.47,36.45,72.09,1460.0,1512.6,41.8,4.5,1.278,4.422,9.96,3619.5,0
25.96,35.97,77.02,1714.6,1734.3,38.67,54.8,3.15,4.948,15.38,4352.0,0
22.69,33.62,55.09,1092.7,1090.8,52.59,50.3,0.508,6.171,17.82,5616.4,0
26.99,35.84,61.86,1624.8,1584.9,38.01,5.8,2.036,4.018,14.97,4821.3,0
26.9,38.01,70.13,1056.3,1102.6,48.69,1.8,1.799,3.677,14.47,1309.4,0
27.22,37.12,58.88,1677.1,1708.9,36.09,10.4,1.788,4.842,16.32,2439.2,0
31.06,40.13,65.53,3254.8,3338.9,17.14,68.5,1.986,5.64,10.94,3052.5,0
29.33,38.86,68.61,1612.3,1628.7,37.74,60.8,1.334,5.129,7.13,5066.3,0
28.42,40.17,74.1,1437.8,1444.9,41.97,33.0,2.268,7.923,18.81,1816.0,0
24.93,33.54,62.13,1499.4,1557.1,41.51,36.8,0.114,7.976,17.43,924.9,0
25.82,35.09,58.72,1462.3,1518.3,41.66,61.7,2.236,5.956,7.01,5858.5,0
26.66,37.61,56.58,1974.2,1876.3,34.94,98.9,3.334,4.066,14.36,2341.3,0
25.3,35.52,69.45,1526.9,1590.1,36.76,85.4,7.191,6.135,14.97,985.3,0
27.85,37.06,72.75,2118.6,2158.9,28.74,163.7,5.423,4.867,13.25,5772.3,0
27.56,38.53,68.57,2986.9,2966.5,20.03,1.3,0.625,1.323,11.5,1474.8,0
24.67,35.69,67.3,1629.3,1640.4,38.94,95.8,1.252,8.183,14.77,2050.5,0
29.24,39.58,69.7,1735.8,1784.6,32.55,63.0,1.212,3.768,11.93,1671.3,0
27.05,36.44,60.56,1212.8,1275.7,50.8,40.3,5.012,8.525,14.8,4196.9,0
23.39,32.93,65.55,3263.8,3298.3,18.18,4.6,5.136,5.478,9.51,1785.5,0
26.75,37.03,75.85,1457.1,1475.1,42.91,47.9,3.11,7.458,17.07,1601.6,0
27.41,36.1,66.75,868.3,901.2,61.21,8.1,1.416,7.817,21.42,1543.3,0
28.8,40.12,74.58,1492.6,1526.6,38.17,24.2,1.4,6.89,15.17,4912.6,0
26.18,37.88,61.14,1549.7,1670.1,39.97,17.5,3.555,5.99,17.88,3751.1,0
28.51,38.27,65.34,1261.7,1331.6,44.26,81.8,0.826,5.767,14.06,4668.3,0
27.22,37.58,67.92,1167.1,1199.8,45.05,7.6,2.978,5.84,21.22,2151.0,0
24.22,35.41,72.42,1736.4,1694.5,35.91,159.2,0.442,3.547,12.32,402.5,0
24.02,35.98,61.6,1774.5,1812.4,29.92,41.5,0.747,4.498,8.65,2856.6,0
29.1,40.65,74.02,1179.0,1167.0,46.53,16.6,4.519,2.626,9.23,5379.2,0
29.24,37.51,69.82,2802.1,2792.7,20.92,5.6,2.358,4.901,11.45,3235.2,0
27.5,37.18,71.72,1198.4,1154.3,48.32,13.5,1.36,3.324,15.67,2284.9,0
29.84,40.34,66.08,1640.9,1649.2,36.08,166.2,1.302,6.428,13.77,3216.8,0
28.96,38.47,72.11,1509.7,1518.0,40.03,13.4,0.424,2.228,23.0,2532.9,0
28.22,40.0,72.58,1671.9,1750.2,34.74,36.0,1.539,5.1,16.0,5589.2,0
25.03,36.66,69.2,1091.4,1078.3,54.31,35.5,4.977,5.844,15.42,5694.0,0
30.31,39.5,77.09,1391.3,1410.4,42.49,33.0,1.426,5.904,15.56,1752.9,0
27.92,37.76,76.55,1710.9,1758.5,36.78,64.8,0.521,3.14,20.22,4405.9,0
26.08,35.33,66.73,1563.3,1592.2,36.5,108.5,0.232,7.561,8.24,920.4,0
25.51,35.32,61.0,1396.1,1401.0,38.52,56.0,0.746,5.49,17.52,4467.2,0
27.36,37.14,67.06,1017.8,1090.0,63.97,48.8,2.041,4.802,11.28,96.2,0
23.51,34.46,57.72,2326.0,2182.5,26.83,62.0,0.786,3.838,16.29,1270.3,0
28.25,37.36,69.11,1186.3,1268.1,50.83,32.7,1.223,5.295,13.65,3684.7,0
24.94,32.33,72.2,1320.4,1216.7,45.68,30.0,6.237,3.862,17.17,2018.3,1
27.59,35.99,65.0,1094.7,1155.4,55.4,11.2,6.387,6.031,17.93,932.7,1
25.81,34.78,67.56,1294.7,1334.2,46.29,133.9,3.765,2.851,18.58,1154.7,0
26.32,35.67,63.74,1526.8,1541.3,40.03,22.2,0.721,4.669,16.99,4674.7,0
25.34,35.52,63.54,1119.0,1188.8,50.2,83.0,1.794,4.938,15.57,5630.9,0
26.53,35.45,68.67,1354.1,1356.8,42.3,15.0,1.539,4.348,16.98,4186.9,0
30.63,39.42,63.51,1143.0,1164.0,47.55,33.0,0.894,4.607,14.81,909.2,0
29.62,38.69,63.29,1214.2,1177.7,54.28,6.0,1.605,4.617,17.22,1300.8,0
27.56,36.44,75.71,1476.2,1480.1,40.93,16.8,4.424,5.495,19.69,3447.0,0
26.8,36.24,57.91,1799.4,1870.8,35.76,31.4,1.549,7.0,22.26,2876.3,0
28.54,37.94,66.18,1906.2,1938.5,33.56,1.3,2.933,7.597,19.71,2968.2,0
29.11,39.8,83.93,1353.9,1397.0,44.51,39.8,1.679,7.001,20.78,2858.0,0
25.19,34.2,75.27,1913.8,1917.9,31.22,2.9,0.26,7.575,11.58,2130.8,0
26.7,36.34,65.76,1707.6,1708.0,36.5,7.9,0.877,7.114,18.72,533.1,0
23.21,32.66,68.53,1735.4,1700.1,30.32,58.4,0.716,5.404,15.95,3002.5,0
29.1,39.91,68.37,1458.6,1469.1,45.08,22.0,0.173,5.03,11.75,5562.1,0
30.98,40.83,65.05,2044.7,1981.6,32.48,23.0,2.112,8.193,12.47,3759.0,0
27.01,38.06,66.66,2156.7,2127.1,27.13,59.1,1.058,5.548,19.4,3622.2,0
22.6,31.45,62.55,1917.9,1876.2,28.89,3.2,0.214,3.829,18.92,4841.0,0
28.07,38.02,62.56,1652.5,1707.8,34.29,29.7,0.364,6.306,10.56,4926.6,0
25.04,34.47,69.28,1579.6,1625.2,35.2,27.3,2.604,8.001,14.51,1758.9,0
25.52,34.3,71.95,1401.3,1455.3,42.51,28.5,0.683,6.799,9.81,4791.1,0
28.1,38.04,66.28,1483.4,1494.6,38.38,4.9,1.065,5.215,13.48,5034.1,0
27.36,39.09,61.28,1420.6,1472.5,43.7,3.5,1.618,7.266,12.26,2801.3,0
25.87,35.02,74.0,1439.1,1474.9,44.51,6.9,4.699,3.93,14.89,3311.6,0
25.55,35.42,64.41,1243.6,1197.4,47.4,105.3,4.963,6.141,18.13,4143.6,0
27.1,35.79,62.75,3084.4,2979.9,20.92,10.3,1.84,5.084,11.82,4623.6,0
26.03,34.57,57.17,2005.0,1979.6,28.73,11.6,1.934,4.492,10.96,1033.7,0
24.63,33.84,60.49,1391.6,1419.4,45.55,33.6,1.251,4.333,15.04,4624.4,0
26.18,35.73,74.33,1626.4,1716.8,42.11,35.6,2.765,5.804,14.97,366.1,0
27.53,37.12,67.37,1264.4,1303.0,49.77,60.9,0.261,5.497,10.04,4764.3,0
26.49,36.27,62.3,2492.9,2446.1,24.56,37.7,1.191,7.029,17.21,920.1,0
24.02,32.37,63.91,1694.0,1707.6,35.25,107.9,1.673,4.001,11.4,2119.8,0
28.83,38.2,61.55,1612.0,1649.5,37.04,53.4,2.138,9.729,20.45,4458.8,0
21.37,31.87,67.19,1179.2,1222.5,41.67,46.0,1.182,5.888,18.01,2241.4,0
25.96,34.6,64.01,1551.3,1547.1,40.36,33.4,4.598,6.07,20.01,342.9,0
25.61,35.25,70.74,1245.3,1199.0,44.69,15.2,2.402,6.719,14.09,496.2,0
27.15,37.44,66.73,1619.5,1672.9,38.85,13.8,2.057,3.214,21.15,2697.5,0
27.97,37.19,73.66,1182.4,1120.0,53.72,41.2,1.094,8.599,17.06,3590.7,0
29.1,39.45,70.68,1056.7,1087.5,56.91,12.8,0.857,4.517,18.78,2205.4,0
25.43,33.9,60.84,2218.0,2178.7,28.82,45.8,4.082,6.965,19.27,4931.0,0
28.02,38.91,77.6,1337.7,1210.1,40.45,31.1,0.491,6.269,18.2,4650.5,0
27.24,37.61,63.67,1176.4,1174.2,47.98,5.4,1.584,4.999,10.38,1994.2,0
23.43,33.48,67.31,1394.0,1389.0,45.85,16.4,0.328,6.658,13.75,3506.0,0
30.65,41.78,57.32,1602.3,1564.6,35.92,8.3,1.59,5.282,15.89,3742.9,0
23.97,33.64,66.44,1400.6,1462.1,42.55,39.2,2.33,6.103,11.94,2606.6,0
27.69,37.07,57.7,2381.5,2297.5,24.17,38.1,2.928,6.536,16.85,164.4,0
27.63,39.0,72.59,1490.4,1517.1,39.81,18.2,5.851,5.555,11.85,4408.9,0
27.4,39.24,75.32,2195.7,2228.9,25.4,44.4,0.845,5.967,17.52,3938.6,0
25.86,35.17,69.48,1408.6,1421.1,45.08,85.4,2.854,4.649,19.61,1443.6,0
28.5,38.39,72.5,2126.3,2117.5,28.84,9.5,1.505,4.161,23.43,3164.9,0
23.73,34.77,71.7,1454.7,1404.4,41.63,7.2,3.634,6.875,14.33,4328.1,0
26.72,36.64,61.96,1385.4,1377.3,43.19,68.9,1.336,4.313,16.14,5261.9,0
25.72,36.32,70.2,1479.5,1516.2,40.76,20.0,0.893,7.782,14.0,4938.0,0
25.5,36.28,72.6,1782.6,1727.4,33.68,72.2,4.897,4.146,18.21,3851.8,0
27.71,37.15,61.69,1556.7,1447.8,37.9,16.5,3.402,5.545,14.99,80.8,0
29.0,39.42,63.87,1306.1,1279.6,51.81,47.7,1.368,6.463,13.66,4693.6,0
26.16,36.16,69.37,1696.4,1671.3,35.75,116.5,0.935,7.236,23.14,898.6,0
28.41,37.19,69.6,1396.8,1301.7,40.21,11.7,0.802,5.781,18.57,4810.8,0
26.95,35.96,74.28,1612.5,1578.9,34.43,21.5,2.602,8.631,9.78,3870.3,0
25.06,34.41,63.41,1134.7,1220.1,50.2,17.0,3.77,3.076,13.29,5767.3,0
26.33,37.26,66.5,1449.5,1502.3,40.78,31.6,2.425,2.244,16.09,3129.2,0
26.25,37.21,62.94,1810.8,1841.3,32.36,75.7,2.038,3.223,16.42,2746.9,0
25.46,36.21,61.87,1542.6,1557.1,40.07,74.5,0.718,3.173,8.28,1878.3,0
27.71,38.15,62.7,1563.1,1445.6,37.59,40.7,0.434,3.596,14.23,1306.9,0
27.32,37.73,70.22,1163.1,1222.5,53.93,41.3,0.613,4.651,21.38,341.0,0
23.67,33.95,68.31,1450.1,1378.9,39.55,13.1,2.437,4.702,18.62,5763.0,0
23.55,33.95,64.01,2432.5,2395.4,26.17,26.5,0.985,4.85,18.26,547.9,0
27.7,38.17,70.52,1283.4,1263.9,44.99,102.8,0.805,3.676,6.67,1087.9,0
25.22,33.82,56.67,1053.7,1060.2,57.86,82.1,6.767,5.882,8.79,5721.5,1
27.45,36.66,77.49,1117.0,1063.2,51.97,1.0,4.066,6.668,14.46,4020.9,0
28.41,37.38,61.8,2031.0,1982.1,28.97,5.7,0.384,4.764,11.51,836.3,0
24.31,35.42,70.2,1793.5,1840.8,37.31,58.1,1.231,5.067,13.1,4100.2,0
24.03,35.68,59.6,1498.5,1596.0,39.69,28.0,2.06,6.951,12.71,4381.3,0
30.2,38.03,71.05,1468.1,1455.3,39.81,154.1,0.237,6.721,15.52,2908.7,0
27.55,39.12,70.87,1323.8,1362.0,43.81,2.6,2.911,4.773,13.08,3685.4,0
26.01,36.1,56.98,1580.6,1570.8,36.56,134.0,2.789,7.297,21.08,2806.8,0
24.98,35.99,62.21,1894.0,1940.0,30.84,25.3,1.541,5.019,5.17,479.4,0
25.83,36.34,70.32,1137.5,1164.1,49.52,2.4,0.806,6.419,16.9,1350.5,0
24.47,35.91,71.37,2077.1,2105.4,28.76,24.3,7.445,3.714,14.11,3350.6,0
28.62,38.83,71.24,2059.8,2014.4,31.98,31.5,1.667,4.312,16.36,652.7,0
25.3,33.93,68.88,2058.2,2033.3,28.7,8.7,0.272,3.65,16.51,4543.8,0
29.04,38.93,74.07,1182.8,1183.9,46.12,46.9,0.892,5.416,11.84,5483.1,0
26.05,36.56,74.35,1523.1,1507.1,41.06,18.4,1.536,4.726,14.52,1468.4,0
24.76,34.55,56.29,1282.9,1312.1,48.84,55.4,0.237,4.315,17.21,1637.1,0
26.0,36.66,73.23,1987.5,1901.5,32.15,21.8,0.665,5.867,12.4,2097.5,0
21.6,31.54,69.82,2130.4,2210.0,27.47,4.7,0.642,6.894,17.46,4252.7,0
26.61,36.01,71.83,1630.4,1706.1,35.56,46.4,1.336,5.249,18.73,1906.5,0
26.51,35.42,62.37,1448.0,1473.3,38.18,1.0,0.567,5.817,9.29,310.8,0
28.5,38.11,69.15,1434.9,1421.4,42.09,5.5,1.375,5.368,11.24,1596.8,0
23.08,33.28,56.85,2442.7,2427.2,23.18,152.6,2.643,4.039,5.47,532.9,0
29.17,37.21,72.41,1208.9,1187.1,44.79,33.6,11.115,5.226,21.83,50.7,1
28.49,37.71,66.4,2062.8,2083.2,31.06,25.5,0.711,7.572,12.03,744.3,0
29.35,37.36,70.19,1998.0,1972.8,33.53,33.4,1.537,4.915,22.47,1736.7,0
26.74,36.13,60.25,1209.7,1186.9,51.74,103.1,1.192,8.462,13.72,4312.8,0
28.88,40.08,70.53,3277.2,3194.9,18.17,34.0,1.854,4.752,23.2,4367.6,0
23.91,32.72,51.81,1420.4,1424.3,43.23,2.5,0.505,4.419,14.33,3702.1,0
28.28,38.98,64.62,1576.0,1560.3,43.19,5.5,2.929,8.627,10.15,3038.9,0
25.31,38.16,73.8,1828.6,1914.6,31.81,59.9,3.479,7.565,15.14,350.4,0
23.55,35.0,61.03,1670.6,1673.2,35.53,77.9,2.262,4.624,13.06,4170.6,0
24.6,34.74,56.64,1163.1,1043.2,52.21,70.5,0.651,5.257,13.81,2516.2,0
26.86,37.72,86.16,963.9,984.8,59.63,36.2,4.187,2.257,19.22,1828.8,0
25.2,33.83,65.7,1126.3,1139.2,50.65,18.3,1.368,6.508,18.0,3976.6,0
27.6,36.03,74.32,977.1,942.6,58.86,60.6,6.744,5.244,16.75,862.9,1
23.23,33.26,59.55,1758.8,1860.3,33.09,7.8,1.272,5.33,13.68,4600.4,0
22.6,32.99,60.67,2345.3,2359.9,24.2,9.3,1.029,3.699,13.68,3848.0,0
29.59,40.69,77.01,1504.5,1463.0,39.47,6.0,0.731,7.271,17.45,1639.2,0
28.66,38.09,70.8,1253.9,1322.4,48.05,5.6,0.384,4.409,21.89,1854.9,0
24.75,34.94,53.23,2926.8,2935.5,21.45,3.7,3.018,6.061,19.39,2767.9,0
26.84,37.0,80.73,1803.5,1797.1,30.74,21.9,0.839,5.296,9.39,4726.2,0
28.89,38.76,66.63,1967.6,1936.2,31.85,28.6,2.711,7.735,18.77,1611.5,0
27.69,37.62,61.42,1450.1,1437.1,43.57,17.7,0.198,6.728,12.94,2640.7,0
27.15,36.29,71.15,1422.4,1347.6,42.28,22.4,0.396,5.644,14.49,2908.3,0
29.04,39.32,61.96,1723.7,1708.1,32.25,61.1,3.118,5.173,18.91,4300.1,0
25.39,35.58,51.77,1467.6,1418.3,41.8,3.3,1.237,3.847,15.39,1430.6,0
26.91,36.47,62.79,2372.2,2429.0,28.55,49.1,2.045,2.967,18.63,5896.3,0
26.81,37.48,62.81,1637.4,1639.5,35.74,20.7,1.624,3.482,14.04,376.5,0
26.3,37.33,73.66,2319.1,2394.2,27.35,163.3,0.595,5.942,8.4,1115.5,0
26.07,36.75,64.76,1589.8,1659.7,38.5,34.4,2.189,6.698,12.59,2383.9,0
27.0,35.95,65.43,1925.7,1878.9,32.0,20.0,0.579,7.206,7.81,2845.0,0
26.92,37.02,84.82,1362.7,1368.6,46.9,228.5,5.895,6.039,18.12,1756.6,1
24.75,33.84,60.49,1447.3,1448.9,39.74,1.9,2.362,5.568,13.22,3347.4,0
28.45,38.55,65.49,1589.6,1597.2,37.73,26.8,3.535,4.778,13.69,3920.1,0
24.9,33.99,60.54,1104.1,1160.9,57.68,46.0,0.597,4.916,13.9,1545.0,0
26.41,37.69,71.69,1333.3,1329.3,43.83,48.9,0.982,6.49,18.55,1004.0,0
26.26,37.04,67.1,1555.5,1561.2,36.32,39.5,3.261,4.412,16.89,5151.3,0
27.57,38.72,64.39,1744.7,1747.2,34.16,70.5,0.724,5.808,2.34,578.1,0
22.61,33.66,69.13,2019.9,2021.6,28.19,33.8,2.252,5.692,5.58,5079.5,0
28.63,38.36,61.18,1666.6,1618.6,39.34,169.0,1.138,5.445,19.13,5477.4,0
25.5,35.07,65.79,1322.2,1293.9,43.08,76.0,4.365,5.379,16.11,163.7,0
29.29,41.03,59.0,2804.2,2690.4,20.86,40.2,0.164,7.164,14.18,5116.2,0
25.89,35.73,75.67,2089.3,2108.8,26.36,1.6,5.558,6.295,15.12,2666.0,0
26.75,35.4,57.47,1533.5,1541.7,34.84,22.0,1.124,6.009,15.55,5104.1,0
30.68,41.69,74.02,2225.6,2237.7,29.02,10.3,0.662,6.543,15.16,2361.9,0
26.3,36.44,72.64,1468.0,1541.8,40.43,46.5,0.92,4.84,17.88,1994.1,0
29.33,40.83,62.96,1280.9,1313.1,41.82,34.9,1.403,7.123,10.71,2184.2,0
26.93,37.17,61.38,1585.4,1645.2,38.78,32.8,2.526,7.122,13.67,3494.4,0
27.68,37.66,62.16,1256.1,1310.0,45.5,32.6,6.962,4.788,14.71,4914.4,0
26.99,38.52,66.62,1804.3,1889.7,34.15,27.2,1.129,5.637,15.68,1577.3,0
28.55,37.01,63.72,1616.4,1681.0,39.54,150.0,1.167,5.161,14.24,3322.4,0
25.48,34.89,64.36,1900.3,1858.4,29.97,4.8,1.206,6.523,14.3,1768.3,0
24.88,33.99,66.52,1426.6,1458.9,42.85,50.2,0.733,6.083,17.06,2722.3,0
25.57,33.38,67.03,1454.6,1489.8,40.76,117.0,3.814,3.977,19.12,4025.7,0
27.05,37.92,75.05,2240.6,2262.7,28.01,38.9,1.443,5.311,15.94,2176.2,0
26.41,35.85,60.45,1620.2,1721.7,38.45,38.9,0.951,7.565,9.95,4207.9,0
28.27,39.18,75.3,1525.9,1539.6,39.62,14.6,3.371,5.049,13.22,3872.2,0
29.46,39.85,57.97,1448.7,1478.2,42.81,25.0,0.518,6.956,8.43,591.8,0
24.9,35.51,53.65,1386.9,1384.8,43.18,15.9,0.977,7.914,17.37,1317.6,0
25.38,34.93,67.8,1816.1,1808.1,32.79,56.6,3.577,5.486,14.03,3132.9,0
23.98,33.21,70.8,1111.2,1095.0,47.64,91.0,2.823,7.483,19.0,706.0,0
30.91,41.0,72.62,1345.8,1301.7,45.23,54.8,1.918,3.877,16.26,5106.9,0
27.46,38.38,70.6,1656.4,1678.8,32.75,69.8,4.247,5.815,16.82,4653.6,0
27.81,37.76,60.09,2183.5,2269.5,28.57,18.9,3.924,6.149,9.81,4316.5,0
24.17,33.47,58.07,1723.1,1715.3,33.52,43.9,0.388,4.729,11.2,755.1,0
26.85,35.65,61.25,2473.6,2490.3,25.28,19.2,4.344,4.877,13.95,403.7,0
27.87,38.07,67.12,1357.7,1316.7,42.08,62.0,1.33,6.314,13.02,5333.6,0
26.34,35.79,64.25,1035.4,947.1,51.84,46.6,0.74,5.761,13.78,1853.0,0
29.0,38.93,73.4,1100.2,1101.0,54.22,4.2,0.447,6.224,10.95,1659.9,0
31.47,41.23,73.21,2112.1,2080.1,29.11,6.7,2.891,9.728,17.17,2011.7,0
24.96,34.51,60.13,1273.6,1224.9,47.87,253.0,4.144,5.453,15.43,3568.4,1
24.81,35.1,64.39,1411.9,1328.2,40.85,30.0,1.408,3.568,18.97,4608.5,0
25.09,35.65,64.69,3342.3,3266.0,16.04,3.0,2.919,4.355,9.23,1585.4,0
30.06,42.03,57.64,1767.4,1775.3,36.68,89.0,5.032,5.397,20.83,2660.8,0
28.93,39.69,61.95,1554.9,1649.6,35.56,50.6,6.199,3.363,14.48,2174.8,0
26.58,38.17,77.78,999.0,971.9,52.11,29.8,1.62,5.857,11.6,1522.3,0
26.92,36.1,68.61,2013.9,2040.7,31.29,9.5,0.516,7.689,13.94,3019.8,0
25.22,33.62,73.23,1235.8,1188.5,45.63,58.8,4.887,8.487,12.95,321.7,1
28.63,38.62,73.67,1291.9,1256.9,38.93,0.1,3.216,5.549,13.91,1508.8,0
26.09,36.95,74.77,2247.2,2172.5,25.54,26.5,4.098,6.359,19.17,405.5,0
26.33,37.03,63.76,1820.1,1803.2,34.48,124.6,4.959,6.943,13.69,482.7,0
28.07,39.28,74.24,1065.7,952.0,55.32,97.5,2.587,9.669,15.44,79.5,0
26.47,33.94,63.94,1661.1,1610.4,38.27,0.8,0.478,5.619,13.42,4831.7,0
26.38,37.63,79.5,1287.0,1265.9,49.06,2.5,2.707,4.187,14.05,4606.3,0
26.87,37.21,60.13,1178.6,1151.4,48.51,80.7,1.701,5.017,13.38,1930.0,0
28.44,36.9,67.27,1579.0,1599.9,35.52,1.8,0.862,4.326,9.96,3289.7,0
30.14,40.87,67.89,1905.5,1940.3,27.17,3.7,1.528,6.076,22.2,1508.6,0
28.02,38.19,73.93,2143.8,2135.8,28.48,59.4,2.702,6.655,16.33,230.8,0
28.46,38.84,61.08,971.6,1025.5,54.52,13.3,1.485,5.571,22.12,2742.5,0
26.45,37.45,63.77,1354.2,1264.2,41.52,30.8,0.152,4.358,17.54,880.7,0
25.43,35.86,63.62,2839.6,2876.0,22.66,45.8,1.306,4.575,7.88,3007.8,0
28.16,36.69,73.54,1107.6,1099.8,48.34,17.4,7.554,7.75,17.23,1959.5,1
27.19,37.05,60.26,2537.0,2458.0,22.13,26.5,0.758,4.726,14.9,4287.6,0
24.0,32.39,63.37,1711.3,1751.5,31.74,9.5,1.503,9.351,14.01,3482.9,0
26.19,36.84,73.28,1541.9,1556.4,40.81,3.0,0.159,4.052,13.71,3126.6,0
26.68,38.08,63.79,879.6,852.7,65.2,11.1,1.786,3.967,20.23,1664.8,0
25.83,34.59,63.5,1225.4,1277.5,48.16,130.6,1.096,4.099,10.51,1357.0,0
29.81,39.14,73.57,1471.9,1473.8,35.18,10.9,4.977,7.353,13.91,5114.4,0
27.81,36.93,70.13,1510.6,1553.2,40.28,28.4,1.886,5.085,16.89,2110.0,0
29.6,39.14,61.37,1387.5,1405.4,49.2,21.2,0.204,4.939,12.41,792.8,0
27.38,37.79,74.3,1138.2,1082.8,54.22,88.6,0.356,8.248,15.74,2588.3,0
27.01,36.57,74.21,1490.0,1407.3,37.52,0.4,3.294,1.634,19.34,3701.0,0
24.98,35.63,70.23,1637.6,1582.7,37.81,14.2,3.255,5.963,17.45,315.3,0
26.87,37.94,70.28,1741.0,1755.7,31.7,169.8,1.936,5.104,7.26,1811.3,0
26.88,37.98,78.08,1230.0,1202.5,46.65,19.2,0.05,9.254,11.93,5037.3,0
24.12,33.0,57.25,1072.8,1090.2,50.26,50.5,2.174,4.764,11.46,5642.2,0
25.77,37.16,67.72,2873.3,2844.9,20.61,8.4,1.783,4.339,17.55,3875.1,0
26.2,37.67,64.77,1553.5,1466.0,36.03,120.0,1.003,6.525,12.98,5914.4,0
27.68,39.23,71.51,2307.3,2328.9,27.87,25.2,5.509,6.002,15.16,744.0,0
27.77,37.61,67.66,1370.5,1415.6,41.51,7.6,3.4,6.377,12.76,4475.8,0
25.69,34.94,62.73,2165.2,2156.7,27.62,0.8,0.078,4.91,14.41,5234.5,0
27.79,36.8,71.8,2152.3,2139.1,26.8,8.9,1.338,4.594,22.16,3914.7,0
26.49,35.38,71.64,1206.4,1253.7,51.24,8.5,0.997,4.108,24.29,4879.3,0
21.11,31.12,67.32,1516.8,1545.5,38.34,48.8,1.809,5.907,16.07,4065.0,0
25.88,36.73,78.12,1489.0,1552.1,39.4,45.2,0.126,5.771,10.96,3718.2,0
29.01,40.31,68.11,1298.3,1346.6,44.32,39.8,1.377,6.041,15.89,4455.0,0
23.49,33.0,68.35,1094.7,1062.2,49.71,77.3,0.979,9.179,21.12,2569.4,0
27.08,37.04,65.39,1611.6,1592.7,35.81,87.1,2.779,7.829,16.03,2386.2,0
30.02,39.92,67.94,1437.7,1439.0,36.04,64.9,2.463,5.442,8.32,664.6,0
25.33,34.69,75.37,1683.8,1672.2,36.08,10.1,3.202,4.821,14.34,5808.2,0
26.85,37.59,74.71,1217.0,1192.8,50.82,53.7,1.397,7.367,9.73,481.8,0
24.24,34.6,58.59,1516.1,1540.8,39.32,40.8,3.372,6.646,11.19,5940.0,0
30.1,40.25,66.92,1586.2,1595.4,37.09,4.2,1.328,5.991,14.5,414.6,0
26.68,37.04,70.37,1242.1,1216.2,43.91,49.1,0.619,6.538,11.63,5554.9,0
26.94,37.56,65.68,1081.6,1027.2,58.31,30.5,0.315,4.023,16.91,2326.4,0
29.56,40.16,65.27,1410.5,1420.0,40.74,18.3,0.617,6.747,18.81,5641.7,0
28.17,37.33,75.47,1593.1,1562.1,37.31,4.5,2.275,4.697,9.91,3519.7,0
25.1,36.0,56.52,1068.5,1041.1,59.43,34.7,0.932,5.314,18.86,2115.2,0
25.56,35.81,73.37,1137.8,1096.3,53.3,12.0,1.033,6.626,18.39,517.3,0
27.84,37.41,60.69,1251.3,1232.0,51.85,17.0,0.522,6.894,15.34,4389.2,0
25.6,35.84,61.55,1580.0,1551.2,34.99,2.2,0.18,2.37,16.3,3670.3,0
22.62,32.96,65.48,1657.6,1711.3,34.0,34.5,3.39,7.918,17.43,2833.3,0
26.74,37.83,74.11,2447.3,2434.4,21.66,10.4,3.252,6.945,19.15,3378.2,0
23.89,32.84,65.33,1353.2,1281.1,49.65,28.6,0.126,4.292,8.28,1322.0,0
30.08,41.41,75.03,1415.3,1419.5,40.77,34.2,3.701,4.911,18.66,3811.7,0
27.2,37.23,71.07,2720.0,2779.9,21.99,26.4,2.268,5.862,19.48,3175.0,0
25.04,34.53,53.52,1165.0,1160.8,52.02,168.5,1.435,4.968,15.89,455.0,0
25.45,34.92,62.86,1583.1,1573.8,36.63,52.3,2.131,3.577,18.4,4980.9,0
23.07,32.07,49.88,1756.5,1674.8,37.86,49.0,2.958,4.213,7.08,3339.3,0
24.65,32.91,68.72,2394.1,2385.0,24.87,8.7,2.16,6.542,18.42,5428.9,0
28.88,39.56,63.01,1375.0,1340.8,44.92,65.0,0.795,3.949,10.2,3209.6,0
31.31,43.29,74.45,1193.7,1103.5,45.02,47.5,0.204,5.444,18.96,5598.1,0
28.3,36.69,68.07,1549.1,1497.0,39.52,93.4,1.754,6.209,22.92,4029.0,0
26.67,35.72,61.18,1524.4,1585.1,35.82,13.6,2.42,5.936,21.71,1278.4,0
25.99,36.74,65.84,813.2,859.9,66.26,2.3,1.031,5.0,21.31,5033.2,0
24.94,34.89,69.56,2152.2,2215.1,27.97,39.2,1.328,4.617,14.1,963.9,0
30.97,41.8,76.25,1860.2,1862.3,32.79,8.5,1.442,3.87,19.52,2405.0,0
26.47,36.37,64.49,1210.8,1106.7,47.08,11.8,0.715,6.052,14.13,5003.2,0
31.08,40.5,79.41,1815.7,1830.1,29.86,6.1,1.251,4.183,20.8,2185.7,0
29.64,39.41,60.98,2033.7,2151.7,29.12,57.7,2.53,8.614,16.98,80.8,0
23.37,30.99,63.88,1139.9,1078.7,51.32,12.5,5.172,5.829,6.96,624.1,1
25.52,34.37,68.13,1170.8,1086.1,46.05,35.3,0.646,5.902,18.37,1233.8,0
25.51,36.46,58.68,1428.1,1376.2,44.84,14.2,2.817,4.526,8.89,344.2,0
26.69,37.88,69.4,1509.1,1539.5,41.82,59.6,3.736,6.497,22.55,2887.4,0
26.73,38.14,75.4,1771.9,1664.5,33.08,3.0,0.365,2.652,18.34,2344.7,0
32.84,43.28,73.39,1584.6,1610.5,37.47,21.3,0.746,6.141,14.49,2358.5,0
24.7,32.44,65.36,1504.4,1482.5,39.21,18.4,0.546,5.152,22.12,3443.1,0
27.31,36.67,69.28,1246.1,1241.6,48.46,67.5,1.354,9.639,15.95,2895.1,0
28.08,39.41,63.08,1256.5,1279.4,44.26,199.4,2.434,5.43,11.44,4837.6,0
26.85,38.47,75.83,1942.3,1923.1,30.72,17.2,1.05,4.319,16.11,1653.3,0
27.07,38.43,66.78,1412.1,1405.2,47.9,34.2,2.635,6.937,21.96,2313.9,0
24.76,34.52,66.06,2687.0,2689.1,23.21,26.4,1.594,5.786,16.92,1951.4,0
27.06,35.76,59.79,1700.4,1751.5,36.8,11.4,1.269,3.382,7.38,939.0,0
27.87,37.83,62.39,2093.3,2087.6,28.58,66.0,1.087,8.035,16.24,2825.0,0
27.51,37.52,67.08,1782.3,1700.7,31.43,20.1,2.408,3.634,16.91,1251.8,0
27.99,39.56,69.31,1178.6,1192.3,59.27,24.7,0.668,4.905,15.58,2422.8,0
29.68,39.9,71.58,2507.2,2536.1,25.29,10.1,0.811,5.992,4.67,2136.4,0
28.72,38.74,73.25,1879.4,2000.2,31.81,12.1,1.656,5.676,11.9,5730.9,0
26.99,37.07,65.84,1349.0,1357.3,45.1,6.1,1.343,6.816,17.06,3187.0,0
24.51,34.91,67.76,1648.3,1693.2,35.3,45.5,0.569,3.526,21.28,5315.8,0
25.65,36.28,74.87,1526.8,1530.5,41.56,26.7,1.219,5.229,11.35,1221.5,0
26.41,35.69,62.31,1078.0,1087.2,54.3,41.2,0.759,4.265,11.77,1833.6,0
27.35,36.3,65.4,1321.0,1384.6,46.55,23.3,2.026,6.464,11.51,99.0,0
25.89,37.26,63.61,1951.1,2052.5,35.31,6.1,0.907,6.935,17.37,4816.7,0
24.98,33.34,56.95,1686.9,1714.1,38.66,14.4,0.671,5.029,17.37,1262.6,0
24.47,36.11,68.01,1375.1,1440.0,45.31,8.0,0.92,5.322,17.4,4700.2,0
23.55,31.64,61.76,1240.1,1110.5,46.35,27.3,3.226,5.569,14.7,316.2,1
26.38,35.8,66.46,1452.5,1396.5,40.21,3.2,0.54,3.904,12.5,1380.5,0
23.91,34.88,61.02,1420.3,1389.2,43.61,51.0,2.703,6.443,17.34,4558.8,0
24.85,34.85,57.12,1448.7,1467.8,43.62,27.0,0.47,4.063,20.67,4063.0,0
26.06,34.75,60.14,1479.4,1425.3,39.08,0.1,1.35,5.481,16.02,5273.3,0
24.18,34.6,62.69,1719.3,1696.7,33.95,5.2,1.48,6.431,16.72,3401.9,0
27.61,37.68,76.78,1161.7,1167.1,47.43,2.7,2.967,3.262,11.65,1370.6,0
28.33,38.11,85.64,1356.6,1407.3,42.92,168.8,1.043,5.748,10.56,5288.3,0
25.75,35.13,65.41,2927.2,2934.3,19.19,92.2,1.838,3.91,17.38,1923.0,0
25.98,35.94,62.64,1739.1,1771.9,31.74,34.4,2.849,6.069,13.4,49.1,0
27.92,37.34,68.57,1774.2,1763.4,35.19,18.6,2.176,5.605,15.05,1096.7,0
25.42,37.86,69.27,1562.5,1532.7,37.99,42.4,2.648,4.438,18.35,3654.3,0
25.28,35.04,59.3,1180.4,1254.9,52.04,37.7,2.57,5.942,17.03,741.1,0
29.24,38.87,69.56,781.0,789.8,72.02,73.1,3.916,6.28,12.75,669.0,0
28.62,38.08,71.51,3342.3,3283.2,15.41,95.9,0.876,3.681,17.97,67.1,0
28.05,39.83,72.35,1432.9,1422.9,43.04,5.8,4.088,5.673,18.96,4306.2,0
28.7,37.06,66.49,1360.7,1410.8,40.7,49.0,3.184,5.118,22.49,1336.2,1
22.9,33.25,60.59,1482.5,1416.1,38.2,11.2,0.39,6.601,13.96,2297.4,0
29.56,39.32,71.82,1426.3,1378.5,45.43,3.8,2.519,2.098,14.38,289.8,0
27.63,36.21,73.15,1423.2,1371.5,41.5,14.5,0.805,6.152,11.32,5237.9,0
28.87,38.05,67.61,1660.9,1677.3,36.39,9.7,1.31,3.546,18.27,610.3,0
27.62,37.94,77.9,1486.0,1457.9,40.29,15.7,1.821,4.81,18.65,4232.0,0
26.95,36.08,71.97,1342.1,1276.9,45.57,17.0,0.922,7.555,15.53,119.0,0
26.3,36.56,73.34,1497.1,1435.1,44.61,1.9,1.592,3.256,21.44,2954.6,0
27.58,39.31,74.22,1264.6,1318.6,41.89,69.0,1.637,5.837,16.58,1262.6,0
26.23,36.4,64.55,1869.0,1867.7,34.17,23.2,0.457,3.942,12.01,1133.6,0
28.59,37.13,59.48,977.7,996.0,68.19,64.1,5.208,8.026,17.05,5389.8,1
23.68,32.83,61.99,1659.6,1648.4,43.6,34.2,4.54,6.06,14.32,2548.1,0
25.77,35.48,70.69,1115.3,1044.4,47.62,6.1,2.34,9.462,17.16,705.0,0
30.94,40.59,70.24,1758.1,1794.8,34.92,0.7,2.457,5.722,25.4,1623.3,0
25.6,35.75,63.41,1420.7,1391.5,41.9,14.4,1.093,6.834,21.11,3364.9,0
26.37,36.69,71.82,1471.1,1493.6,41.82,1.8,0.288,5.301,19.7,3767.0,0
25.08,36.82,77.24,2776.9,2754.6,20.88,4.9,1.624,8.34,9.66,4414.1,0
27.52,37.52,74.77,1904.2,1865.3,32.83,12.0,1.69,5.648,20.68,7.7,0
25.38,34.23,73.98,1934.5,1954.3,32.65,33.8,2.609,7.494,18.1,145.5,0
26.48,37.63,63.74,1962.1,1938.2,34.0,21.2,1.698,2.855,20.78,88.7,0
28.55,39.81,65.43,1878.1,1972.2,29.3,63.8,3.065,5.628,8.29,297.0,0
25.45,35.68,61.64,1378.0,1436.3,40.44,64.5,0.46,4.818,12.22,1392.2,0
28.43,38.18,63.73,1185.2,1118.0,53.97,188.3,0.535,6.614,17.83,633.7,0
28.49,39.12,65.0,1434.1,1438.5,41.3,14.6,1.66,7.35,8.69,3387.2,0
28.96,38.75,71.9,1988.4,1975.8,28.19,30.0,2.281,8.361,21.19,4155.9,0
27.13,35.08,68.69,2031.5,1995.9,29.69,15.7,1.036,3.738,17.55,4965.9,0
33.33,43.9,67.42,1483.9,1438.5,36.23,54.7,0.449,7.282,15.72,5757.8,0
28.96,39.85,73.6,2349.1,2326.5,25.84,5.1,1.842,5.048,11.6,2863.5,0
27.5,38.94,65.96,1319.0,1391.9,43.04,2.7,2.331,7.469,12.42,2627.0,0
25.1,34.37,68.92,1171.3,1193.5,53.53,9.4,3.272,5.585,10.63,1053.9,0
26.66,36.88,64.17,1866.3,1870.5,34.24,1.9,0.433,7.873,14.13,4676.7,0
29.7,39.95,75.69,1496.2,1428.8,40.76,54.3,2.705,4.531,18.63,2750.8,0
30.27,40.35,64.73,1633.1,1452.5,35.71,35.0,0.885,6.956,13.66,2520.3,0
29.81,39.92,74.59,1952.0,1898.9,33.7,35.1,2.836,3.667,18.67,1897.1,0
28.42,38.46,66.03,1516.3,1586.6,41.9,40.5,5.835,3.61,9.61,2465.9,0
24.34,34.55,65.52,1767.2,1745.4,33.37,22.6,1.48,3.73,7.8,2318.2,0
27.82,38.57,63.53,1770.7,1741.8,31.92,64.6,0.889,5.253,19.72,4434.0,0
24.37,35.59,65.56,2387.1,2423.2,23.81,20.6,1.389,5.186,12.37,5030.5,0
23.88,33.12,65.9,1490.9,1492.4,40.65,112.1,2.185,6.223,14.38,326.9,0
27.33,37.16,61.63,1099.2,1061.6,50.67,62.2,0.302,5.943,11.56,844.3,0
27.9,37.47,60.86,1178.5,1201.0,47.07,19.0,1.433,5.249,16.08,86.0,0
28.66,38.09,72.96,987.0,1013.7,54.92,6.6,0.921,6.034,21.82,3304.3,0
27.84,36.23,61.46,1758.4,1872.5,33.25,7.5,0.477,5.12,11.92,1337.6,0
27.91,37.94,66.97,1177.8,1243.2,48.51,9.2,1.668,6.408,8.72,2204.7,0
24.88,35.36,65.71,2127.9,2110.3,28.97,16.6,3.32,4.106,10.33,128.2,0
26.64,36.48,62.38,1372.0,1371.5,47.09,1.6,0.821,6.267,15.2,2533.5,0
23.84,33.83,74.74,1005.2,939.5,56.44,13.0,2.068,3.063,10.28,2317.4,0
22.84,33.26,59.94,1177.5,1167.1,44.98,15.6,2.225,7.878,11.52,4844.9,0
28.33,39.74,68.87,1269.1,1293.3,56.62,11.4,1.755,3.919,6.62,738.5,0
25.34,34.92,56.7,1892.3,1890.5,34.01,2.7,0.141,3.794,16.15,1224.5,0
28.59,37.42,73.52,1669.5,1611.0,38.66,22.2,1.072,7.699,18.01,3890.1,0
29.07,38.98,58.07,2085.5,2053.2,30.84,134.4,0.548,4.705,11.47,3118.4,0
25.61,37.49,63.36,1493.9,1458.4,40.35,6.3,3.094,7.536,12.23,3993.3,0
28.03,36.87,59.44,1374.1,1404.1,42.7,7.5,0.833,5.592,15.78,2507.6,0
25.53,36.18,62.44,1575.8,1603.9,40.26,41.6,2.491,3.065,17.16,439.3,0
23.16,34.32,60.0,1763.1,1767.2,35.26,0.5,1.125,5.155,15.28,3268.2,0
27.1,34.73,60.24,1746.7,1770.7,35.09,2.3,1.318,2.002,15.4,3645.4,0
25.91,36.32,71.86,1422.6,1407.3,43.45,20.4,2.063,6.187,13.52,27.5,0
25.97,36.57,68.72,1435.3,1391.6,38.41,14.0,0.481,6.813,17.57,545.3,0
30.8,40.53,58.95,2114.9,2102.5,28.48,23.2,1.358,6.372,16.85,1708.8,0
23.8,33.15,70.32,2989.7,2994.2,21.03,78.2,0.836,4.401,11.54,1894.5,0
27.62,37.03,70.78,1840.1,1852.5,34.05,95.6,2.931,5.795,13.51,941.7,0
24.86,34.53,57.73,2067.1,2037.5,26.18,43.5,4.083,3.478,17.29,5230.0,0
28.67,38.36,67.17,1789.4,1703.2,31.64,19.2,2.807,6.291,17.22,2556.3,0
27.45,36.96,76.92,1748.4,1757.8,35.77,220.5,5.919,6.883,12.61,5143.2,1
27.61,37.26,72.55,1609.5,1516.1,38.54,1.5,0.377,4.548,14.79,3028.2,0
24.96,36.15,78.75,1676.4,1657.1,33.34,163.4,1.213,4.348,13.36,5404.7,0
25.32,34.1,72.44,983.5,902.5,61.91,34.3,1.588,3.972,7.47,2707.4,0
28.7,36.96,51.22,2173.0,2227.0,27.39,16.5,0.631,7.805,21.21,3127.8,0
30.39,41.6,78.54,1061.3,1099.2,52.09,67.3,2.428,4.379,13.53,1490.7,0
27.81,37.62,67.0,1503.5,1545.2,38.37,23.0,2.877,7.292,11.78,5670.2,0
25.06,34.67,62.16,1802.7,1740.1,33.42,69.6,2.105,5.254,14.81,5491.0,0
27.53,37.42,58.97,1313.3,1238.9,45.88,70.8,0.896,3.357,13.17,347.4,0
31.7,41.91,69.61,1668.0,1773.0,35.47,38.8,0.683,4.446,20.37,1012.2,0
27.05,36.53,79.87,2035.7,2040.3,31.93,29.6,3.05,5.202,19.58,3848.0,0
29.77,40.28,79.79,1149.9,1054.0,57.9,79.8,0.924,4.559,14.87,5557.9,0
25.37,34.41,58.32,3342.3,3320.2,18.06,10.5,3.833,6.558,18.63,736.4,0
26.77,36.46,58.83,1597.5,1551.8,37.55,206.1,2.624,5.238,15.99,2064.5,1
28.09,35.87,72.29,1420.0,1455.2,41.9,87.5,3.344,5.619,8.27,597.9,0
27.64,38.82,62.62,1040.0,982.6,54.08,68.3,0.85,5.034,15.05,3089.0,0
25.32,35.14,62.89,1653.1,1626.8,36.02,55.8,0.871,5.004,12.75,482.9,0
25.23,35.9,63.2,944.2,976.5,66.61,82.9,0.245,4.633,12.07,2061.8,0
28.83,39.3,75.1,1307.8,1318.2,47.59,48.0,0.483,4.963,17.3,5632.2,0
29.23,39.78,70.52,3342.3,3318.2,16.33,8.4,2.176,7.433,23.31,5288.5,0
29.87,39.87,58.23,2282.4,2227.2,25.46,42.3,2.462,5.288,11.9,5694.3,0
30.46,40.85,68.34,1443.5,1455.2,42.37,92.7,11.35,6.233,15.95,208.8,0
27.12,36.16,69.29,2040.1,1944.7,28.56,25.8,2.314,6.474,15.33,804.2,0
26.23,35.06,61.75,1353.7,1369.1,45.48,58.1,2.798,3.972,22.78,643.7,0
29.55,39.45,69.32,1819.3,1819.4,35.46,111.1,0.844,3.782,13.25,3912.0,0
28.28,37.6,71.81,2192.8,2174.9,28.04,23.3,0.866,3.258,21.83,4758.0,0
24.89,36.31,55.11,2066.3,2014.5,30.35,25.5,1.482,4.267,7.65,5857.5,0
24.78,35.16,59.3,1201.1,1217.2,48.52,15.2,1.387,6.445,12.45,3423.2,0
27.83,37.12,81.1,2947.0,2957.7,19.77,27.9,1.853,2.802,18.41,4278.4,0
26.5,36.22,64.01,1115.9,1071.0,50.45,76.0,0.324,6.085,6.49,625.0,0
26.8,36.93,66.93,1251.9,1130.3,50.75,2.5,3.973,4.132,13.87,2875.5,0
29.0,38.93,67.88,1633.0,1634.2,36.69,107.1,3.53,6.294,9.44,3616.7,0
28.37,38.64,64.01,2329.2,2384.7,25.96,42.0,0.394,4.599,9.48,3712.8,0
29.51,39.58,64.12,1362.6,1345.4,45.56,52.9,0.914,6.19,21.85,1258.9,0
22.99,31.6,65.66,1678.0,1659.5,35.14,14.6,2.443,6.443,19.0,1902.6,0
27.36,35.21,70.0,2417.9,2428.2,24.85,38.1,2.879,4.276,15.66,4110.7,0
28.24,37.87,64.89,999.3,956.2,59.09,16.7,4.36,4.884,20.06,2694.3,0
23.8,34.36,62.12,1985.6,1971.2,31.16,20.9,1.274,4.574,16.93,5621.3,0
25.54,35.18,63.36,2369.7,2419.3,25.28,14.0,0.8,5.198,18.87,3973.1,0
25.17,36.41,53.16,1545.0,1554.4,42.85,28.2,0.677,5.239,16.14,1636.7,0
26.89,36.85,68.44,1541.1,1625.0,39.32,57.9,0.458,6.216,13.4,1070.7,0
30.11,41.46,65.21,1014.4,1022.6,54.86,48.3,3.716,8.877,12.13,3945.4,0
30.9,42.05,79.74,1566.0,1595.5,36.19,44.7,0.377,7.393,14.06,4925.7,0
25.22,36.27,68.14,1726.7,1700.0,36.3,28.1,3.712,3.333,8.44,2003.2,0
27.9,36.7,63.99,1472.5,1458.8,43.35,15.3,1.17,3.831,15.45,5579.0,0
27.97,37.98,69.43,1403.7,1412.0,42.0,2.2,2.197,6.221,21.07,4128.4,0
27.63,38.85,76.23,1503.2,1563.5,42.3,99.0,1.997,4.169,11.58,5988.2,0
27.65,37.92,53.55,1381.6,1373.2,42.72,4.4,0.445,4.449,14.51,2759.7,0
27.46,38.01,70.67,1591.9,1636.1,41.65,55.7,0.719,3.774,6.42,3470.6,0
30.23,38.84,59.7,1681.6,1743.5,35.84,7.1,3.451,5.208,15.35,3574.4,0
29.05,40.97,72.59,1087.2,1184.9,48.33,4.7,1.402,3.474,26.8,4139.7,0
24.73,33.94,72.48,1636.8,1645.3,36.4,26.8,5.547,7.141,15.69,2289.5,0
28.44,36.45,64.55,1219.3,1238.8,48.04,26.2,6.176,7.435,20.0,3894.2,1
28.63,38.28,72.61,1105.3,1078.4,53.88,20.9,1.981,3.048,13.04,977.8,0
27.48,35.03,67.33,1773.0,1789.9,33.22,32.8,0.574,6.41,17.4,5347.0,0
29.11,38.03,69.4,973.0,998.1,64.04,163.2,2.713,6.294,12.51,3448.6,0
27.23,39.78,68.44,1717.9,1710.7,32.87,43.3,1.681,6.101,15.83,1760.9,0
27.25,36.87,61.46,1650.7,1584.8,32.95,2.8,0.37,5.697,8.23,2683.0,0
27.09,35.66,66.95,1321.7,1303.7,45.4,70.1,7.025,6.101,21.1,5809.7,1
22.81,32.84,65.62,1157.3,1031.5,44.42,26.7,2.836,6.075,16.98,2379.3,0
26.69,35.79,70.48,1590.8,1585.2,40.72,22.5,1.626,3.854,17.87,5755.6,0
25.51,36.38,65.03,1202.0,1147.5,48.18,178.8,1.177,4.703,13.29,4386.3,0
24.48,33.59,63.21,1383.9,1403.9,42.53,1.7,1.365,7.676,16.91,1675.7,0
29.72,39.99,72.61,1028.3,1141.5,60.66,46.6,2.604,5.541,20.87,4730.0,0
27.86,36.71,72.85,1451.1,1498.0,39.47,58.5,2.799,5.904,11.99,5338.6,0
26.79,39.39,67.09,2137.9,2102.0,31.46,4.2,1.366,7.966,18.04,1910.8,0
25.72,36.22,62.62,1828.1,1883.7,34.48,10.7,0.57,6.66,14.95,3789.0,0
27.44,37.3,76.13,1268.3,1283.7,44.71,36.6,3.119,8.711,21.23,4061.4,0
28.83,38.54,63.23,1329.6,1361.0,44.86,6.1,2.188,5.164,12.1,2354.4,0
25.2,34.64,59.4,1546.6,1537.3,42.06,38.5,0.57,5.006,12.89,4511.9,0
26.84,36.08,73.74,1812.3,1862.8,31.5,61.9,1.514,5.2,18.92,3053.5,0
28.59,37.8,61.84,1215.0,1174.1,51.09,9.9,1.363,6.17,14.35,2828.1,0
22.98,34.66,68.02,1051.5,959.9,59.37,40.1,1.703,6.929,16.98,790.1,0
26.73,36.18,67.2,1376.6,1346.1,40.29,89.5,1.146,6.225,18.04,2996.8,0
25.99,33.86,58.13,972.2,988.9,58.11,12.6,5.805,6.996,17.0,1471.1,1
26.58,35.42,62.47,1323.6,1295.3,48.66,50.3,2.052,4.147,8.13,3509.7,0
25.85,36.77,78.16,933.3,974.6,62.19,33.7,1.181,5.259,17.66,1949.8,0
27.13,36.87,75.82,1410.8,1420.8,44.73,30.1,3.108,6.978,12.38,4444.7,0
30.7,40.56,78.92,1447.9,1422.4,41.37,56.7,1.345,5.292,9.03,4397.2,0
26.2,37.37,82.59,1147.2,1149.9,48.42,17.2,2.886,3.54,21.95,3724.1,0
27.43,36.66,77.27,1759.9,1603.1,35.66,27.2,3.256,7.342,19.65,2320.7,0
30.84,41.47,82.25,1220.7,1251.5,44.07,19.2,1.133,4.175,10.18,157.7,0
25.75,35.08,68.18,1164.3,1176.2,53.31,34.5,0.182,5.297,5.64,2160.5,0
30.48,41.06,70.82,1339.3,1298.7,48.2,44.2,1.707,5.574,14.05,2535.8,0
26.86,36.47,63.53,1602.8,1650.9,39.69,38.4,2.188,2.813,21.7,4078.9,0
30.41,40.17,63.22,1396.5,1372.4,42.0,41.6,2.909,3.973,11.07,2653.3,0
28.35,39.17,71.26,1220.9,1228.8,47.58,9.2,0.291,4.787,13.22,3857.2,0
27.46,38.21,72.43,1177.9,1160.1,47.24,40.8,2.661,6.897,10.63,3557.0,0
26.72,36.55,66.79,1184.2,1096.9,47.5,1.1,0.525,5.857,16.31,1650.3,0
25.6,35.13,66.9,1241.8,1225.1,43.39,79.5,5.512,9.454,14.58,4623.8,0
27.0,38.6,70.94,1835.5,1745.8,31.75,0.6,1.611,8.405,11.85,4339.2,0
28.64,39.23,65.23,1633.2,1635.2,33.35,12.0,3.675,5.142,9.03,1010.7,0
26.82,36.43,66.79,1279.6,1283.5,44.61,73.0,4.628,5.781,15.95,3004.8,0
26.22,35.56,62.51,1186.2,1206.8,48.31,14.7,3.487,4.112,18.44,332.5,0
26.35,37.37,68.2,1289.5,1251.9,47.02,1.5,4.204,4.348,12.7,2350.0,0
28.83,38.95,71.89,1978.6,1926.5,33.25,36.4,3.139,4.166,17.56,569.8,0
29.3,39.14,72.85,1493.3,1510.8,38.49,2.4,2.501,2.854,14.73,1239.5,0
25.52,35.63,65.45,1871.9,1759.1,28.26,19.2,2.153,3.891,23.03,2322.8,0
25.51,35.85,70.87,2223.7,2232.3,26.09,26.9,4.914,7.715,20.47,5552.9,0
27.61,37.55,65.38,1527.8,1584.8,40.81,22.9,1.818,6.381,16.73,3167.9,0
29.91,41.11,68.28,1075.5,1053.1,53.58,11.8,4.247,2.501,15.32,1527.5,0
29.14,40.4,64.61,1493.5,1548.7,41.0,5.5,1.641,4.786,15.45,1252.0,0
24.35,34.88,68.33,1059.0,1075.5,59.08,33.2,1.975,6.64,15.03,2579.2,0
26.32,37.7,67.23,1464.5,1527.8,38.36,68.4,3.066,4.47,14.59,4113.9,0
24.99,35.0,65.45,1419.7,1446.9,40.31,57.3,3.563,5.972,7.88,2658.8,0
26.31,37.01,62.12,1921.2,1905.2,30.09,103.9,1.314,1.926,21.96,5416.9,0
30.06,41.06,76.17,1585.5,1581.9,36.53,82.2,2.647,2.963,10.29,4706.6,0
24.0,35.02,63.83,2282.6,2251.7,28.1,37.3,2.567,4.536,20.32,4265.5,0
23.61,34.53,59.56,2468.4,2427.1,24.55,31.9,0.658,5.616,10.52,167.3,0
25.19,35.82,63.38,2129.6,2152.1,28.27,23.4,2.579,5.964,13.28,4174.7,0
27.42,39.38,68.8,1458.9,1454.1,40.85,4.6,4.187,2.637,15.38,1702.2,0
28.09,37.55,74.51,1927.2,1889.6,32.63,27.6,0.639,5.379,15.41,996.9,0
27.72,37.57,71.91,1601.5,1659.4,35.0,8.8,0.974,6.886,8.91,928.0,0
29.2,38.99,61.0,1406.2,1429.2,44.1,2.4,1.621,3.555,18.39,4944.7,0
23.32,32.96,62.39,2534.2,2401.3,24.51,136.3,0.469,5.436,12.73,3665.2,0
29.23,37.24,67.77,1624.7,1653.4,40.81,3.7,2.519,5.675,17.27,4354.7,0
26.23,37.6,68.13,1229.9,1192.3,48.48,70.9,0.741,6.568,22.69,2861.3,0
28.31,37.29,60.49,1205.6,1256.3,49.35,95.3,0.484,5.964,14.86,5378.2,0
24.2,34.37,61.26,1408.9,1451.1,45.17,2.0,2.791,5.431,15.87,5725.5,0
26.86,35.44,61.65,1528.0,1585.5,39.48,39.4,1.621,4.955,10.46,4436.7,0
27.32,37.94,64.5,1664.4,1697.6,33.76,1.6,0.706,5.433,15.14,5758.5,0
29.16,38.38,65.25,1380.9,1441.2,39.18,69.3,1.038,8.179,10.22,5665.0,0
23.68,32.54,58.71,1097.5,986.8,56.53,97.8,3.624,3.722,14.28,860.6,0
26.91,37.11,71.26,1585.2,1503.3,42.73,147.4,1.825,3.887,16.35,3387.9,0
24.68,33.98,53.94,1535.8,1581.3,38.93,35.7,2.033,5.817,10.0,4285.2,0
27.86,37.29,77.92,1285.5,1217.0,45.64,29.7,0.521,3.481,11.35,1832.1,0
28.4,38.58,71.25,1602.0,1583.9,40.5,23.8,1.446,3.333,17.54,3414.9,0
29.42,40.22,74.07,1451.0,1494.9,42.26,43.7,2.63,9.112,13.99,1407.9,0
25.78,34.96,61.51,1478.5,1605.4,37.53,133.9,0.569,5.705,14.01,4643.0,0
28.7,37.71,62.54,1719.1,1734.3,35.85,28.8,0.607,6.245,20.39,1301.2,0
29.57,39.6,56.38,1354.7,1359.9,49.96,15.9,0.778,5.305,10.32,3556.0,0
23.56,34.1,62.02,2715.4,2613.0,20.5,147.7,2.844,6.82,9.59,5213.7,0
28.07,39.54,70.68,1154.8,1174.3,44.79,1.7,0.655,5.904,16.15,5422.7,0
28.77,37.7,66.36,1698.0,1696.6,35.23,34.2,1.57,3.997,23.51,1876.2,0
26.33,36.01,65.96,3017.1,3062.7,20.95,32.1,0.424,6.096,17.23,1837.5,0
24.43,35.6,65.91,1717.4,1745.4,30.25,0.6,0.612,4.51,14.68,934.2,0
28.74,40.71,76.01,1643.9,1692.0,39.64,4.3,2.51,4.967,16.1,2531.0,0
24.45,33.46,74.5,1268.5,1214.3,41.01,29.9,3.169,4.55,13.31,5231.0,0
26.49,35.75,64.32,1329.1,1368.9,47.4,31.1,1.199,3.098,19.8,162.4,0
26.77,37.15,70.05,965.6,935.7,48.08,48.4,0.406,6.52,11.62,2884.5,0
28.28,37.7,56.16,2342.9,2287.3,24.53,6.6,1.582,3.333,13.64,5300.9,0
25.6,34.84,56.99,1478.3,1461.3,43.78,99.8,1.87,5.551,21.22,2474.3,0
25.48,35.73,60.62,1323.4,1324.1,47.29,75.4,0.654,1.961,15.47,3489.2,0
27.05,38.6,57.55,1288.0,1297.8,42.19,103.9,1.302,6.999,17.98,5566.8,0
28.86,37.55,67.62,1472.3,1408.5,45.02,50.2,0.544,5.637,11.21,5082.8,0
31.42,42.92,70.3,2815.4,2875.5,20.67,58.5,0.427,5.128,12.3,4671.7,0
23.84,33.26,63.74,1914.5,1954.8,30.1,0.5,1.271,5.418,15.11,3343.0,0
27.48,37.83,72.69,1208.4,1264.2,53.66,62.3,0.814,5.947,15.67,1590.2,0
24.68,36.27,71.41,1566.7,1648.8,37.2,31.7,3.526,6.302,13.71,4104.8,0
28.89,39.21,61.7,1094.7,1068.3,62.23,8.2,2.884,6.703,9.26,2503.7,0
24.97,34.68,62.31,2005.2,2074.8,27.22,52.2,1.619,7.203,16.35,5167.5,0
25.5,36.22,62.94,1064.7,1039.6,55.64,92.5,0.674,8.367,15.44,2855.8,0
25.67,35.5,61.15,1738.9,1754.2,33.89,3.8,3.244,5.801,19.12,5646.5,0
26.7,37.22,60.97,1370.9,1412.7,48.62,5.6,1.915,4.408,8.2,5383.8,0
27.5,37.29,65.26,1510.0,1508.7,37.05,86.2,1.952,5.608,10.55,4911.7,0
27.82,38.68,74.23,1537.5,1577.2,41.16,79.4,1.174,2.079,12.12,2654.6,0
26.84,35.44,65.74,1382.1,1342.0,45.96,13.0,2.916,3.592,6.15,3408.3,0
24.19,33.18,67.74,1778.3,1781.5,33.87,10.0,1.118,5.819,17.0,1523.5,0
28.31,36.9,70.72,1230.2,1262.1,48.01,9.2,4.129,5.273,14.29,140.1,1
26.74,36.69,64.83,1385.9,1401.8,37.34,8.8,0.473,6.337,12.69,3494.6,0
29.17,37.64,59.75,1474.8,1407.0,41.78,30.8,5.215,5.235,14.94,3298.0,0
25.43,34.74,51.66,3342.3,3314.3,13.55,12.5,0.832,5.669,10.14,3522.8,0
23.65,32.54,53.48,1674.9,1653.3,36.63,96.0,4.066,4.937,13.3,4738.7,0
26.78,38.26,60.2,1183.0,1201.1,52.64,33.1,0.863,6.128,18.38,147.1,0
29.44,38.45,77.75,1157.0,1244.2,46.95,58.8,1.634,4.636,8.11,3765.5,0
27.17,35.89,63.45,1329.4,1261.0,48.87,18.0,3.41,3.484,11.47,584.3,0
26.45,36.7,58.44,1491.5,1443.8,40.53,31.1,2.099,7.035,16.39,3709.1,0
25.11,36.8,67.45,1161.6,1240.3,56.76,2.8,1.512,6.297,22.05,974.1,0
30.37,40.25,60.56,1225.0,1271.9,42.88,2.2,1.472,6.313,18.32,5583.2,0
24.79,34.75,55.01,1713.1,1722.5,33.4,130.9,2.592,8.183,15.3,5400.0,0
25.4,36.69,70.46,1117.2,1138.7,48.55,8.7,1.226,3.778,21.63,5944.9,0
27.99,38.87,75.96,1355.1,1386.8,49.23,73.1,5.093,6.878,11.41,2023.9,0
23.14,33.56,57.37,1351.6,1361.5,46.3,43.7,0.363,5.796,19.09,2170.6,0
29.4,38.82,68.4,1854.2,1859.1,35.97,115.5,0.898,3.113,17.05,5834.5,0
28.1,38.55,61.88,1430.3,1497.9,42.81,5.8,0.8,5.861,18.7,1119.6,0
28.65,37.29,73.77,1133.9,1052.7,53.93,76.2,1.339,6.46,23.21,3670.2,0
27.97,37.34,71.83,1282.3,1344.5,44.78,12.3,1.854,3.91,12.28,1048.5,0
26.53,37.96,70.91,2327.8,2264.4,25.22,114.3,6.108,4.657,13.65,600.6,0
24.72,36.03,57.06,1760.9,1834.3,33.71,7.5,1.059,4.889,14.53,2299.3,0
26.57,37.01,65.49,1838.2,1831.6,33.25,21.9,2.477,4.05,19.57,4212.7,0
24.9,32.97,71.68,1983.2,1971.1,32.46,52.1,0.615,6.741,9.25,2313.2,0
27.82,36.61,67.1,3207.3,3146.1,18.89,40.2,0.505,7.879,19.43,2085.7,0
28.46,37.78,79.25,1132.7,1177.6,58.91,11.3,2.553,4.73,5.97,3942.2,0
29.8,39.63,72.66,2020.2,2041.2,31.24,80.5,1.835,5.246,16.62,456.2,0
27.59,36.34,59.01,1858.9,1855.1,31.96,36.5,0.728,5.905,10.78,5560.7,0
28.7,38.45,65.1,2940.8,2896.6,20.58,39.3,1.671,7.152,13.75,5356.6,0
26.26,38.02,59.67,1255.9,1306.9,48.66,9.5,0.831,3.197,13.15,333.9,0
25.89,36.29,74.63,1628.2,1617.1,39.09,32.7,2.853,5.793,15.87,2064.0,0
27.8,38.02,68.71,1757.8,1736.9,36.49,74.3,1.494,4.463,15.59,4023.8,0
26.08,35.06,68.42,1799.0,1860.2,37.02,36.3,0.296,5.478,20.39,721.0,0
27.39,35.75,71.04,1308.3,1337.0,45.88,27.8,7.426,6.112,10.93,333.0,1
24.73,33.5,59.68,1685.1,1806.3,35.2,9.6,3.468,6.623,15.2,5481.2,0
25.09,33.41,56.07,3026.3,3032.3,20.11,35.4,2.192,5.953,15.85,5184.1,0
28.12,38.2,78.79,2097.8,2206.0,27.08,125.6,0.736,4.803,13.48,282.1,0
28.62,39.01,66.35,2386.4,2414.0,26.57,26.2,0.161,5.101,15.21,4477.2,0
24.88,33.91,63.68,1171.4,1210.5,42.75,40.2,2.117,6.137,13.94,2236.3,0
28.19,38.34,68.46,1255.3,1261.3,49.3,22.2,2.83,4.049,21.15,4606.6,0
25.78,37.25,72.13,1143.2,1173.8,54.66,22.2,0.537,6.723,18.07,1440.7,0
26.88,38.84,60.39,2764.5,2816.1,23.65,6.6,2.226,3.022,17.15,1811.8,0
29.68,40.45,75.42,1377.0,1379.5,46.2,36.7,0.834,8.987,23.93,2778.4,0
28.46,38.29,75.81,1837.3,1807.1,33.85,6.3,2.408,7.694,14.25,4191.1,0
28.44,39.18,66.05,863.3,837.7,69.23,117.2,0.551,5.645,18.05,1837.2,0
30.67,42.02,65.06,1021.9,1038.5,53.84,8.3,2.6,6.255,12.26,3000.0,0
25.44,33.44,54.2,1076.4,1063.4,57.02,6.1,5.854,5.768,15.69,358.6,1
24.88,36.36,69.27,1217.3,1226.6,48.02,61.7,0.428,5.244,13.67,5679.4,0
25.41,34.86,60.39,1395.1,1430.6,43.82,4.1,0.658,6.097,15.25,1735.9,0
26.34,35.81,69.13,1718.1,1741.1,35.97,152.6,2.703,5.255,17.96,1461.2,0
22.14,31.79,66.27,1770.2,1821.6,34.01,8.4,1.103,4.809,14.85,4771.1,0
26.44,36.76,68.61,1931.0,1940.6,32.0,14.0,0.357,6.72,16.31,4642.4,0
25.76,34.65,70.29,1248.6,1207.1,46.18,16.4,1.493,5.085,12.4,1981.1,0
28.42,38.13,65.16,1076.5,1057.4,55.6,13.7,1.1,5.582,10.37,5462.2,0
27.55,38.08,63.48,1437.8,1465.3,36.43,36.6,1.801,5.204,14.24,880.5,0
25.65,35.87,65.16,1836.8,1898.2,32.78,22.9,3.596,5.56,11.94,2247.8,0
28.03,38.41,68.81,2312.1,2320.9,25.16,28.2,0.961,5.527,19.01,463.5,0
28.3,37.97,65.9,1431.3,1398.3,42.45,28.5,0.608,3.76,16.12,4185.8,0
25.31,36.01,76.97,1155.5,1182.0,52.29,25.1,0.582,2.123,13.7,5415.1,0
25.86,36.92,56.51,1114.7,1191.0,52.79,21.9,3.728,4.866,15.61,4137.7,0
22.4,33.4,65.39,1066.6,1081.4,53.78,77.3,0.255,6.575,14.88,5125.4,0
24.67,35.1,55.68,1292.1,1245.8,44.15,67.5,1.832,6.64,10.19,3799.0,0
25.37,36.3,66.45,1396.9,1323.1,40.9,7.4,1.306,5.639,13.98,107.3,0
27.0,37.87,74.68,910.0,996.4,52.82,9.5,2.289,3.972,14.34,3060.8,0
24.96,37.64,53.72,1943.7,1950.7,28.9,45.2,1.793,3.01,18.1,2072.0,0
25.82,37.04,68.32,1528.7,1477.2,35.59,63.7,1.566,6.179,8.65,5756.2,0
24.4,34.31,66.48,1078.4,1063.0,57.11,18.2,3.017,7.382,13.26,4638.6,0
27.19,36.28,65.07,1915.6,2017.8,29.25,27.1,1.96,5.617,19.37,5368.8,0
27.7,37.44,63.35,1401.9,1479.5,39.66,5.1,1.504,7.961,13.6,4020.2,0
27.65,37.32,66.31,1305.4,1299.3,46.31,17.1,2.41,6.585,18.45,1859.3,0
26.87,37.39,69.61,1304.4,1256.8,40.83,17.1,1.391,5.141,16.74,5561.2,0
23.77,33.07,51.89,1253.0,1327.7,51.49,5.5,1.578,3.73,18.18,5184.2,0
25.61,36.8,65.36,1013.6,1061.9,55.26,8.5,0.371,4.526,13.97,2033.9,0
26.04,34.65,65.47,1265.8,1271.9,44.8,7.5,4.237,2.122,9.19,5537.1,0
26.04,34.41,67.99,1110.8,982.1,53.9,5.1,6.683,6.458,15.5,2057.0,1
27.0,36.86,78.32,1905.1,1913.6,30.71,244.4,2.194,5.888,17.03,4087.6,0
29.7,38.86,72.6,1437.5,1475.9,38.42,12.5,1.759,6.754,19.52,3952.8,0
28.47,37.22,67.64,996.9,986.8,64.05,25.0,4.723,5.181,11.51,1417.3,0
24.87,34.24,61.84,890.9,856.3,59.43,97.7,2.742,4.589,13.69,5947.7,0
28.21,37.45,62.51,2215.7,2158.8,27.23,30.4,0.185,5.575,13.48,4551.2,0
28.13,38.14,67.32,1478.1,1486.3,39.87,8.3,1.735,4.961,21.62,5304.6,0
25.24,34.62,62.12,1497.3,1430.4,41.36,35.9,2.458,6.629,14.47,2221.7,0
28.55,38.01,65.1,1325.3,1348.9,44.17,7.1,4.848,7.499,16.19,5754.4,0
26.53,36.52,68.85,1012.4,945.3,52.74,27.8,0.906,4.593,15.8,2629.7,0
24.03,35.04,74.64,992.9,964.0,58.39,7.7,1.088,7.677,6.11,2026.2,0
27.76,39.23,76.03,1382.4,1336.8,40.37,24.9,1.825,7.332,16.14,1951.8,0
27.28,37.43,72.05,1176.8,1123.0,51.22,15.4,1.48,4.944,14.44,3438.9,0
26.39,36.62,74.29,1309.7,1247.9,46.48,126.6,0.806,5.816,10.77,4496.7,0
26.78,36.59,65.09,1367.1,1433.0,39.79,131.1,0.562,4.887,23.59,5083.6,0
25.41,35.89,61.9,2652.9,2646.6,23.02,6.9,2.536,5.063,20.95,3476.4,0
28.07,38.46,74.02,1234.7,1170.8,50.18,20.9,0.957,4.093,16.24,1541.8,0
26.76,38.09,65.61,1289.7,1323.9,46.05,14.1,2.443,4.004,15.62,175.2,0
27.18,35.29,59.95,1347.1,1309.6,43.9,93.7,4.574,6.478,22.87,5389.1,1
27.56,37.33,75.7,2050.9,2120.6,30.19,122.0,1.066,4.149,19.51,425.2,0
24.54,34.88,58.01,1064.2,1038.9,59.59,21.2,2.519,4.09,13.82,1684.0,0
25.06,35.04,63.59,1346.2,1325.8,41.52,18.2,0.573,7.004,15.56,682.2,0
22.43,31.49,64.9,2159.7,2090.2,28.59,121.4,0.907,6.932,17.61,2592.2,0
27.98,36.68,69.52,2163.9,2233.5,26.98,15.3,1.752,5.7,12.29,5664.8,0
24.43,35.23,61.92,1298.6,1252.2,46.77,12.1,1.748,4.896,25.19,5205.7,0
27.12,36.36,68.37,1188.6,1162.8,47.07,75.6,2.481,7.563,18.34,2825.6,0
27.59,35.84,59.21,1684.4,1631.1,35.37,3.7,2.13,3.76,13.22,4573.2,0
28.05,38.91,73.7,1443.4,1387.1,44.63,34.2,2.309,5.8,33.34,1360.3,0
24.44,34.9,64.11,1123.9,1146.4,46.68,2.2,1.738,3.247,13.07,5333.6,0
26.72,36.6,72.33,1486.7,1586.6,41.4,25.1,0.906,4.395,19.21,714.2,0
30.19,39.28,72.6,1755.5,1790.9,32.99,4.3,1.748,4.506,13.1,3975.0,0
30.28,40.17,81.49,1114.0,1025.5,49.61,44.5,1.695,6.402,13.19,260.4,0
28.82,40.04,69.98,1365.0,1411.5,48.38,92.0,1.1,4.513,16.79,2486.0,0
27.52,35.91,71.03,1158.7,1154.1,45.68,20.1,7.378,5.342,16.58,1593.4,1
24.84,33.28,69.47,1803.2,1758.2,31.66,2.2,1.972,4.778,15.25,3914.4,0
28.29,37.66,70.16,2225.8,2241.8,26.69,5.3,0.341,5.248,16.0,5929.9,0
26.53,36.51,62.91,1387.5,1350.7,40.77,13.6,0.124,5.703,18.78,2137.9,0
27.97,37.47,61.62,1352.2,1432.8,49.3,6.8,4.284,5.124,20.07,5462.9,0
25.58,36.23,59.28,1178.8,1207.1,50.4,22.0,6.566,6.407,28.29,3661.7,0
26.5,37.59,77.16,1488.2,1432.7,45.84,5.7,0.505,7.938,19.74,5265.4,0
27.18,37.46,63.38,1770.0,1774.7,35.5,22.4,0.934,7.399,14.07,2212.7,0
27.34,37.9,65.19,1871.0,1743.2,31.96,61.7,0.609,8.439,12.46,3090.8,0
27.84,38.11,70.56,1560.6,1532.6,39.83,185.9,2.51,4.796,18.65,478.7,0
25.69,35.7,69.94,1406.6,1464.6,39.93,23.5,0.188,6.341,14.09,1361.9,0
24.16,32.87,64.42,1127.8,1201.6,51.07,17.6,1.233,5.638,11.96,643.1,0
30.1,39.07,70.68,1790.7,1764.3,35.2,68.0,0.774,8.383,9.97,3350.4,0
31.83,40.48,75.28,1712.2,1715.8,36.03,73.8,2.493,6.443,14.22,1361.9,0
27.74,37.6,73.25,820.2,829.5,60.55,0.2,0.415,6.407,8.99,5038.6,0
24.2,34.43,62.37,1123.0,1174.0,55.51,99.2,2.812,5.975,17.62,3154.2,0
25.3,33.85,59.23,2128.7,2082.4,31.17,59.4,0.144,5.15,10.18,2320.1,0
27.87,37.94,72.32,1195.6,1255.5,54.69,42.1,0.646,8.9,18.48,335.7,0
29.53,38.66,69.54,2030.2,2045.9,28.78,73.9,0.37,3.73,20.46,2778.7,0
24.42,33.36,65.37,1535.4,1549.3,35.66,24.3,2.324,5.297,14.32,2662.0,0
26.6,35.98,61.53,1625.4,1641.6,36.8,125.0,1.051,6.864,7.1,664.2,0
27.24,36.12,73.17,1631.9,1633.0,39.22,13.5,2.139,4.488,22.36,5226.7,0
28.58,39.19,69.52,1229.2,1285.6,46.2,1.5,0.709,5.123,15.19,559.9,0
26.16,35.99,70.99,1336.3,1292.6,41.06,70.7,0.715,6.99,18.4,941.5,0
23.72,34.54,67.38,1274.3,1222.9,46.15,98.6,0.809,5.204,9.96,2536.5,0
28.09,37.65,59.6,1524.5,1502.4,35.98,87.3,2.777,3.799,21.26,5253.7,0
29.1,38.69,67.72,1355.3,1456.9,43.74,0.8,1.215,8.199,6.28,1029.0,0
26.68,38.56,67.04,1566.5,1639.3,40.79,99.7,2.817,5.519,8.99,3907.6,0
27.66,36.04,63.14,2295.2,2263.2,26.12,5.1,2.791,4.972,20.54,1087.8,0
25.9,37.19,57.51,1276.4,1265.2,44.83,62.0,4.532,7.369,10.53,2489.4,0
25.16,36.81,75.67,1212.7,1184.5,40.96,47.0,0.505,4.128,18.62,3502.0,0
28.9,39.67,73.52,1726.1,1742.0,32.86,1.3,3.243,3.43,17.49,1759.7,0
27.62,37.29,67.14,1780.4,1762.5,35.75,11.4,2.436,5.224,18.09,1153.7,0
27.83,39.26,63.55,1550.6,1523.6,36.0,19.7,1.073,5.811,20.04,5399.1,0
29.85,39.53,63.2,1579.6,1567.3,37.55,4.8,1.925,3.182,10.74,3670.9,0
24.74,34.03,62.56,1078.2,1088.9,57.59,0.6,0.867,4.763,22.14,2470.1,0
25.75,35.36,66.08,948.5,1016.1,60.9,73.6,0.493,5.673,14.55,1779.9,0
27.17,36.6,55.04,3342.3,3321.2,12.74,4.2,3.92,4.837,18.12,5882.3,0
25.72,34.77,70.57,1547.6,1557.7,44.88,53.0,0.456,4.308,22.42,2687.3,0
28.42,39.53,71.41,1236.3,1284.8,49.55,15.3,0.593,4.113,15.56,3283.2,0
26.48,35.7,61.54,1575.3,1534.2,37.84,42.3,1.572,5.259,25.3,5996.2,0
24.86,34.84,69.91,1075.1,1084.0,49.28,52.1,2.273,6.115,6.99,5825.8,0
26.98,35.54,69.17,959.8,995.3,56.54,2.0,6.643,5.51,23.67,4517.7,1
27.19,37.22,75.78,2154.0,2185.8,26.28,22.8,0.13,3.521,13.25,1447.6,0
28.72,37.56,63.99,1550.7,1625.7,41.34,38.7,1.264,4.61,10.22,3356.3,0
27.64,36.46,67.25,967.8,994.1,59.57,7.1,1.237,6.39,26.44,2340.2,0
27.77,37.66,73.09,2182.3,2185.1,27.62,27.6,2.098,5.532,9.95,3948.4,0
27.49,38.55,73.86,1468.9,1490.1,38.85,81.0,0.215,3.122,11.11,3339.9,0
26.47,36.91,72.91,1664.0,1654.2,35.52,26.6,2.878,8.519,19.15,268.4,0
25.42,35.93,60.78,1188.2,1247.0,50.52,6.0,0.551,6.603,18.79,470.3,0
27.43,37.3,80.48,1010.7,1006.7,51.91,16.0,1.655,6.657,14.15,1975.1,0
26.18,35.85,63.4,1361.0,1352.6,41.62,45.2,2.147,4.769,10.07,2256.3,0
30.23,41.02,60.38,1449.4,1412.2,40.32,144.5,0.544,5.721,13.93,334.1,0
29.53,38.97,65.25,2520.1,2497.9,22.81,14.6,1.935,4.781,13.77,209.1,0
28.12,38.95,65.04,1073.3,1101.2,54.23,66.1,2.384,6.337,10.42,5057.1,0
27.61,38.84,62.98,1501.0,1436.5,36.47,17.8,0.728,6.269,12.85,1052.6,0
26.67,35.83,80.62,1585.0,1565.0,38.58,96.2,0.966,2.582,20.14,4250.1,0
24.33,33.63,57.61,1222.3,1202.8,49.72,26.8,0.811,7.425,17.69,4580.0,0
26.42,35.87,65.49,1416.3,1447.5,41.98,38.0,2.033,6.615,18.23,3026.6,0
27.05,35.59,60.51,1234.8,1278.3,50.04,3.2,5.203,7.263,14.39,82.2,1
27.31,36.84,69.92,1282.5,1356.5,46.03,55.2,3.556,4.451,11.18,2372.5,0
27.79,39.09,64.95,1350.2,1315.1,42.04,79.4,2.049,5.987,21.74,3970.8,0
28.69,37.65,57.41,1302.4,1341.7,43.1,47.1,2.523,2.811,12.3,4687.9,0
25.47,36.79,64.12,1784.3,1797.5,28.77,27.3,1.758,6.351,10.13,4958.2,0
25.48,35.05,69.96,1669.3,1666.2,38.51,0.3,0.322,5.338,16.38,367.8,0
29.75,41.87,73.78,1105.6,1142.1,50.84,0.2,3.334,6.473,14.93,2522.5,0
28.39,37.71,70.28,1896.4,1830.0,31.01,147.5,0.882,3.54,12.3,3403.4,0
26.07,35.92,57.05,1784.2,1757.8,32.85,22.0,2.765,4.396,10.66,5352.7,0
26.64,35.73,69.01,1961.8,1907.5,31.2,9.6,0.947,5.006,10.45,4629.7,0
26.64,35.96,67.39,1523.8,1589.0,41.53,39.4,2.063,5.665,16.52,4433.3,0
26.91,38.25,71.41,1097.6,1141.5,54.03,77.5,4.292,6.033,11.51,1399.7,0
27.8,38.27,68.82,1287.7,1234.1,45.47,85.7,2.536,7.763,20.61,2931.1,0
31.92,42.95,72.02,3328.0,3260.9,18.23,122.8,1.963,4.998,18.77,4487.0,0
27.23,35.91,67.12,1282.1,1312.1,46.49,39.6,0.986,4.604,15.83,3684.6,0
28.18,38.83,59.29,1700.6,1657.4,35.58,17.0,0.858,7.508,15.4,2628.7,0
23.48,32.51,68.09,1322.5,1355.7,45.09,23.4,0.254,4.614,21.12,3496.0,0
25.88,34.54,68.79,1697.4,1786.9,38.5,18.7,0.266,6.513,20.73,1728.5,0
29.31,39.55,71.1,1968.7,1925.6,31.4,49.1,1.969,4.049,20.67,2611.9,0
27.65,37.88,69.52,1574.5,1604.7,39.29,17.9,2.107,4.376,19.43,2698.6,0
18.07,28.13,61.7,1627.7,1616.1,35.59,66.4,2.663,7.913,13.93,4780.3,0
28.2,38.92,72.36,1489.0,1568.4,43.08,8.9,2.28,6.798,23.14,1795.2,0
30.69,41.56,64.7,2081.7,2004.3,31.14,86.0,0.497,6.256,15.51,2959.1,0
22.86,34.33,75.33,2013.3,1947.1,28.75,20.1,1.884,7.217,15.29,5812.1,0
29.89,38.7,73.02,1326.4,1335.2,47.32,22.2,5.997,5.89,13.52,1409.3,0
21.31,32.81,70.76,1204.6,1276.0,51.09,173.8,3.577,4.998,12.34,1220.6,0
28.73,40.61,71.93,1234.4,1221.2,45.8,16.6,2.226,4.844,15.62,3668.9,0
26.83,36.47,67.89,1763.8,1725.0,33.51,17.7,2.098,6.149,12.12,3587.8,0
22.15,30.48,59.05,1882.8,1797.1,32.6,42.7,1.246,5.285,13.02,3503.4,0
27.74,36.36,70.45,1672.3,1694.5,33.18,52.6,0.936,5.007,20.44,3637.2,0
29.15,38.69,64.54,1321.5,1252.8,48.9,45.1,2.917,8.049,17.53,3033.8,0
27.58,39.59,67.73,1827.8,1935.4,31.75,26.7,1.168,6.479,17.32,4615.7,0
28.02,38.04,77.07,1285.1,1291.7,48.84,91.7,2.281,4.171,9.24,3795.7,0
26.03,35.41,59.14,1369.2,1372.3,46.37,53.2,0.853,7.833,24.71,525.4,0
23.13,32.44,64.05,1105.8,1090.7,52.38,7.1,3.532,4.406,12.2,5086.4,0
28.23,36.91,61.14,1213.2,1170.2,50.63,5.4,2.023,5.326,14.55,4036.9,0
30.35,41.22,63.7,1270.3,1259.7,45.43,93.4,1.825,5.542,15.42,2461.8,0
29.11,39.02,67.24,2430.8,2455.2,25.31,56.9,1.24,6.781,16.43,3672.0,0
22.87,34.97,69.6,1329.8,1377.4,46.1,94.8,1.922,6.764,15.52,3676.9,0
23.82,34.45,52.69,1412.3,1411.5,41.15,11.0,0.034,3.816,13.24,810.4,0
25.16,35.99,71.08,1605.2,1597.0,36.27,23.9,2.635,6.446,11.84,4549.8,0
23.66,33.42,72.1,1150.3,1156.5,53.62,79.2,2.104,4.468,13.04,4232.1,0
26.94,35.85,56.55,1535.9,1498.0,38.49,54.1,1.611,5.943,4.56,4978.9,0
27.64,36.76,72.01,1453.3,1538.1,34.71,56.3,0.411,3.671,21.38,3302.8,0
23.99,32.62,67.85,1232.6,1202.6,51.24,11.7,2.156,6.637,25.06,1230.4,0
28.4,39.31,82.48,1679.1,1643.2,35.95,54.9,1.095,4.282,22.44,5299.9,0
28.05,37.67,60.11,1690.3,1718.9,34.21,30.0,1.953,6.395,18.44,1765.1,0
25.75,36.71,62.21,2260.3,2240.1,28.73,253.0,0.315,5.373,18.08,2268.8,0
26.5,36.64,61.45,1723.0,1799.8,31.8,8.0,0.302,6.808,16.39,5943.8,0
22.95,32.66,61.28,1727.4,1750.5,32.66,12.1,5.069,5.675,16.2,1267.8,0
26.19,35.02,55.86,1259.4,1211.8,46.21,90.0,1.912,5.961,13.91,2242.1,0
26.86,37.17,73.45,2008.7,2058.1,29.81,41.0,4.101,4.501,12.79,1784.2,0
27.19,36.97,67.78,2809.6,2807.8,21.42,39.0,0.097,5.721,6.41,5500.8,0
27.61,38.51,59.99,1308.2,1380.1,43.03,10.1,1.841,2.78,15.17,3432.3,0
27.34,36.62,71.16,1728.4,1692.0,33.66,130.3,3.143,6.705,14.46,502.0,0
26.32,36.94,76.42,1613.6,1628.5,39.84,93.3,1.711,8.689,15.64,1464.1,0
27.42,39.06,68.46,1095.3,1136.7,52.82,47.1,1.691,5.742,17.24,2915.9,0
28.85,39.13,71.6,1476.0,1426.5,40.72,45.9,1.57,6.963,16.05,5221.6,0
26.66,37.44,63.88,1062.4,1141.4,55.1,57.6,0.311,4.318,15.9,4898.5,0
27.49,38.06,65.04,1469.4,1471.7,39.32,21.8,3.782,6.548,12.63,1229.1,0
26.48,38.38,72.09,1132.0,1148.3,50.07,7.1,2.583,6.108,15.35,3114.2,0
25.56,35.93,65.95,1588.3,1472.4,34.53,21.2,0.648,6.409,16.36,3111.0,0
27.9,38.6,64.57,1392.2,1337.8,41.08,0.7,1.058,6.166,12.63,5521.0,0
25.74,35.7,58.03,2062.9,2015.6,30.67,114.3,0.758,5.544,13.87,4327.6,0
27.62,36.85,72.74,2070.1,2134.0,31.86,39.4,4.105,5.169,7.63,5398.6,0
26.91,35.7,70.78,1719.7,1626.5,37.75,3.7,6.499,4.762,23.25,5401.7,0
26.24,37.51,71.28,2277.0,2234.6,26.71,3.0,0.501,7.855,10.02,873.8,0
26.19,35.19,76.46,1326.6,1331.5,41.59,20.7,0.228,5.778,18.09,5863.6,0
25.83,36.58,73.95,1453.2,1477.9,36.97,156.1,1.008,5.17,17.69,194.8,0
23.56,33.97,56.92,1373.2,1414.8,42.35,124.3,1.115,7.464,11.83,3361.3,0
27.62,38.53,68.24,2260.4,2280.7,26.87,127.1,0.235,6.479,18.88,5777.5,0
27.31,36.8,67.76,1251.0,1225.9,47.02,13.4,1.274,6.531,17.08,4560.6,0
28.55,37.76,50.78,1002.5,951.0,56.98,11.0,1.898,5.943,10.31,1188.5,0
25.79,36.17,56.57,1012.4,1091.4,54.87,94.3,0.082,7.888,13.49,190.1,0
30.64,40.35,63.66,1084.8,1123.5,59.04,46.3,2.84,4.895,13.28,5277.9,0
26.09,34.86,68.4,1437.1,1433.0,40.42,85.8,0.41,4.636,17.21,4239.9,0
25.1,37.04,70.73,1538.6,1505.3,36.48,93.4,0.144,4.19,17.64,4466.4,0
24.86,34.07,64.0,1327.1,1323.1,44.88,4.6,3.575,5.821,12.76,4745.9,0
23.38,32.39,74.45,1639.1,1625.5,37.62,34.9,1.367,6.317,17.2,701.1,0
29.92,39.67,70.12,2457.8,2439.6,22.6,18.4,2.969,4.236,14.09,1732.9,0
29.59,40.84,77.12,1146.1,1108.2,48.19,7.0,2.729,6.585,16.1,2126.7,0
28.05,35.88,65.15,1645.0,1693.4,37.66,112.2,0.433,6.015,17.23,1563.1,0
25.06,36.23,64.97,2201.0,2173.5,25.33,8.7,0.601,7.53,17.99,5772.2,0
30.47,39.56,70.29,1782.1,1762.3,34.92,6.2,0.596,8.116,13.15,1629.4,0
26.15,36.41,71.2,1530.1,1577.7,37.88,8.3,2.313,4.583,9.12,4592.7,0
26.31,35.64,72.59,1407.4,1423.4,40.12,7.0,0.503,4.731,14.39,4057.8,0
29.72,41.72,65.67,1614.7,1689.9,40.24,113.2,0.666,3.814,15.39,522.8,0
28.17,38.29,67.3,1115.5,1027.0,53.69,13.2,0.032,5.215,7.02,984.6,0
31.25,40.54,65.07,2208.3,2205.6,27.11,9.2,1.789,2.553,13.75,3834.7,0
27.35,37.05,66.28,1519.1,1520.7,38.48,1.5,0.649,3.917,12.31,3270.3,0
26.06,36.15,77.87,1987.2,2012.2,31.21,0.7,1.654,6.743,12.23,3933.3,0
25.63,35.8,69.53,1244.1,1235.8,52.56,47.3,2.16,6.588,11.37,4694.5,0
23.16,33.59,66.57,1541.5,1554.2,34.39,25.8,0.811,6.788,17.24,1451.3,0
26.29,36.29,76.06,1612.6,1654.6,36.56,28.5,0.926,5.911,9.88,3989.6,0
29.14,37.76,61.34,1308.3,1272.5,50.5,60.4,2.654,6.246,17.24,2716.6,0
28.05,37.71,72.71,1127.5,1169.8,53.25,25.0,0.12,6.934,18.96,2826.5,0
26.89,37.5,65.87,1172.7,1140.0,54.73,11.3,1.878,4.893,20.26,5099.2,0
24.86,34.19,57.99,2310.7,2317.8,23.57,84.4,1.654,6.38,15.86,1290.1,0
27.3,37.98,65.58,1333.0,1250.2,44.83,7.5,1.949,6.889,20.07,936.5,0
28.88,38.91,70.36,1378.5,1311.0,42.7,7.3,0.155,6.007,13.68,4158.2,0
27.71,37.49,66.57,1442.4,1408.0,39.49,33.6,3.83,5.434,14.85,4203.7,0
27.18,38.38,68.12,1449.7,1380.3,40.67,111.9,2.19,7.141,18.41,4135.7,0
25.26,33.52,56.1,1095.7,1083.2,52.86,7.2,8.421,2.743,16.51,21.1,1
28.58,37.91,80.64,1190.3,1245.6,50.39,7.7,3.423,1.432,12.19,990.5,0
20.59,31.82,68.96,1180.3,1171.0,48.97,35.9,4.856,5.022,10.54,1446.1,0
27.62,39.45,69.61,1536.9,1547.0,42.07,34.1,1.578,3.153,18.08,425.9,0
31.99,44.28,83.35,939.9,1039.5,62.71,46.7,2.151,8.133,15.58,1183.1,0
23.83,33.88,66.37,1672.9,1684.8,35.99,81.4,0.132,8.236,15.05,1420.1,0
26.37,36.83,64.76,2565.8,2568.4,23.84,10.2,0.991,5.803,17.14,501.8,0
26.83,37.65,64.35,1517.1,1468.9,37.35,20.0,1.24,2.756,10.89,3323.2,0
25.92,37.2,67.18,1449.5,1463.9,40.58,42.8,2.497,3.784,16.6,1469.6,0
28.92,39.24,68.07,1054.4,1097.2,53.03,22.8,0.225,4.217,14.7,4207.1,0
27.79,38.72,70.43,1604.6,1571.9,34.89,45.1,3.635,5.226,10.71,1433.3,0
27.15,37.61,63.39,1123.9,1136.4,44.91,32.4,1.206,2.381,13.03,5077.6,0
28.44,38.97,73.68,2469.1,2406.9,25.23,34.8,6.72,7.802,20.24,2764.5,0
26.88,35.97,66.94,1189.8,1207.6,50.81,3.4,0.902,5.087,12.68,37.6,0
33.21,42.88,74.5,1343.8,1327.3,40.68,34.9,0.756,4.836,15.99,4731.6,0
27.15,36.63,55.18,1686.5,1709.7,37.19,12.9,0.327,6.09,18.28,119.0,0
27.24,36.05,67.06,978.5,882.0,61.32,14.4,2.78,5.226,12.96,5443.3,0
23.43,31.78,51.17,1211.8,1210.1,50.7,49.3,4.499,3.799,24.31,23.4,1
25.76,35.34,61.74,2104.9,2144.7,29.6,9.2,1.54,7.512,18.66,4536.8,0
29.14,38.88,65.82,1614.3,1638.7,38.91,15.9,1.109,4.393,13.15,2455.4,0
24.18,34.28,54.59,831.6,821.1,67.36,11.1,2.872,4.876,15.44,1393.2,0
22.53,33.09,60.73,934.2,808.2,59.79,62.2,1.816,7.182,0.0,3922.6,0
26.91,37.1,56.83,1314.5,1381.3,49.23,2.8,0.521,3.334,16.54,999.5,0
29.59,39.33,68.03,2937.6,2885.8,21.53,3.6,1.006,4.795,25.01,1894.6,0
26.93,36.02,62.66,965.9,1015.7,53.32,86.2,4.894,7.306,15.55,1851.6,0
26.18,37.05,73.62,1753.6,1713.2,33.65,2.1,1.941,5.609,12.97,802.3,0
23.13,33.03,63.33,1102.7,1050.5,53.24,3.0,1.425,3.899,16.65,465.3,0
27.75,37.32,70.76,1584.8,1576.1,32.77,14.4,3.983,4.908,8.05,4103.9,0
28.17,37.99,63.71,1381.6,1303.4,44.89,7.2,2.82,4.417,20.06,2224.6,0
23.29,32.55,57.05,1970.6,1908.3,33.6,85.9,1.946,3.041,14.27,289.6,0
29.12,38.59,59.93,1583.7,1639.8,36.37,29.7,1.618,3.157,11.83,5851.5,0
28.38,37.82,61.69,1120.4,1163.7,46.22,67.3,2.63,5.168,12.36,3805.6,0
29.11,38.83,72.56,2216.6,2169.4,26.81,22.6,0.534,2.446,16.54,814.7,0
28.02,38.67,65.78,947.1,917.6,63.72,53.5,2.352,4.054,18.49,5659.5,0
28.16,38.56,73.71,2095.7,1994.6,29.73,16.8,1.817,3.372,14.79,1334.5,0
27.89,39.44,63.34,2094.4,2073.0,29.17,37.4,3.449,4.984,17.77,5183.0,0
28.59,39.8,52.6,1283.0,1253.5,46.25,52.2,1.108,6.181,16.84,251.7,0
23.21,35.17,68.62,1100.6,1174.5,52.92,26.6,1.498,4.606,10.09,562.5,0
23.85,34.41,59.38,1783.9,1788.9,36.76,47.1,1.264,5.242,18.11,1476.8,0
25.38,35.92,69.18,1917.2,1922.2,29.29,59.1,0.606,6.935,16.6,1497.4,0
26.59,36.1,58.33,1693.5,1714.2,30.78,21.8,0.819,3.924,14.27,1676.3,0
27.63,38.45,72.65,1890.1,1863.4,29.7,25.4,1.178,5.443,19.66,1491.6,0
27.5,36.84,57.47,1452.7,1484.6,43.08,19.3,0.505,7.203,14.77,220.5,0
29.08,37.61,64.98,1659.6,1684.1,39.3,1.4,1.201,7.9,17.6,1153.6,0
29.15,40.67,58.52,1505.1,1516.2,44.26,47.6,1.249,7.239,9.63,5878.1,0
25.11,33.86,67.92,1365.8,1387.3,43.65,48.0,0.313,4.241,20.33,4609.2,0
27.33,37.77,58.96,1190.9,1293.2,48.24,53.4,0.522,4.317,21.09,1430.2,0
25.15,34.27,62.9,1667.1,1548.7,35.9,16.7,6.032,6.515,10.09,175.1,0
26.47,37.6,76.43,1822.0,1762.3,32.62,51.1,2.109,6.836,10.39,449.8,0
27.49,38.76,60.11,1476.0,1452.7,41.56,9.6,1.808,6.742,15.74,2449.3,0
20.03,30.56,62.97,1516.5,1559.7,39.45,9.0,2.027,2.412,21.69,5224.9,0
31.67,42.92,72.95,1328.5,1330.4,42.53,245.8,1.006,2.994,19.35,5336.7,0
27.98,37.99,70.5,2112.1,2146.9,32.88,2.8,2.773,7.21,15.09,1621.7,0
25.66,37.89,65.44,1183.9,1177.0,46.42,96.5,3.501,5.879,15.33,3355.5,0
30.7,41.45,71.01,2234.8,2198.8,28.22,38.3,1.663,5.703,11.69,1077.1,0
26.16,35.25,60.86,1673.0,1706.5,35.6,14.7,2.287,4.828,17.69,5310.6,0
27.12,37.18,70.19,1121.3,1103.7,51.29,43.5,0.618,4.154,11.05,5225.2,0
25.88,35.72,66.32,2023.5,2076.7,28.69,4.4,3.283,5.264,20.66,2399.6,0
30.15,39.9,75.66,1172.1,1111.0,50.5,27.9,2.107,4.307,16.68,2026.8,0
26.64,34.98,55.85,2296.8,2366.1,25.91,2.7,2.653,5.095,9.3,4692.1,0
27.15,37.54,68.36,2601.0,2642.4,24.15,56.1,1.39,8.87,16.36,4929.8,0
29.26,37.87,68.57,2354.3,2342.4,25.06,8.7,1.705,5.831,14.96,5228.8,0
28.02,35.49,60.33,1533.4,1469.3,41.17,15.0,2.05,4.46,9.47,641.6,0
26.74,36.4,68.6,1296.4,1267.4,47.3,32.1,2.942,4.571,13.23,4054.7,0
29.07,38.31,70.97,1124.5,1113.4,52.93,50.2,0.51,5.292,18.27,1890.7,0
31.93,41.07,66.41,1191.0,1244.5,52.13,39.8,3.193,2.716,16.82,1636.4,0
27.48,34.38,66.08,1096.8,1087.2,48.63,3.5,8.327,7.033,16.26,1303.9,1
27.08,36.23,59.12,1936.3,1976.4,31.68,2.8,1.338,8.076,14.39,4809.3,0
27.19,37.02,70.71,1827.2,1795.4,31.59,60.1,1.514,6.208,10.57,2741.4,0
29.47,38.84,70.73,1238.1,1228.2,47.88,20.1,3.612,4.537,14.07,1695.4,0
25.65,36.04,74.94,1182.8,1176.6,54.21,19.1,6.02,4.584,16.67,1371.2,0
26.29,37.69,72.32,2173.0,2302.8,29.69,58.0,0.605,5.209,13.55,407.9,0
23.78,34.29,78.41,1112.5,1171.1,52.94,7.5,1.712,5.64,18.43,2087.7,0
24.48,35.51,69.9,2728.5,2758.0,20.8,150.4,0.357,5.382,10.87,2807.0,0
25.81,36.92,66.79,1500.8,1524.0,43.9,37.9,0.587,5.958,15.43,5373.8,0
26.74,35.72,61.83,1601.4,1668.2,38.96,7.0,2.54,5.119,15.93,45.1,0
30.39,40.83,68.53,1584.0,1506.1,37.96,30.4,1.589,7.02,18.89,2677.8,0
27.92,38.92,79.12,1448.8,1329.3,40.31,6.7,2.399,2.46,17.42,2856.3,0
25.03,34.59,69.3,1864.5,1880.4,31.46,100.9,1.914,3.626,11.84,15.8,0
25.39,34.6,55.58,1193.4,1175.1,44.46,15.3,1.54,7.037,18.89,876.9,0
29.6,40.13,81.69,1681.8,1642.7,40.61,124.0,3.288,4.891,13.26,205.2,0
29.1,37.62,76.46,1378.6,1413.8,49.35,4.5,8.69,6.175,13.69,5746.2,1
26.91,35.82,60.73,1202.1,1093.3,55.9,5.2,1.395,4.803,13.83,3056.6,0
25.96,35.3,60.96,1404.7,1455.9,41.27,2.5,0.637,3.327,15.2,5309.7,0
29.1,39.55,70.39,1817.9,1892.4,31.81,1.3,2.121,5.935,19.95,3060.7,0
24.86,35.08,66.07,2082.3,2024.4,28.62,112.3,0.557,5.65,16.91,2710.9,0
27.63,38.67,78.1,1219.9,1306.8,56.98,140.8,0.278,9.722,19.59,1919.5,0
31.4,40.47,75.87,1063.0,1111.6,55.7,62.0,0.735,5.649,18.09,3361.2,0
27.26,36.29,66.27,1299.6,1284.4,48.87,35.6,0.698,7.47,19.59,4278.1,0
25.3,35.82,63.03,1390.1,1380.1,40.6,21.3,2.551,5.381,14.31,1372.0,0
27.67,36.87,52.57,1237.9,1239.0,48.15,20.4,4.538,7.492,4.43,5813.6,0
25.91,35.31,60.59,1058.3,1068.4,53.04,67.2,3.839,4.437,21.54,787.0,0
24.06,32.21,68.44,1967.4,1988.5,33.82,60.2,1.089,3.755,16.66,5440.1,0
28.25,38.54,72.99,1510.4,1603.5,40.3,3.7,1.696,3.623,19.58,5429.5,0
29.09,40.63,71.21,1888.4,1858.7,28.94,31.9,1.262,4.504,5.18,5738.1,0
26.23,35.2,66.61,1728.3,1728.3,38.71,9.4,3.331,4.804,20.73,5250.7,0
26.1,37.12,62.67,1057.2,1067.6,55.44,56.6,2.074,3.838,22.42,4490.8,0
24.93,34.87,54.09,1204.0,1129.0,50.79,3.5,2.75,6.754,22.99,4252.4,0
26.55,34.78,70.07,1530.4,1556.4,41.35,20.9,0.728,0.864,10.32,5196.3,0
25.73,34.83,51.41,3342.3,3320.0,13.07,27.6,6.971,6.336,6.92,5037.4,0
24.83,33.87,67.19,1892.7,1917.0,33.44,38.3,0.365,5.023,11.14,1051.4,0
30.63,40.32,82.08,1503.6,1493.7,41.02,5.1,0.571,7.877,15.39,3824.5,0
27.78,38.2,60.51,1483.7,1535.1,37.84,2.4,2.756,5.258,17.68,852.4,0
27.99,39.84,69.89,1559.3,1479.2,40.33,21.4,0.358,5.249,12.87,1949.3,0
28.62,37.19,62.33,1295.8,1200.3,42.43,3.0,7.31,7.884,19.06,3461.0,1
28.39,37.91,60.45,1802.3,1857.9,34.66,7.2,3.751,3.908,13.58,4834.8,0
26.02,35.13,55.67,1386.5,1370.9,39.92,89.4,2.49,5.399,14.41,5938.3,0
27.4,36.13,61.33,1646.0,1691.6,38.51,39.3,0.813,6.794,14.74,3447.1,0
26.31,36.41,70.41,1562.0,1731.8,32.97,8.8,2.755,5.719,9.65,581.5,0
27.73,37.73,69.06,979.8,962.3,58.46,34.2,1.368,7.17,13.53,5802.9,0
27.53,35.72,61.4,1798.0,1777.7,35.24,0.5,0.676,4.553,14.67,1301.8,0
26.08,36.1,71.05,3342.3,3354.9,17.46,36.1,1.391,4.553,12.74,281.7,0
24.19,32.99,64.37,1107.5,1032.4,57.83,4.5,1.354,6.598,12.54,5748.8,0
27.14,37.15,74.85,1854.1,1833.7,31.54,38.3,1.485,4.266,15.84,314.6,0
26.44,37.71,74.36,1255.4,1292.6,49.0,38.3,2.386,4.408,8.28,56.5,0
23.07,33.53,61.36,1986.9,1967.9,33.19,101.5,1.043,5.463,19.29,2712.9,0
27.87,38.04,73.45,1362.9,1359.5,45.69,18.2,1.209,6.193,20.71,3283.4,0
28.78,38.25,64.91,1497.6,1407.7,39.52,14.2,1.474,6.895,13.83,1361.7,0
31.91,41.97,65.61,1089.4,1128.0,50.0,33.7,3.523,5.427,16.83,1942.6,0
26.07,36.63,65.37,1578.4,1648.9,37.86,59.0,5.06,6.329,17.85,5881.2,0
25.77,36.24,67.81,1793.9,1689.4,33.45,12.7,0.668,7.772,19.42,1771.5,0
24.63,34.53,64.01,1389.6,1414.6,42.57,32.5,1.264,6.926,14.96,4148.6,0
27.27,37.48,66.84,1583.3,1632.9,36.18,87.7,1.957,5.173,18.83,3675.5,0
27.25,35.94,68.9,2942.5,2950.0,20.71,57.5,0.375,6.185,17.7,695.6,0
25.23,34.49,55.22,1816.6,1832.9,33.98,55.2,1.307,8.253,12.65,1846.0,0
26.5,37.21,72.09,766.4,836.4,68.69,12.3,2.605,6.542,11.36,2441.2,0
22.89,33.73,65.77,2841.3,2933.5,21.79,4.1,1.794,5.234,10.74,3768.9,0
28.7,38.8,68.3,1390.8,1404.1,42.41,11.3,0.594,8.587,9.1,5320.5,0
25.31,36.79,80.02,1623.6,1564.9,37.57,30.0,10.763,7.551,13.66,3670.3,0
26.78,37.29,66.78,988.3,974.9,58.36,34.6,2.772,7.338,15.68,2717.4,0
24.0,33.76,55.3,2061.8,2069.5,28.89,10.8,2.526,4.959,11.97,4837.5,0
25.69,34.47,45.62,1428.1,1366.8,41.01,23.6,0.963,4.3,12.52,98.6,0
26.29,37.73,74.46,1324.9,1356.3,46.86,10.7,4.098,7.356,10.62,4721.1,0
26.83,37.6,64.18,1654.1,1608.9,38.21,11.9,1.806,4.327,18.41,3490.3,0
27.81,39.61,71.56,1912.4,2005.5,32.32,85.6,0.527,3.178,15.87,4864.1,0
29.73,41.89,81.0,1391.8,1326.2,39.78,84.8,1.808,6.457,16.98,4987.8,0
28.32,37.03,75.3,1722.6,1846.3,36.91,4.3,2.308,7.939,13.6,66.9,0
28.77,37.49,67.19,1540.3,1483.3,36.88,4.6,0.159,3.405,13.68,5371.5,0
29.74,36.88,70.13,1264.3,1165.3,49.31,21.5,3.287,8.82,16.35,5045.4,1
27.99,38.91,65.0,1295.3,1355.6,44.03,25.5,2.096,4.381,9.48,4241.7,0
26.78,37.43,69.43,1229.9,1183.8,45.52,89.9,1.048,6.173,15.03,1971.2,0
28.87,38.97,66.82,1336.4,1354.4,43.3,23.6,3.818,7.269,13.82,507.7,0
29.0,37.77,62.05,1231.4,1241.2,49.6,21.1,1.994,5.44,9.47,2252.3,0
28.15,38.06,66.49,1098.3,1036.7,53.04,30.9,1.727,6.548,12.86,1462.3,0
23.94,34.13,60.1,1670.0,1549.0,37.13,6.2,1.46,5.039,13.28,3280.9,0
25.17,35.95,64.53,1325.0,1304.8,48.19,85.2,3.464,7.023,11.86,2917.8,0
26.3,36.57,63.83,2335.6,2365.8,27.04,47.6,2.363,7.732,20.41,3568.7,0
28.41,39.07,78.8,3342.3,3323.5,17.47,97.0,2.252,5.167,19.2,940.6,0
26.81,36.68,70.39,1023.4,1018.4,58.26,37.0,3.619,4.61,14.18,2613.1,0
29.12,40.31,71.62,1506.6,1535.8,36.67,21.1,4.017,4.802,16.45,1495.3,0
29.48,40.11,71.19,1393.6,1305.7,42.52,43.1,0.518,6.229,13.7,2246.0,0
29.25,38.06,74.88,1949.2,1923.4,27.75,43.2,8.113,3.818,14.77,1684.0,0
29.26,40.65,57.77,1991.9,2059.8,27.29,10.7,0.226,6.376,17.92,2235.7,0
24.78,36.0,59.7,1829.0,1801.0,32.87,33.9,1.816,5.746,10.96,2517.9,0
27.82,38.28,71.58,1278.6,1286.3,46.43,54.1,0.546,6.111,13.14,4796.2,0
25.63,35.92,57.57,1697.7,1668.6,34.83,25.3,2.669,5.529,15.25,2441.3,0
23.55,35.21,72.26,1460.7,1445.0,36.64,9.8,2.933,6.57,10.83,953.0,0
26.28,34.64,71.81,1731.5,1731.3,32.55,11.9,0.546,4.189,16.3,5772.1,0
29.5,40.74,67.65,1246.5,1181.1,51.66,26.1,3.376,1.578,19.61,4292.3,0
27.77,37.3,66.23,1322.9,1398.7,48.69,6.9,0.041,6.523,17.91,2794.7,0
30.89,41.98,71.29,1661.9,1699.9,35.16,17.7,2.722,3.553,18.04,5383.5,0
27.2,37.32,81.14,1487.7,1553.3,46.84,1.4,0.306,5.829,11.87,1077.3,0
31.75,40.5,77.04,1645.6,1638.1,37.55,11.0,3.87,3.857,14.87,2581.5,0
27.21,36.71,65.98,1486.3,1404.4,36.62,47.0,1.305,6.864,19.12,5270.9,0
26.89,37.92,65.24,1418.3,1396.0,39.5,43.3,0.849,4.431,10.73,4133.7,0
24.29,34.08,72.45,1270.0,1294.5,46.43,35.2,4.203,4.413,9.87,246.8,0
29.07,38.45,74.94,1965.6,2003.8,31.08,86.9,2.718,6.718,15.07,3281.6,0
25.85,35.22,66.26,1333.9,1330.6,45.02,47.6,1.319,6.385,14.3,103.9,0
25.56,36.2,72.45,803.2,742.5,64.98,7.7,1.764,6.562,19.83,55.9,0
29.41,41.16,70.97,1360.4,1410.3,41.83,36.5,4.424,3.979,19.33,5821.6,0
29.17,37.03,57.51,1508.6,1500.6,40.36,22.8,1.288,3.908,15.19,5519.6,0
29.11,41.91,71.74,1563.5,1544.8,39.16,47.2,0.54,6.474,14.1,3065.0,0
26.13,36.33,58.79,1429.6,1437.4,44.78,23.1,1.855,5.056,13.78,3073.8,0
26.75,37.33,59.29,2730.1,2745.3,23.9,70.5,1.111,3.688,10.85,4957.5,0
26.73,36.29,73.69,951.4,946.4,57.01,38.4,2.307,5.713,12.68,1473.1,0
28.42,38.41,68.26,1210.4,1251.8,49.81,7.5,2.22,9.186,9.92,5582.9,0
29.96,40.15,59.68,1695.2,1735.7,33.55,50.7,1.635,4.887,14.14,5023.7,0
27.59,36.54,67.49,1451.6,1482.3,40.32,65.9,0.813,4.244,12.79,4724.2,0
30.8,39.99,67.97,1762.0,1731.6,34.43,184.1,1.469,4.706,16.96,4579.0,0
28.64,39.83,63.79,1440.5,1409.5,42.99,57.8,2.044,4.333,18.9,849.5,0
26.38,34.83,74.11,1504.3,1493.7,40.61,56.6,0.936,7.064,16.84,1885.3,0
28.51,38.95,66.17,1472.7,1507.6,42.29,43.6,1.296,8.088,16.74,1810.6,0
30.26,39.89,55.68,2019.6,1963.5,29.72,18.2,2.97,6.251,18.38,421.1,0
30.85,39.89,73.12,1603.1,1618.8,35.18,86.5,1.039,6.005,15.15,1164.5,0
29.22,41.2,66.67,1115.2,1124.7,51.46,65.1,1.156,5.48,23.8,4601.9,0
26.9,35.95,70.93,1813.1,1838.5,34.66,32.7,0.876,8.28,17.68,4381.9,0
26.42,35.29,68.28,3342.3,3358.6,13.57,25.6,1.205,7.006,13.01,4274.9,0
28.0,37.82,59.23,1419.3,1439.4,38.49,51.1,0.505,7.994,12.95,2307.7,0
30.2,39.43,70.07,940.7,918.3,64.11,17.2,1.676,3.294,11.79,2158.6,0
27.72,37.72,59.75,1250.5,1167.9,48.49,68.9,1.197,7.681,15.09,5010.7,0
27.76,37.91,68.05,1732.6,1708.7,34.16,93.3,2.172,6.54,9.53,2490.6,0
26.95,37.19,70.38,1656.0,1687.1,39.49,29.1,1.645,7.409,14.14,3610.1,0
26.19,36.07,68.41,1307.9,1374.1,46.8,26.0,1.263,8.074,4.51,4578.5,0
26.53,35.82,71.83,2590.1,2590.8,22.44,32.0,3.052,4.267,20.05,371.1,0
27.12,37.76,66.26,2078.0,2161.8,31.44,44.7,4.577,6.021,14.61,5818.9,0
30.29,40.17,75.36,1304.5,1315.4,43.98,34.1,1.191,3.92,24.95,345.3,0
26.37,35.87,70.88,1157.3,1140.1,55.94,9.0,2.713,7.817,14.93,4716.0,0
26.96,38.44,63.34,1579.6,1587.8,35.61,6.5,1.39,4.158,14.44,2541.0,0
25.12,35.0,55.01,1076.4,1069.9,55.67,12.1,0.837,2.924,10.7,930.4,0
28.28,39.38,71.62,1791.1,1889.9,32.46,25.6,2.162,3.958,14.23,4674.9,0
29.58,40.81,73.81,3342.3,3334.5,6.14,17.6,4.423,5.02,23.76,2439.9,1
30.1,41.39,72.99,1113.9,1105.8,47.44,50.6,2.405,4.204,15.94,470.3,0
27.26,37.95,71.5,1409.0,1367.5,45.4,6.0,1.727,5.727,19.42,1452.7,0
28.0,38.0,71.3,1340.0,1392.1,47.36,71.9,1.516,6.79,15.15,2913.1,0
26.54,36.48,59.27,1266.0,1200.1,46.97,15.2,1.481,3.524,21.08,1147.0,0
27.91,37.66,76.98,1402.9,1332.8,41.92,25.3,2.881,7.371,18.29,4574.1,0
27.48,35.31,44.23,1598.2,1523.6,37.41,6.3,2.137,5.997,12.0,3536.0,0
26.97,37.69,61.43,1574.9,1507.7,37.79,16.2,1.981,7.296,17.37,5280.3,0
27.13,37.37,77.0,1588.0,1604.6,35.4,16.4,1.763,5.841,19.41,1470.2,0
27.75,38.58,76.18,1743.9,1746.6,36.0,41.9,1.045,7.187,6.66,3213.3,0
26.26,36.14,67.93,2787.4,2717.7,21.89,165.6,1.7,3.804,12.31,319.6,0
26.37,37.03,71.32,2155.5,2153.3,27.86,10.4,3.026,5.62,8.38,1387.5,0
30.26,38.89,60.6,1565.4,1577.2,38.37,4.3,1.061,4.422,18.67,2903.5,0
32.27,41.1,72.52,3342.3,3340.6,17.59,39.4,0.905,6.465,17.53,1017.7,0
24.44,31.97,55.65,3045.2,2913.6,19.92,38.0,0.507,6.344,14.41,4262.3,0
24.33,34.2,74.14,1603.6,1646.7,36.66,21.4,2.706,6.77,14.62,1717.4,0
24.94,34.16,66.52,1564.9,1595.4,38.72,6.0,5.553,6.533,15.97,1407.7,0
26.64,35.74,64.36,1616.2,1614.1,36.87,28.6,5.151,6.757,16.3,5583.1,0
28.64,38.98,76.58,3342.3,3405.9,16.2,55.9,0.312,5.882,24.61,467.2,0
28.03,37.61,69.43,1099.6,1154.5,55.52,79.7,0.968,4.867,14.11,2620.5,0
27.19,35.76,66.26,2448.1,2372.3,25.64,2.1,1.842,7.151,15.51,1608.9,0
27.91,40.45,79.49,1699.5,1745.6,31.82,13.2,3.251,4.35,17.49,5736.9,0
25.47,35.43,63.24,2148.5,2109.3,27.38,38.9,0.313,4.86,18.8,5490.9,0
26.36,35.28,61.7,1048.0,985.5,52.99,75.2,0.589,6.584,15.55,5064.6,0
26.81,36.14,56.25,1437.9,1454.5,44.21,7.2,1.263,5.319,16.35,4319.8,0
23.68,33.51,59.13,1770.6,1728.7,35.27,44.4,0.871,4.977,14.91,35.5,0
24.53,34.35,61.7,1467.4,1517.1,34.56,1.9,0.901,7.535,13.97,1867.0,0
24.61,35.91,62.5,1579.0,1593.6,41.8,14.6,1.497,1.522,26.62,2508.9,0
28.38,38.3,60.27,2119.6,2189.1,27.53,1.4,2.188,6.834,15.56,2400.4,0
27.34,39.2,72.39,1230.2,1219.6,43.81,69.5,0.811,2.338,21.41,456.2,0
28.07,37.64,68.62,1773.6,1824.7,34.51,1.9,1.741,5.475,13.94,2419.1,0
23.17,33.6,62.56,1418.4,1397.1,45.2,48.7,1.752,6.924,10.96,2063.8,0
23.88,34.9,54.67,1224.8,1283.0,44.86,6.0,1.367,6.334,9.5,616.9,0
28.18,39.37,61.5,1759.1,1780.4,34.06,36.2,0.576,4.528,13.74,5202.8,0
21.29,32.6,60.31,3196.1,3184.4,19.47,30.3,0.618,6.204,7.0,4474.7,0
29.3,39.03,56.77,1604.0,1693.5,37.53,41.5,1.132,4.333,20.37,2185.2,0
23.2,33.2,61.19,2337.7,2290.8,25.51,1.0,1.312,3.547,14.3,5525.2,0
28.54,36.06,69.98,1315.6,1308.3,40.79,3.4,5.885,4.567,17.16,2218.8,1
25.07,34.88,74.19,1568.4,1599.2,37.43,25.2,3.285,4.09,11.22,521.4,0
28.95,40.04,65.96,1669.9,1700.9,34.12,41.2,2.146,6.482,9.38,4526.2,0
33.27,44.16,67.58,2179.2,2123.7,27.04,31.5,0.421,9.541,10.75,79.0,0
22.3,32.22,72.13,1176.9,1108.8,51.87,66.0,2.854,6.04,19.72,4068.1,0
28.24,39.94,67.52,1779.4,1753.7,35.46,20.5,0.72,4.731,18.75,4587.4,0
23.23,32.85,61.46,975.8,981.5,63.53,65.5,2.24,3.555,14.6,1490.6,0
27.7,36.99,68.74,1541.9,1514.0,40.35,2.7,0.667,4.489,10.13,2171.2,0
26.44,35.97,64.23,1374.8,1380.0,43.52,39.9,1.982,3.783,15.39,2317.7,0
27.11,35.99,60.58,1414.3,1483.2,40.39,25.2,2.267,3.903,19.82,1530.2,0
25.03,35.65,59.65,1319.5,1335.9,43.42,16.7,1.321,4.505,22.62,3596.0,0
28.41,38.7,71.41,1141.9,1138.3,50.93,11.8,1.161,5.285,24.19,5868.5,0
23.95,34.56,62.09,1109.9,1141.4,51.04,66.2,1.244,4.092,16.45,5264.0,0
29.33,38.92,72.5,2778.2,2752.1,22.33,18.3,2.508,7.253,11.96,1006.7,0
26.03,35.97,69.73,1201.1,1169.1,48.55,26.6,1.603,7.393,16.1,4571.9,0
24.04,31.87,70.1,1268.0,1241.7,44.97,209.6,2.955,6.063,13.59,409.6,1
30.04,40.42,69.46,1527.3,1530.1,40.36,101.0,1.286,2.529,19.96,3415.4,0
26.72,36.81,56.57,1034.2,1104.1,57.13,53.5,2.631,5.97,20.69,5217.3,0
30.67,39.56,65.67,884.7,931.7,57.53,3.0,3.276,6.621,14.31,2319.8,0
29.29,39.19,55.01,1206.4,1258.0,49.05,53.4,3.059,3.998,17.98,2151.2,0
25.25,35.0,59.15,1685.0,1621.3,34.56,22.2,1.437,3.437,19.81,4328.1,0
26.68,38.44,69.68,2263.9,2233.4,28.08,75.9,0.594,7.899,10.29,2485.0,0
27.09,36.03,73.42,1216.9,1277.6,47.54,3.9,1.439,4.356,19.43,5743.4,0
29.9,40.23,65.79,1001.1,1004.5,53.6,36.4,4.478,4.582,15.83,3478.9,0
27.73,36.63,68.72,3145.5,3099.2,19.71,18.7,0.614,4.18,13.1,2374.3,0
27.2,36.64,59.22,1086.6,1138.9,50.86,32.7,0.325,4.388,9.66,2894.0,0
26.45,36.73,64.99,1433.8,1353.2,37.45,20.4,0.798,4.707,16.55,1056.6,0
26.75,36.54,67.72,2867.0,2891.7,21.91,7.8,2.547,5.284,17.76,192.1,0
29.46,39.45,71.98,1332.7,1271.2,44.69,29.9,0.975,3.71,23.82,738.9,0
26.86,37.19,66.41,1188.5,1227.7,49.09,48.3,2.56,1.774,11.68,4157.6,0
26.06,35.57,56.88,1641.1,1636.5,36.49,10.2,5.527,5.928,19.79,5947.2,0
25.72,36.61,70.85,1772.7,1813.1,29.43,13.4,1.911,4.494,20.46,3684.3,0
25.74,35.44,56.39,1231.3,1197.0,57.12,16.1,0.636,3.452,13.53,3459.1,0
24.05,33.95,64.98,1644.9,1561.9,33.31,78.0,2.747,5.506,19.08,5542.7,0
25.35,35.71,70.51,1071.1,1044.3,51.59,3.9,6.967,5.376,9.54,1818.3,0
29.85,40.07,65.97,2349.9,2284.9,24.87,13.7,0.783,7.016,23.03,5285.8,0
26.44,37.08,62.64,1266.8,1259.8,44.16,49.1,0.598,1.643,14.35,5988.2,0
28.26,38.58,65.0,1435.5,1416.2,43.88,0.8,2.44,5.328,11.96,391.7,0
21.89,32.36,70.58,1221.0,1285.2,48.73,17.4,1.75,4.736,14.76,5029.4,0
27.99,37.66,79.98,920.6,878.0,54.93,30.4,2.87,3.919,15.52,5412.3,0
26.53,35.46,70.44,1860.1,1826.8,31.86,3.6,7.641,6.711,11.59,1043.1,0
25.89,34.46,73.38,1225.1,1185.7,45.21,19.0,2.96,6.506,21.36,673.0,1
27.21,35.54,66.48,2387.3,2422.6,26.33,83.7,1.624,5.362,16.51,4033.4,0
25.86,37.62,81.08,2320.7,2330.7,26.22,81.4,0.311,4.178,15.57,4733.9,0
22.6,30.39,54.81,1752.2,1661.8,34.22,51.5,0.765,6.809,10.73,5961.7,0
28.69,39.89,68.2,1437.1,1549.3,44.09,31.5,0.15,2.689,18.15,376.8,0
27.34,36.52,67.12,1123.7,1167.2,56.77,26.8,2.057,6.961,18.86,5041.2,0
26.22,37.41,58.59,1107.4,1085.9,58.59,30.7,1.05,4.172,17.15,1981.6,0
24.92,32.72,65.62,1620.7,1518.4,36.45,31.1,1.608,4.956,14.8,2224.5,0
23.91,33.68,43.25,1421.2,1426.6,43.06,6.7,1.758,7.458,13.41,2748.1,0
27.3,38.75,82.01,1262.9,1244.0,49.43,186.8,1.361,7.382,16.06,5455.3,0
30.08,40.79,74.51,1255.3,1231.8,47.65,59.4,0.48,5.962,15.83,2639.8,0
27.26,36.92,69.58,1499.3,1526.5,38.31,2.5,0.656,5.98,18.62,1940.9,0
24.08,32.14,60.88,1318.9,1350.3,40.76,63.6,5.907,5.582,17.68,2334.5,1
27.3,35.98,64.66,1572.3,1677.6,38.9,32.2,0.921,6.901,8.1,2879.2,0
26.74,38.13,65.59,1635.7,1573.1,37.92,14.4,3.124,6.287,16.82,2354.2,0
28.58,38.23,61.84,1666.0,1722.4,36.59,6.3,0.665,6.502,13.3,5501.2,0
28.06,37.99,62.19,1529.2,1473.4,38.8,7.4,0.287,3.969,10.61,5962.5,0
20.88,31.16,66.11,1674.5,1710.4,35.94,61.4,2.076,5.749,9.55,1351.1,0
27.94,36.64,71.42,2037.8,2037.1,28.65,32.5,2.029,5.292,12.09,483.1,0
24.84,35.25,58.17,1380.4,1411.2,48.63,39.6,1.04,4.3,7.84,2211.2,0
24.01,33.59,71.5,1373.4,1416.5,45.16,34.3,1.11,5.476,13.86,3535.3,0
26.47,36.77,64.52,1001.8,936.3,58.77,14.8,2.37,7.687,19.78,1445.0,0
27.67,37.09,68.47,1239.6,1167.0,43.7,9.9,0.61,6.267,15.03,5395.1,0
23.57,32.0,58.17,1548.6,1562.1,35.83,121.4,1.732,5.312,9.66,4439.7,0
28.26,37.83,58.22,1606.4,1512.2,33.74,26.3,1.792,4.911,10.85,602.0,0
28.38,39.02,66.13,1410.1,1438.6,40.47,6.6,2.061,4.874,24.36,3473.2,0
26.94,37.34,63.49,1442.9,1457.1,45.53,43.3,2.722,5.74,15.84,4493.5,0
25.11,35.15,78.58,1555.0,1474.4,37.55,67.2,0.957,5.432,16.01,5228.5,0
24.89,35.79,62.18,2130.6,2163.3,25.3,6.9,2.13,7.152,15.26,5733.8,0
28.9,38.7,66.29,1828.9,1862.1,32.61,5.5,1.643,4.847,7.79,1301.2,0
23.83,33.88,71.71,1298.7,1243.4,40.18,0.6,0.599,7.05,8.12,4928.3,0
28.98,38.5,79.85,1248.6,1282.1,47.4,1.9,3.403,4.788,10.58,2340.0,0
26.52,37.48,66.3,2335.7,2323.0,25.14,26.6,1.36,7.11,12.25,3206.0,0
26.66,36.95,64.71,1377.0,1292.3,42.65,85.7,1.317,8.826,11.14,365.1,0
23.43,32.88,63.53,1381.4,1441.6,42.21,63.0,1.574,8.906,14.49,2602.2,0
26.56,35.07,65.74,1634.1,1638.3,35.48,26.4,1.75,7.342,19.05,984.8,0
28.08,39.18,70.24,1779.8,1856.3,34.13,40.0,3.061,8.742,20.21,2445.3,0
24.18,33.43,62.59,1858.3,1815.9,32.64,156.2,1.894,4.061,12.93,5480.4,0
27.85,37.92,70.38,1463.6,1456.3,41.41,100.1,2.681,4.139,14.14,3123.5,0
27.03,39.38,65.68,1133.1,1149.0,51.27,52.8,0.991,5.734,16.48,1048.6,0
25.56,36.36,73.7,1156.7,1210.2,51.98,28.5,0.539,6.441,15.9,1644.3,0
28.56,40.17,72.14,2029.7,2000.3,28.76,38.5,0.847,5.42,15.31,4121.5,0
22.45,31.91,62.43,1601.2,1631.4,38.13,3.7,1.232,5.71,17.58,4581.2,0
27.54,38.61,72.58,3188.6,3147.9,18.06,10.4,0.737,6.944,18.14,3411.8,0
30.09,40.12,78.99,1451.7,1518.5,41.09,48.9,1.722,5.243,18.67,5369.1,0
29.73,40.1,62.48,1229.4,1108.3,45.98,18.6,2.568,4.664,15.23,1733.7,0
27.63,39.65,66.6,1145.5,1208.2,55.71,0.6,2.036,6.281,18.4,1675.3,0
26.25,35.97,48.23,2488.2,2448.4,22.14,0.2,3.184,6.013,3.68,4258.1,0
25.58,35.6,56.17,2096.0,2021.1,29.12,44.7,1.069,4.858,15.58,4053.1,0
26.24,35.34,67.63,1440.6,1541.4,41.44,70.4,3.073,4.851,17.67,3249.1,0
27.94,38.83,72.2,2557.3,2532.3,23.82,2.4,2.342,6.428,10.69,2630.8,0
25.24,34.67,63.4,1309.3,1304.2,41.72,25.3,1.607,4.49,19.63,937.9,0
28.36,39.39,76.79,1327.3,1368.9,46.23,20.0,0.55,3.37,6.42,5997.2,0
31.12,39.47,70.62,2161.6,2186.6,27.19,12.9,1.548,3.489,7.7,3757.3,0
26.73,37.27,69.75,1481.6,1514.4,41.33,91.5,1.51,3.676,15.24,3804.7,0
24.16,33.52,72.47,2176.4,2189.6,27.88,155.4,5.053,3.706,4.81,4846.8,0
24.16,34.89,62.54,1025.7,988.3,53.75,0.3,1.933,6.124,15.14,1422.3,0
28.4,38.39,66.46,1366.1,1388.3,42.07,3.4,0.431,5.01,20.22,1164.9,0
26.73,36.2,58.76,1672.2,1782.4,33.6,11.2,2.936,6.423,14.96,200.8,0
28.6,38.22,66.49,2302.1,2337.9,27.62,32.0,1.843,5.725,12.11,4760.5,0
25.78,34.93,48.16,1410.8,1395.6,43.89,1.1,2.534,5.44,19.01,3822.8,0
28.51,39.35,67.1,1186.4,1168.9,53.58,4.3,2.227,5.784,6.14,5778.9,0
26.53,35.48,59.23,2055.6,2055.5,32.28,43.2,2.955,6.622,16.74,1146.7,0
25.38,35.12,66.55,1618.6,1566.3,35.6,20.4,3.193,4.436,14.88,4568.6,0
26.05,36.39,71.33,1799.6,1858.4,32.48,28.4,4.934,6.28,8.83,192.4,0
24.46,36.07,67.83,1043.1,1009.9,55.55,63.8,2.975,6.043,13.29,282.9,0
30.83,40.82,68.17,2802.0,2825.1,20.91,65.7,1.116,7.03,15.09,2740.9,0
26.66,36.41,70.13,1167.2,1306.5,52.86,154.6,0.532,2.462,16.07,4929.2,0
28.14,38.41,70.93,1640.4,1606.6,36.23,37.9,0.623,6.412,22.22,4497.5,0
25.78,33.7,65.18,1659.3,1636.4,39.28,26.0,0.812,6.247,14.01,3233.2,0
24.75,33.55,66.89,1660.5,1679.1,36.59,41.8,1.172,4.433,13.71,4685.5,0
26.38,36.01,74.02,1464.0,1513.8,42.4,31.0,0.714,4.718,12.56,5463.9,0
29.05,38.34,66.73,1872.7,1825.0,32.7,19.2,1.478,4.394,12.19,1275.1,0
25.81,34.21,65.41,1203.7,1231.8,50.58,15.1,5.425,5.803,23.74,3393.5,1
25.11,35.97,64.58,1085.6,1103.8,50.99,71.9,1.802,6.585,19.23,3756.7,0
27.16,37.42,80.56,1956.2,1894.7,30.17,53.5,1.819,4.718,9.11,5323.1,0
27.85,37.99,65.57,1383.4,1356.9,46.67,25.8,1.173,7.868,15.93,578.1,0
30.14,39.44,69.41,1654.1,1714.6,36.44,11.5,5.15,3.957,13.08,533.1,0
27.56,37.64,63.17,1425.2,1396.2,40.52,5.0,2.622,2.617,15.7,4063.4,0
28.14,38.65,71.02,1123.6,1035.8,55.25,13.6,2.001,3.913,4.9,5073.1,0
28.29,38.02,68.39,1822.8,1803.1,33.26,1.2,3.788,5.213,8.35,2113.6,0
24.54,34.99,58.63,1141.6,1217.5,49.27,18.5,1.447,5.856,14.31,3233.2,0
24.92,34.13,55.72,1260.8,1149.4,44.57,0.4,2.132,6.028,17.83,3245.9,0
24.68,34.78,60.25,1639.7,1640.8,38.06,50.8,3.471,3.757,14.51,2643.3,0
24.19,35.33,71.1,1411.9,1433.4,43.67,10.1,6.508,5.348,10.1,953.8,0
28.44,39.67,67.18,1414.3,1412.4,42.48,5.5,0.755,4.926,16.9,5899.6,0
27.43,38.76,65.88,2096.4,2013.0,28.42,38.2,0.809,7.448,13.91,4708.1,0
27.01,37.29,57.41,1771.2,1749.0,33.93,43.0,4.049,4.741,13.85,1822.7,0
21.66,31.7,59.32,2080.0,2041.7,29.55,39.7,1.881,6.141,11.51,3739.2,0
30.96,40.51,75.88,1573.9,1666.9,37.23,30.4,1.506,5.779,20.95,1751.3,0
25.06,33.25,75.77,1231.8,1169.3,53.45,59.3,4.888,7.982,14.94,5680.8,1
30.95,39.61,72.41,1177.3,1204.7,45.81,48.4,4.252,6.246,19.32,3777.3,0
23.95,33.78,63.28,2441.4,2381.7,25.67,76.8,2.655,3.904,13.85,4290.1,0
25.23,35.12,53.52,1712.8,1744.3,37.27,47.1,1.972,8.576,8.03,2583.8,0
22.44,33.86,57.67,1560.7,1536.7,42.34,96.9,0.785,5.815,16.46,60.9,0
27.57,38.89,68.65,1189.3,1158.9,47.44,78.8,1.573,7.632,17.23,2481.1,0
24.65,33.96,53.49,1826.4,1890.3,33.49,0.3,2.444,6.051,9.12,3253.1,0
24.7,35.52,60.73,2188.2,2156.4,27.63,15.1,1.799,5.59,19.18,5612.9,0
24.1,33.63,60.94,1463.9,1380.5,39.44,36.9,5.231,5.808,13.27,1289.4,0
28.4,39.09,71.81,1270.3,1227.9,45.69,4.3,2.144,2.762,19.95,4584.8,0
28.27,39.08,61.62,1469.2,1464.0,42.35,6.0,1.486,3.902,15.99,406.9,0
30.47,41.72,74.14,1940.4,1978.1,31.15,60.0,2.866,6.047,12.19,3615.6,0
25.48,34.99,72.3,1097.6,999.4,57.55,6.3,5.532,8.095,13.01,3282.1,0
27.29,38.3,63.49,1529.3,1511.6,39.01,38.9,3.912,4.039,21.79,4354.8,0
24.27,32.4,50.43,1414.7,1346.9,41.94,52.5,0.44,6.474,18.13,4038.9,0
26.18,37.48,72.09,1777.1,1677.7,33.38,78.5,2.258,7.025,16.15,5110.0,0
25.81,35.79,65.02,1218.2,1299.2,51.07,7.3,2.583,6.395,18.6,1211.7,0
27.78,37.78,66.39,1367.1,1361.2,45.72,102.1,4.269,4.724,18.72,2228.1,0
28.88,36.85,65.87,1424.9,1353.8,43.15,2.6,0.693,5.918,19.57,3365.8,0
28.83,38.44,64.94,2204.3,2179.5,28.48,62.3,2.475,2.704,21.54,443.5,0
25.16,36.52,59.59,1186.0,1143.0,50.94,4.7,0.734,8.554,20.57,2892.2,0
28.85,38.42,68.86,1389.1,1341.4,47.57,51.1,0.264,8.974,23.25,4182.1,0
26.76,37.48,61.51,1189.0,1216.6,50.15,9.3,1.046,5.805,13.32,5220.6,0
26.2,36.24,63.16,1561.0,1643.9,40.37,54.8,2.339,5.3,12.72,5554.6,0
25.43,36.5,61.29,1467.4,1514.5,39.25,27.7,4.06,5.992,23.16,3608.2,0
25.73,35.92,62.91,1594.3,1535.1,38.18,28.7,0.996,7.899,16.45,4678.7,0
30.33,39.4,70.28,953.1,917.2,62.79,77.3,1.001,5.75,13.84,812.0,0
27.46,37.52,68.08,1667.0,1631.8,34.58,44.3,2.032,4.425,12.95,286.6,0
27.2,38.8,69.8,1822.9,1847.0,28.14,40.4,2.054,6.375,16.93,2990.5,0
26.33,36.82,69.06,1853.0,1876.1,36.27,147.6,1.776,5.869,12.3,971.7,0
31.74,41.63,61.37,1546.3,1497.3,34.67,61.4,0.613,5.762,11.52,4667.5,0
29.46,41.72,83.44,1186.9,1204.2,52.6,73.3,0.87,6.117,15.73,634.1,0
25.41,36.57,65.77,2160.5,2194.1,26.44,55.6,4.604,4.454,16.01,467.3,0
26.3,37.12,69.08,1768.2,1782.3,34.39,4.8,3.492,4.38,16.42,1710.6,0
26.42,36.74,64.1,1478.8,1437.2,41.91,43.3,1.368,2.631,11.46,2141.1,0
27.14,37.87,74.55,1009.0,1049.4,52.68,14.0,2.342,5.006,12.21,5662.4,0
25.45,36.21,73.1,1264.3,1296.9,47.13,19.8,2.583,4.838,18.69,5665.5,0
27.73,35.54,69.19,964.5,961.4,56.19,71.1,4.818,5.411,16.92,5614.8,1
29.75,40.15,66.04,1354.7,1398.2,43.46,105.3,0.289,6.861,22.18,788.8,0
24.22,34.06,62.74,1589.1,1638.4,37.96,1.9,2.588,8.059,15.64,1706.8,0
24.59,34.09,61.62,1401.8,1523.2,48.56,0.1,0.321,3.616,14.14,1715.7,0
25.88,35.69,67.02,2083.6,2092.2,26.33,10.3,0.729,7.231,8.61,2681.8,0
25.98,34.42,68.63,2763.7,2772.6,22.9,41.3,3.434,4.579,11.37,1025.3,0
30.85,39.04,74.97,1159.0,1086.2,49.76,6.7,3.678,5.924,12.37,4345.2,1
28.85,40.1,66.04,1450.9,1484.3,42.11,163.0,1.435,4.581,15.99,245.0,0
28.74,39.2,75.31,1343.3,1332.2,49.64,10.7,0.64,4.296,8.88,874.4,0
26.32,33.91,58.71,1798.8,1797.8,31.48,16.6,0.646,7.388,15.36,4168.6,0
26.28,35.7,71.85,1118.6,1041.5,52.85,171.5,2.691,4.301,15.73,1604.5,0
23.95,34.83,64.06,1272.2,1223.0,46.7,21.7,1.98,7.57,9.58,1391.8,0
28.41,38.13,75.39,1527.4,1513.7,39.69,29.6,1.954,6.366,14.08,4977.2,0
27.83,39.08,61.6,1310.7,1238.7,42.07,161.8,2.709,6.287,11.55,1738.2,0
29.42,40.47,64.32,1527.1,1565.3,43.47,16.4,0.831,4.315,15.74,2356.4,0
26.43,35.07,65.46,1674.5,1696.0,31.43,122.9,1.35,8.811,13.49,3107.8,0
26.57,36.42,71.06,1505.4,1542.0,36.15,21.8,0.816,5.533,19.85,2120.3,0
27.19,36.74,66.87,1360.4,1354.4,43.31,83.9,1.075,4.179,6.73,2988.8,0
28.63,37.24,64.84,1614.4,1690.9,35.75,4.9,0.913,5.088,20.03,4025.2,0
23.91,32.46,67.3,2455.4,2581.3,25.31,7.5,2.391,5.065,8.95,1259.9,0
28.32,37.52,89.55,1254.5,1246.1,42.95,112.9,4.086,5.327,18.21,3737.2,0
26.81,36.17,68.93,1355.8,1358.4,48.36,24.2,0.787,5.839,9.54,5495.1,0
24.73,35.02,66.04,1224.3,1221.2,50.69,0.7,2.662,5.1,16.72,1137.1,0
22.68,33.73,64.88,1222.7,1185.4,45.32,9.2,3.828,3.918,18.73,1423.9,0
26.58,37.09,66.64,1167.1,1083.6,48.18,26.6,0.941,3.657,13.26,2736.1,0
29.75,40.5,70.09,1251.2,1232.7,49.88,3.8,1.262,5.614,16.98,3695.8,0
30.2,39.93,72.26,1488.3,1525.8,40.8,27.1,1.601,2.051,12.0,2351.1,0
27.56,38.16,66.65,3232.7,3236.2,18.81,14.4,3.764,8.276,19.43,5059.7,0
30.77,40.63,67.67,1080.0,1047.8,51.6,27.2,3.377,5.094,11.35,79.6,0
26.76,36.32,56.48,2060.3,2120.9,31.07,88.7,0.023,6.713,11.63,4088.9,0
28.76,40.65,75.45,2055.0,2077.2,28.69,7.8,1.425,5.14,15.19,4620.9,0
25.95,33.62,68.46,2047.6,2196.9,28.97,14.4,2.026,7.516,18.16,3338.4,0
25.82,33.95,73.7,927.3,964.6,64.85,27.1,5.706,4.61,12.83,4385.6,1
25.49,35.88,69.71,1324.4,1351.8,44.41,15.7,2.391,8.452,14.22,4297.4,0
22.73,32.46,54.68,2052.2,2035.7,29.58,5.8,2.17,5.536,13.6,5521.4,0
29.42,37.99,71.66,1822.8,1864.3,33.17,35.2,3.833,3.281,19.37,3017.9,0
25.57,34.51,62.44,1437.7,1381.8,39.99,43.1,0.804,4.404,18.6,3169.9,0
25.25,34.32,61.37,1257.1,1263.7,45.42,115.3,1.994,5.801,11.21,5076.4,0
24.49,35.38,59.73,1483.6,1478.7,42.79,30.4,2.415,4.711,3.33,2968.6,0
26.44,37.65,64.87,1653.6,1684.8,30.71,10.9,1.111,7.19,8.16,3413.2,0
30.38,42.02,71.06,1337.4,1358.2,43.17,48.1,1.508,3.791,20.52,5685.2,0
31.04,39.45,70.3,1742.4,1751.8,33.89,42.5,0.195,3.955,21.55,1111.6,0
23.53,32.16,66.05,1307.6,1372.2,50.47,42.0,0.917,4.117,13.4,3516.1,0
26.14,34.71,67.12,1375.1,1455.5,40.56,0.8,4.029,6.206,15.48,1297.1,1
24.78,36.07,66.02,1859.3,1935.3,32.41,59.9,1.707,6.264,15.17,5196.9,0
28.83,39.24,57.95,1152.6,1199.0,46.89,14.5,1.261,3.691,14.99,4996.2,0
27.42,37.5,56.13,1282.3,1306.9,43.83,66.1,1.45,6.623,19.95,5320.8,0
25.58,35.81,71.09,1601.4,1646.8,35.25,18.5,2.66,6.569,19.77,3403.3,0
27.0,36.94,63.09,1468.3,1492.8,47.3,97.5,0.954,5.502,10.06,4941.3,0
25.9,34.77,61.64,1215.6,1265.3,46.29,24.4,3.053,4.066,11.62,2883.9,0
30.08,40.59,74.95,1227.7,1224.0,52.02,36.9,2.57,5.94,15.51,3622.2,0
27.94,37.76,65.03,1462.9,1476.9,47.1,13.2,1.257,4.476,22.83,3859.6,0
28.19,36.99,66.49,1498.6,1575.4,37.86,25.0,1.392,5.996,16.77,3885.3,0
21.52,32.09,61.91,2688.1,2734.2,23.09,3.0,3.275,4.476,15.9,707.0,0
26.72,36.29,51.84,1407.5,1447.8,41.87,81.6,1.205,4.565,13.46,3996.2,0
31.02,41.24,73.14,1542.5,1545.9,43.42,10.5,1.67,3.434,10.88,390.9,0
29.5,39.38,65.36,1536.4,1543.4,40.51,34.8,1.357,6.079,11.54,2064.4,0
23.16,34.05,56.91,3342.3,3298.5,9.89,22.8,4.683,5.367,12.54,2084.5,1
26.22,36.44,70.99,1204.8,1208.2,46.79,48.7,2.051,6.677,19.5,3263.6,0
24.45,33.56,67.81,2002.6,2014.0,30.88,66.4,1.937,7.868,19.92,4176.1,0
30.27,40.59,66.79,1064.3,1082.0,46.86,24.6,2.814,4.634,18.92,5317.9,0
27.34,37.69,68.62,923.5,866.2,57.01,6.8,0.653,3.611,12.77,4779.1,0
25.31,35.83,69.38,1669.3,1753.4,37.47,23.5,1.645,6.169,14.74,4377.7,0
26.92,37.95,79.69,1350.4,1334.3,44.38,17.7,2.106,7.518,26.7,4024.6,0
21.64,31.02,54.92,1461.7,1392.2,40.33,49.5,0.756,4.078,17.81,3358.5,0
24.68,35.35,56.18,1422.4,1384.2,45.26,39.7,3.417,4.201,13.65,2589.6,0
26.92,35.2,64.39,1474.5,1424.1,41.03,12.7,2.112,4.98,10.82,3149.1,0
28.54,38.42,71.76,1705.8,1672.5,34.83,5.2,1.58,7.875,17.99,2419.4,0
22.97,32.69,53.45,1834.5,1857.5,30.95,3.8,0.739,4.431,16.3,81.8,0
26.09,37.54,76.26,1086.7,1142.3,55.9,38.8,1.073,6.346,11.89,600.2,0
28.87,38.71,66.92,1055.8,1042.3,44.39,45.1,0.842,5.263,17.45,622.0,0
23.95,34.56,62.83,1227.9,1104.2,48.31,32.2,2.053,7.398,10.89,2778.7,0
27.31,35.55,65.66,1401.0,1333.0,43.99,38.3,4.248,6.089,21.91,1599.9,0
26.98,36.63,60.23,1197.3,1220.0,49.76,41.3,1.505,6.583,13.68,3608.1,0
30.28,39.43,61.7,1892.5,1836.7,31.04,21.4,3.787,5.226,18.21,4452.6,0
26.39,38.87,60.81,1400.5,1396.4,40.83,49.1,3.5,4.139,20.42,3437.8,0
26.51,35.84,67.83,1438.9,1376.7,45.05,41.8,1.736,6.353,12.29,4263.7,0
28.56,38.63,77.1,1040.3,1034.5,52.93,38.3,1.145,6.479,16.84,5617.7,0
24.2,34.32,56.97,842.8,828.7,66.73,30.1,0.895,4.574,23.65,2039.0,0
26.41,34.82,74.59,1530.2,1520.3,44.08,27.3,0.242,5.172,21.32,4486.7,0
25.94,35.41,68.01,1843.6,1821.5,33.39,35.1,2.262,6.275,6.69,5675.1,0
26.57,36.98,62.99,2235.8,2162.8,28.04,17.6,2.728,2.792,17.02,3640.3,0
28.55,38.63,67.07,2015.7,2066.5,30.95,21.5,1.878,4.886,20.84,5884.6,0
27.96,35.66,67.07,2101.6,2089.8,32.26,41.2,1.44,5.605,19.32,302.2,0
25.35,34.79,66.05,3342.3,3385.1,10.99,1.7,4.596,5.306,17.24,1203.4,0
27.12,38.14,69.86,1960.7,1966.2,33.24,62.0,2.508,6.199,21.13,5824.9,0
29.83,40.42,60.63,1272.6,1300.6,47.17,87.0,2.082,2.548,15.58,1594.6,0
25.19,36.41,64.15,1627.7,1612.5,40.75,1.6,0.471,5.539,26.57,688.8,0
27.14,36.15,50.72,1686.6,1683.5,37.41,31.4,1.674,3.294,11.7,444.3,0
26.46,37.74,75.59,2571.1,2534.5,23.78,32.8,1.499,6.63,16.5,2013.9,0
26.72,36.68,72.14,1198.5,1200.4,50.5,9.0,1.385,5.041,12.91,2651.5,0
23.59,35.18,67.95,1141.4,1154.0,45.12,1.3,2.371,4.046,20.44,4329.4,0
29.67,39.67,65.6,1435.5,1375.1,39.87,38.3,1.652,3.581,15.53,1150.7,0
25.3,33.25,66.51,3342.3,3356.0,17.97,32.4,4.818,6.397,7.98,2578.2,0
28.9,39.75,75.44,1785.2,1822.2,35.09,5.5,1.461,5.472,7.82,3042.0,0
25.61,35.16,61.7,1531.4,1616.9,44.34,17.2,1.689,6.337,8.44,5737.5,0
25.6,35.22,64.35,1552.8,1551.7,39.71,14.2,3.874,5.065,7.63,3257.7,0
29.28,37.82,71.0,1495.7,1480.4,41.92,40.5,0.495,2.611,18.16,3157.9,0
28.84,40.46,66.4,1278.0,1194.7,46.85,57.7,0.636,7.564,13.03,5551.1,0
27.27,36.75,60.83,1377.8,1357.3,41.55,1.8,0.629,6.263,15.78,4743.9,0
28.37,39.95,81.31,1326.8,1360.0,46.5,51.0,3.365,6.853,17.54,2740.6,0
26.27,35.84,67.6,1810.0,1798.5,31.56,83.4,1.8,3.127,8.8,3189.4,0
26.83,35.91,65.59,2251.6,2136.6,27.77,59.5,5.502,9.553,13.16,5593.4,0
25.53,36.85,85.54,1265.5,1250.3,44.77,69.2,2.253,6.692,24.05,1113.8,0
28.66,38.58,68.97,1232.2,1228.6,46.82,4.1,1.663,9.165,20.08,3843.9,0
25.46,35.4,66.23,1372.9,1376.4,45.19,72.1,0.405,5.578,17.47,5959.8,0
29.82,38.54,58.02,1387.2,1457.5,41.32,18.6,0.649,6.029,16.97,4802.6,0
26.22,35.76,59.48,1437.1,1465.7,36.76,19.9,1.132,6.134,14.9,5644.4,0
26.89,37.32,68.98,1470.4,1429.5,42.11,10.5,5.998,3.523,10.99,868.8,0
28.37,37.07,55.54,1447.4,1441.9,43.79,44.6,1.668,6.129,22.05,2059.0,0
26.9,36.36,62.42,1423.2,1380.7,44.39,20.8,3.639,5.851,7.95,4208.8,0
26.25,35.83,68.33,890.7,915.4,66.07,13.0,1.368,5.642,8.99,537.4,0
26.79,36.86,61.84,1721.4,1716.3,30.79,135.5,0.215,5.234,15.47,3800.2,0
28.64,40.12,65.94,870.6,882.1,72.26,8.7,0.75,5.408,15.44,5770.5,0
25.52,35.22,69.63,2221.4,2197.5,27.43,37.2,1.574,7.854,21.32,2344.0,0
26.6,35.91,69.18,1336.3,1249.8,43.86,100.6,1.891,4.844,6.8,4770.3,0
26.87,39.62,67.74,2087.3,2092.0,28.05,23.1,3.01,5.148,16.84,883.8,0
28.58,38.15,75.11,1393.9,1413.0,43.06,34.0,0.583,6.492,15.89,2835.0,0
26.65,36.46,67.81,1370.4,1435.3,49.82,45.4,1.417,6.107,14.79,3442.9,0
30.47,40.11,72.68,1516.5,1524.0,40.33,18.8,1.47,6.048,9.39,168.7,0
26.54,36.26,74.5,1194.3,1178.0,49.73,39.0,0.488,5.366,13.22,3232.3,0
26.37,36.45,67.97,1644.2,1727.5,35.76,5.6,0.526,3.824,13.92,4448.8,0
26.51,37.43,63.8,3134.3,3124.4,19.5,14.9,0.667,3.671,24.69,5587.9,0
24.22,34.62,72.22,1290.2,1264.2,46.27,195.1,1.377,5.93,17.52,2259.7,0
24.78,35.85,66.88,1505.0,1505.6,40.31,21.5,0.61,4.638,10.25,3470.7,0
25.79,36.83,54.13,1721.9,1717.9,35.2,25.5,1.648,5.912,21.58,5762.8,0
29.12,39.33,66.69,1631.8,1598.4,35.89,23.7,3.131,5.583,18.04,4461.7,0
26.78,37.16,72.77,1257.0,1201.6,44.07,223.0,2.128,8.427,15.52,4482.4,1
25.88,36.99,73.02,2062.4,2064.5,31.85,34.3,4.659,4.945,14.7,3498.9,0
29.3,38.19,80.68,1296.3,1216.9,43.75,34.3,1.405,6.509,12.9,1192.3,0
29.95,42.45,74.18,1210.9,1190.7,51.89,55.5,2.855,3.714,15.68,2811.9,0
29.36,38.85,71.38,1040.9,1021.8,60.6,12.7,1.633,6.341,17.14,1658.1,0
25.14,34.79,69.64,1085.9,1084.4,54.05,127.6,1.007,6.671,15.36,1350.3,0
25.86,34.65,60.2,1478.7,1486.2,41.62,10.4,0.807,7.101,14.2,3301.1,0
30.48,39.3,77.91,1413.2,1391.2,42.58,92.3,1.243,4.861,16.05,2501.8,0
27.33,38.31,51.66,1646.9,1636.9,36.0,57.1,1.092,6.804,17.7,3386.4,0
26.31,38.58,61.6,1604.9,1614.3,35.34,46.7,1.605,7.743,16.53,5157.1,0
28.29,37.72,77.5,1223.5,1217.5,48.72,10.6,0.498,4.805,17.77,66.8,0
28.86,39.21,69.2,1538.3,1503.6,36.92,100.3,0.294,5.87,11.56,881.6,0
25.71,35.93,62.98,1427.7,1429.7,43.66,28.8,0.743,6.214,17.58,2953.6,0
27.29,38.29,81.71,2043.4,2133.7,30.37,18.1,1.564,4.744,10.19,4104.4,0
28.7,40.92,74.66,1018.4,1023.9,53.7,24.6,0.525,5.124,18.55,3796.7,0
24.53,36.05,67.56,1876.2,1888.3,36.78,22.9,3.671,4.705,8.64,5813.2,0
26.87,36.64,70.31,1238.7,1210.8,50.88,20.6,1.187,5.871,19.6,3208.2,0
24.62,35.15,59.35,1795.2,1775.0,32.96,4.3,2.739,4.509,19.43,337.6,0
24.88,35.51,63.2,1853.7,1819.3,32.43,42.9,0.812,4.032,16.43,4989.6,0
25.72,35.7,56.77,1087.4,1080.4,53.28,15.7,0.413,8.36,12.28,3102.5,0
27.8,36.71,72.81,1830.3,1866.9,33.74,14.6,0.017,6.293,14.66,5342.1,0
26.21,35.41,63.85,2507.7,2500.3,24.32,24.9,1.059,3.939,18.75,3595.6,0
25.55,36.7,66.05,1996.2,2047.3,29.6,18.7,0.779,3.717,17.71,5825.7,0
26.95,38.2,71.68,1252.9,1255.1,48.57,39.9,0.786,2.017,12.54,1741.5,0
24.56,34.35,62.06,1325.8,1282.8,47.61,32.6,0.35,4.049,13.38,1306.5,0
27.71,37.97,63.68,1915.5,1916.4,32.37,27.8,1.422,3.62,25.14,5194.7,0
29.11,40.31,69.97,1793.0,1749.6,33.68,9.2,1.459,5.453,9.87,1237.2,0
26.69,34.99,67.16,1429.2,1390.4,46.73,81.3,2.19,5.154,6.02,3490.6,0
26.44,36.0,79.1,1087.5,1070.2,53.16,0.2,1.353,3.461,6.78,2508.2,0
27.6,39.61,61.52,1624.0,1713.8,39.31,134.3,2.381,6.717,14.91,3530.9,0
22.79,33.09,60.23,1253.1,1296.8,45.54,1.2,6.014,3.483,12.14,833.7,0
27.92,36.79,72.83,1195.1,1138.9,48.73,2.0,2.185,6.65,14.3,4396.5,0
33.05,43.17,77.81,1075.9,1071.1,61.53,9.0,1.745,4.071,18.71,553.0,0
26.6,37.63,68.02,2072.8,2128.8,28.44,36.5,1.773,6.887,22.61,1179.4,0
26.61,34.07,62.87,1877.7,1902.1,33.31,13.6,0.972,4.403,15.7,3790.0,0
28.34,38.51,70.87,1710.0,1706.2,34.94,29.9,0.767,4.396,15.59,4773.1,0
30.14,39.77,69.84,1196.9,1107.3,48.28,55.6,1.174,7.395,22.13,4244.2,0
28.8,37.16,58.28,1629.3,1574.0,37.48,36.4,0.777,3.749,17.45,2757.7,0
22.54,32.62,61.89,1394.6,1385.0,43.12,3.1,0.95,7.242,17.08,2021.0,0
27.98,37.84,69.65,1462.2,1514.5,41.22,64.6,0.731,5.015,20.5,331.2,0
31.99,41.97,70.37,1379.4,1448.4,40.02,37.4,1.215,4.249,14.32,1263.0,0
28.09,37.75,66.88,1621.5,1594.5,41.07,13.8,1.155,5.666,9.13,1242.4,0
24.54,33.52,61.05,1149.9,1193.4,50.3,27.6,1.33,6.15,15.11,338.1,0
27.41,35.96,72.41,2050.3,2009.6,30.29,3.8,1.781,3.837,11.52,3084.6,0
24.29,33.6,65.04,1552.9,1581.7,38.52,67.2,0.68,5.442,13.44,4235.4,0
29.32,40.17,71.34,2212.0,2094.8,27.85,26.6,0.916,5.928,12.33,3470.5,0
24.94,35.17,62.5,1551.0,1498.1,42.27,3.5,0.45,3.847,15.01,4071.2,0
27.0,36.93,73.21,1655.4,1599.3,38.04,6.8,2.286,6.656,15.84,280.8,0
25.13,34.09,57.35,1067.7,988.6,50.69,19.4,5.209,6.614,9.32,4837.9,0
25.76,35.38,59.49,1539.8,1550.0,39.95,107.1,1.749,5.927,20.62,4993.3,0
29.82,40.56,76.68,1734.7,1686.5,35.56,111.1,2.282,5.928,18.49,5469.8,0
27.06,37.56,65.23,1649.3,1598.3,37.53,56.8,0.646,5.672,10.68,2442.3,0
25.73,35.25,65.19,1047.7,1041.7,57.23,0.4,4.072,4.58,16.18,5938.2,0
24.56,31.95,71.53,2417.7,2352.9,24.3,4.6,2.72,5.696,24.63,282.4,0
23.11,32.43,67.09,1618.7,1554.1,33.72,98.1,0.245,8.002,15.7,5298.1,0
24.35,33.86,64.27,1433.4,1455.5,40.36,41.8,1.324,1.106,15.11,2448.3,0
27.07,36.17,58.28,1889.1,1911.3,33.64,3.6,1.556,3.991,9.33,1169.2,0
28.81,38.4,64.16,1367.4,1422.0,44.91,9.7,1.575,4.318,11.91,3334.8,0
25.73,36.55,73.31,1463.7,1516.1,39.44,135.6,0.594,4.038,15.56,5290.5,0
29.99,39.95,62.37,1610.8,1552.0,42.56,52.4,0.717,3.769,17.47,1193.3,0
25.41,36.4,68.02,1488.5,1488.8,41.18,42.6,0.686,5.695,12.78,230.8,0
26.37,34.87,73.15,1528.3,1602.7,38.97,39.0,2.144,7.313,15.47,2257.8,0
24.69,34.39,64.38,2056.2,2093.4,27.09,232.5,2.885,5.286,22.17,724.3,1
28.83,36.89,51.62,1345.5,1291.1,41.76,30.0,5.084,8.614,16.48,4467.1,1
31.05,40.62,75.62,2794.7,2819.6,22.37,6.4,0.846,8.29,19.56,4246.5,0
23.33,32.28,58.17,1763.8,1726.7,33.28,75.2,0.681,6.738,14.48,2351.4,0
26.16,37.44,57.96,1388.2,1372.2,44.89,12.5,0.222,4.873,19.33,4157.7,0
29.38,39.79,68.3,1154.5,1176.1,51.9,0.8,0.445,3.457,17.12,1764.2,0
23.96,34.97,70.21,892.1,914.6,63.49,57.7,0.409,5.795,11.78,737.4,0
27.98,37.55,64.83,1624.3,1608.4,35.72,45.8,5.706,6.533,10.89,2897.9,0
29.29,38.27,72.68,1901.7,1819.6,31.35,29.0,0.221,6.187,20.26,5906.3,0
27.01,35.95,72.47,1537.7,1521.4,45.22,12.3,1.792,7.947,17.49,4767.1,0
27.95,38.22,65.24,1069.5,1071.0,58.7,107.8,2.331,8.992,11.08,179.3,0
30.37,42.18,82.64,1095.4,987.2,55.33,15.1,0.26,7.136,14.86,1286.4,0
30.75,41.16,76.99,1926.5,1905.8,29.65,82.0,2.257,5.59,17.41,2593.1,0
26.73,36.35,69.74,1679.6,1638.8,38.59,1.5,1.371,4.568,7.06,2417.7,0
25.79,35.6,70.2,1191.4,1168.4,48.5,13.6,0.931,4.229,15.92,2681.6,0
25.01,34.98,63.94,1244.4,1215.4,49.2,76.9,4.856,7.162,17.78,5138.0,0
28.8,40.83,71.43,1296.8,1200.3,45.92,65.6,0.23,4.733,15.25,3722.5,0
24.11,35.34,55.41,1838.3,1808.4,35.51,24.7,1.728,4.801,18.04,876.2,0
26.34,36.6,62.72,1314.1,1282.7,45.83,62.3,2.911,4.761,10.98,3035.5,0
27.06,37.17,65.18,1254.9,1271.2,49.29,4.3,1.353,5.997,22.53,1204.9,0
25.84,36.14,76.94,2016.8,1943.4,30.68,44.2,4.281,4.49,3.17,40.0,0
27.41,37.9,74.35,1159.7,1158.5,53.3,145.1,0.811,7.7,8.74,886.0,0
31.98,41.57,70.99,1156.0,1099.1,49.92,33.9,1.299,3.533,18.18,4013.2,0
26.61,35.76,66.26,1839.7,1861.8,32.58,118.4,4.188,7.63,15.73,5702.0,0
25.98,37.01,65.27,1248.7,1294.4,49.25,159.5,8.679,4.192,8.07,1838.6,0
28.88,38.9,71.2,1162.3,1220.0,48.13,68.4,3.457,3.547,19.7,5914.4,0
27.33,38.28,73.31,1169.2,1264.6,48.51,106.9,1.881,6.058,10.47,265.5,0
29.73,41.37,71.46,1222.6,1075.8,55.76,20.2,0.23,6.438,17.48,3317.3,0
27.18,37.7,66.38,1523.2,1483.3,39.9,90.2,0.894,5.848,4.23,4688.9,0
26.35,36.71,64.25,1299.4,1349.6,43.32,35.4,0.716,5.843,8.78,2643.4,0
23.28,36.48,62.95,3342.3,3289.8,13.61,12.5,3.561,6.154,18.74,3538.7,0
23.61,33.82,62.51,1251.2,1320.0,51.16,57.8,2.112,5.42,22.8,2996.0,0
23.18,32.09,66.25,1212.4,1215.6,50.2,15.1,1.257,4.281,15.71,4678.7,0
27.61,37.33,72.95,1088.8,1098.1,53.56,33.6,1.918,3.894,15.51,5146.0,0
24.13,35.68,55.57,1984.1,1953.9,30.63,35.3,1.512,6.075,9.04,1436.8,0
29.36,38.07,64.77,1241.1,1292.7,49.62,8.3,1.652,6.271,12.2,4007.3,0
26.91,36.16,61.38,1163.4,1202.5,50.19,46.9,2.821,6.792,11.09,2452.1,0
26.36,37.47,64.03,1836.4,1845.8,33.49,22.2,0.465,4.501,12.0,173.1,0
25.16,34.89,64.88,1163.8,1053.9,50.56,11.8,1.414,7.139,8.89,4835.4,0
28.09,37.98,62.15,1438.4,1384.8,44.63,69.0,0.298,8.31,18.01,4895.5,0
25.24,36.31,68.4,2466.6,2341.4,23.02,56.6,1.695,5.423,13.06,2132.3,0
24.88,34.16,68.04,1261.5,1305.5,45.84,72.3,3.011,3.249,20.75,2287.8,0
29.23,37.76,73.81,1723.3,1777.7,32.33,64.1,1.915,3.764,11.23,1799.3,0
27.56,36.17,62.95,2806.0,2783.2,23.24,4.6,0.933,4.644,14.12,5524.2,0
26.38,36.96,74.05,1367.6,1366.4,43.67,56.9,1.412,2.479,15.45,5656.1,0
28.13,38.39,66.89,1506.3,1492.1,39.35,7.4,0.467,5.658,12.98,4988.4,0
26.87,36.18,64.74,1084.6,1158.3,54.04,8.2,1.926,6.098,8.9,2783.2,0
27.62,36.46,60.5,1457.8,1461.3,41.82,20.9,0.398,5.998,16.07,2450.6,0
25.22,34.95,66.73,1172.3,1144.0,47.79,182.3,1.302,3.363,18.21,5838.3,0
30.99,42.11,62.66,1303.1,1299.5,45.09,84.3,1.024,2.554,16.25,1150.0,0
25.69,34.85,64.59,1129.6,1130.5,50.21,103.6,1.916,6.53,19.29,3530.2,0
29.96,39.3,67.37,1887.4,1904.9,31.14,10.8,1.406,8.763,11.96,5705.1,0
26.47,35.28,62.96,1442.8,1397.7,41.99,50.6,1.358,7.629,23.9,5237.6,0
28.46,38.1,59.71,1500.1,1451.0,38.59,10.5,0.167,5.457,14.27,425.5,0
28.32,38.66,67.27,1234.8,1141.3,46.54,20.8,1.543,4.188,14.33,113.5,0
29.14,41.26,77.68,1460.4,1418.5,42.56,38.1,1.414,4.645,17.29,937.2,0
25.17,35.39,77.72,1779.8,1803.3,33.86,37.4,1.183,6.254,22.81,2897.4,0
29.0,38.95,67.81,1686.2,1699.5,36.62,176.7,1.614,4.641,13.76,3564.7,0
30.54,41.41,70.43,1030.7,1078.8,56.49,10.3,0.573,4.971,20.25,1558.9,0
26.33,37.03,71.46,2384.0,2237.9,23.06,154.6,1.62,5.407,15.69,1965.5,0
26.92,36.34,75.85,1186.5,1210.3,47.09,101.5,1.618,7.26,8.08,1461.5,0
25.8,38.11,73.89,1206.6,1187.3,52.41,41.6,0.48,7.478,16.03,5785.9,0
26.16,36.13,71.57,1318.9,1314.9,45.79,44.6,1.731,7.68,14.39,5096.8,0
30.27,40.51,75.27,984.9,968.2,59.71,58.3,2.881,3.574,21.31,1294.3,0
24.84,35.39,53.61,1191.1,1174.2,49.39,7.6,1.553,5.086,10.97,432.0,0
24.97,35.31,51.97,1294.2,1291.7,43.84,31.1,0.465,6.103,12.67,4408.3,0
30.07,41.6,74.32,1609.6,1653.6,35.33,1.9,2.242,4.671,10.34,2636.5,0
28.1,37.51,68.0,1254.9,1302.7,44.03,64.2,0.453,4.614,18.37,791.6,0
31.09,41.87,57.51,1250.0,1180.9,46.82,1.4,0.688,7.825,14.9,3060.7,0
25.95,36.11,64.67,1286.0,1301.6,40.04,1.3,0.487,9.06,16.62,454.9,0
27.1,38.09,62.11,1917.7,1873.0,32.57,21.9,1.274,4.146,17.11,736.8,0
25.53,35.31,58.19,2076.2,2077.2,27.96,29.0,4.245,4.241,6.1,3972.2,0
27.14,36.79,78.85,1501.7,1502.9,41.85,7.8,1.008,3.832,5.48,2688.2,0
23.3,34.03,63.93,2247.3,2279.7,25.2,2.7,0.826,5.039,19.6,2567.4,0
28.22,38.58,61.33,1582.5,1510.4,35.28,30.2,6.103,8.078,12.23,3843.9,0
27.5,36.68,64.64,3342.3,3365.4,15.68,23.5,1.152,4.477,17.53,1192.7,0
26.73,38.08,80.52,1155.0,1160.2,48.33,2.1,0.707,5.798,15.18,4791.9,0
26.07,36.8,67.16,1124.8,1173.1,51.54,43.4,0.479,9.158,22.28,1351.8,0
25.06,34.99,55.99,1414.5,1388.2,40.79,25.8,1.295,6.111,14.53,3975.2,0
28.31,37.84,79.29,917.9,945.9,58.31,20.9,1.166,6.941,18.37,2134.0,0
24.51,34.87,68.23,1157.6,1101.1,53.47,12.1,3.497,4.691,15.21,1754.6,0
27.87,38.53,73.22,1414.9,1371.2,44.8,59.1,1.21,5.12,15.87,1971.8,0
31.0,39.4,69.11,1553.3,1561.6,38.87,1.3,0.12,6.457,13.47,888.1,0
29.82,40.2,70.0,1560.7,1513.2,36.51,190.6,0.811,7.091,15.47,1993.9,0
23.84,34.49,68.39,1302.9,1323.0,45.62,0.9,0.462,3.282,13.22,1492.5,0
25.78,33.42,67.07,1512.0,1397.9,38.59,18.3,0.927,5.921,10.74,4030.7,0
27.69,37.89,67.48,1203.0,1199.6,45.48,9.6,1.086,4.93,13.14,4646.2,0
26.71,37.4,64.79,1349.0,1347.4,46.22,93.8,0.768,3.053,13.72,1940.0,0
24.05,34.63,69.58,1787.2,1763.0,37.7,0.1,0.724,4.769,17.08,2045.5,0
27.62,38.42,72.73,1206.6,1245.9,50.96,1.2,0.666,6.109,9.95,5581.1,0
26.83,36.5,61.76,1596.7,1607.3,37.71,61.1,1.446,5.728,9.23,245.5,0
30.68,39.64,70.97,1449.8,1426.2,40.21,59.9,1.209,6.967,17.2,1080.1,0
26.34,34.54,63.06,1813.0,1779.1,30.22,134.9,1.111,6.317,14.63,3310.5,0
29.19,40.28,59.53,1592.1,1593.9,37.29,78.2,4.226,4.126,21.38,369.5,0
24.32,35.02,51.8,963.3,961.7,61.58,80.7,1.679,4.414,9.31,1148.8,0
24.79,35.96,63.43,2040.4,2030.8,31.0,32.6,1.94,7.027,13.09,3210.1,0
28.29,37.57,58.02,1452.7,1488.3,44.38,29.4,1.494,6.533,21.02,887.4,0
29.02,39.82,76.11,1567.5,1515.4,35.46,33.6,0.413,6.827,8.1,5448.5,0
24.94,33.43,60.65,3342.3,3332.0,17.86,51.9,0.151,5.051,17.06,2474.1,0
26.9,36.03,66.43,1384.3,1470.6,45.59,22.0,0.78,7.941,15.2,403.8,0
24.09,34.21,78.06,1794.4,1783.4,34.44,44.4,1.253,5.512,18.16,1576.1,0
26.49,37.15,62.87,1400.1,1367.8,43.19,14.8,1.511,9.595,18.32,3600.0,0
28.52,40.2,66.95,1355.4,1346.5,49.9,11.1,0.624,5.751,10.96,3912.5,0
25.98,35.74,72.67,1492.5,1466.8,42.35,107.0,2.778,6.087,20.93,1208.7,0
26.35,35.49,65.14,1443.8,1427.6,43.28,21.7,0.531,7.643,15.54,1631.0,0
24.59,33.67,68.85,1943.2,1968.9,31.32,19.1,1.217,4.197,16.06,5833.2,0
25.55,34.87,63.7,1359.1,1369.4,47.07,15.2,1.742,5.575,16.86,4744.8,0
30.37,42.59,75.56,1562.1,1460.2,38.1,17.9,1.605,4.196,17.73,456.3,0
27.0,37.75,74.05,3086.1,3149.4,20.02,40.1,5.828,5.701,10.12,3500.5,0
24.85,35.96,72.0,1297.0,1280.3,48.27,24.4,2.049,3.314,16.21,1004.6,0
26.22,35.98,61.95,1173.8,1136.8,51.33,51.0,1.517,7.588,16.34,1847.3,0
23.66,33.65,51.55,1139.3,1159.9,54.81,39.2,3.022,6.754,12.27,3568.2,0
24.82,35.52,60.28,804.0,874.6,61.71,16.2,2.497,5.121,16.76,2264.7,0
29.57,39.06,65.41,1122.0,1160.2,47.74,7.7,0.402,6.305,15.61,3343.7,0
26.57,36.27,70.8,1548.8,1538.0,45.14,26.9,1.176,6.237,9.66,2709.7,0
30.63,39.96,72.0,1189.8,1203.2,50.92,27.4,2.343,6.607,16.81,5715.7,0
26.66,36.21,70.31,1984.2,1978.6,31.13,8.1,1.896,4.133,12.57,830.0,0
26.78,36.83,71.47,2511.3,2442.9,23.28,139.9,1.075,6.371,20.77,5874.0,0
28.13,37.31,69.33,1570.6,1531.5,35.23,15.5,3.325,4.104,15.31,4146.9,0
21.5,31.79,61.27,1095.1,1018.2,52.77,6.4,4.854,7.062,10.76,4934.1,0
27.26,37.54,64.46,1701.3,1814.2,33.39,55.3,0.885,6.223,18.33,5974.7,0
26.75,36.57,61.53,1170.8,1130.9,44.66,16.6,5.985,4.798,10.57,3951.3,0
29.82,38.99,69.14,1441.2,1451.1,45.73,59.4,2.562,7.685,17.14,3507.8,0
28.78,38.88,64.75,1415.6,1450.3,42.44,39.4,1.65,7.632,12.04,559.1,0
24.58,34.08,60.65,2115.7,2113.9,27.22,7.5,2.788,4.543,16.35,738.6,0
29.33,39.38,70.78,1511.3,1530.0,43.43,14.5,0.543,3.977,7.63,4628.2,0
26.33,37.42,67.55,1711.0,1683.1,35.78,19.1,2.574,4.156,8.11,3068.9,0
25.04,33.79,56.15,976.5,999.7,57.03,27.7,1.591,5.763,19.68,3941.5,0
27.24,39.42,58.22,1223.8,1176.3,51.37,8.6,3.084,4.651,18.85,1001.4,0
26.44,36.37,61.92,1722.0,1699.5,36.14,36.6,2.484,5.804,17.48,4563.1,0
29.93,40.34,76.04,1095.1,1132.5,57.66,51.5,3.893,7.138,19.28,165.0,0
27.53,36.78,67.04,1309.3,1280.4,43.44,86.4,0.604,8.129,13.1,5074.3,0
27.26,38.4,72.63,2673.5,2704.6,23.28,131.2,2.32,3.262,11.84,4990.7,0
28.65,38.53,69.75,1375.9,1328.4,39.22,2.1,0.887,1.937,12.08,1002.9,0
29.04,38.64,70.47,1107.9,1186.7,56.35,97.8,2.239,5.089,13.17,2221.4,0
28.42,37.84,69.64,1918.6,1988.9,31.8,40.9,1.821,3.7,19.74,3075.8,0
29.69,39.42,62.25,1391.1,1383.3,39.32,8.7,1.064,4.523,13.58,5028.0,0
28.07,38.49,62.09,2211.9,2264.1,26.4,128.1,0.949,5.241,11.53,1659.1,0
27.19,37.36,73.65,2058.3,2065.6,27.99,23.4,0.409,6.721,17.02,1624.1,0
29.33,39.29,72.14,1787.1,1733.4,31.66,40.2,2.829,5.621,12.61,579.8,0
26.67,35.96,61.95,2246.6,2309.5,27.73,79.0,1.996,4.613,15.27,5459.7,0
26.92,36.15,64.51,1733.1,1664.3,33.82,6.4,1.322,5.849,18.85,1929.4,0
30.29,39.83,71.52,981.3,969.4,57.38,93.3,1.872,5.421,14.62,2635.8,0
30.09,40.55,69.62,1610.7,1571.9,39.64,30.2,4.493,5.015,15.95,4320.9,0
26.83,37.5,82.32,1195.0,1252.4,47.86,51.5,1.263,4.011,18.2,288.7,0
25.94,36.74,67.7,1137.1,1134.2,50.92,13.9,1.137,4.908,17.99,1054.9,0
29.78,39.77,70.67,1905.5,1894.4,28.92,8.2,0.986,6.354,12.18,2494.0,0
28.45,38.83,70.56,1901.1,1907.7,31.68,9.6,2.305,6.381,11.9,1122.3,0
27.48,37.31,70.05,1296.8,1373.2,47.66,17.2,0.776,3.915,11.2,5145.0,0
26.21,34.46,60.19,1773.8,1823.3,33.66,30.7,1.341,4.987,15.81,5810.4,0
27.51,37.3,65.08,1217.2,1298.2,47.0,46.8,0.885,4.09,14.23,5204.4,0
26.81,36.43,69.81,1078.4,1047.3,56.77,27.4,2.054,6.765,16.88,4878.3,0
25.52,34.48,69.64,2478.5,2529.4,25.45,47.9,1.608,5.599,9.71,3865.6,0
27.11,36.54,68.41,1575.8,1549.4,36.43,61.1,2.386,4.195,12.11,5538.0,0
27.38,37.52,56.42,1630.9,1542.2,38.02,135.8,0.354,4.841,18.77,5368.7,0
26.1,34.97,68.37,1875.5,1843.1,34.74,21.6,0.938,2.051,14.02,2499.5,0
28.66,37.95,71.34,1803.7,1784.2,33.92,140.0,1.478,4.869,14.27,5251.6,0
29.43,40.98,69.94,1544.0,1473.4,35.08,27.2,2.324,6.095,9.81,3278.2,0
28.79,37.19,63.79,1575.5,1670.8,39.85,26.9,1.414,6.167,18.46,3035.3,0
26.3,36.11,73.1,1386.0,1327.3,41.65,42.4,1.449,4.624,18.34,4250.2,0
28.36,37.2,65.42,1154.2,1150.0,49.53,188.0,2.954,5.387,16.27,2240.2,0
27.01,36.25,73.71,1510.4,1454.4,39.75,7.0,0.98,6.223,10.33,5272.4,0
24.38,34.18,58.6,1046.9,1084.9,51.18,10.0,1.978,6.924,18.52,5465.4,0
28.2,37.21,66.76,1870.9,1864.5,34.08,61.9,2.415,5.134,7.28,472.1,0
27.14,37.72,79.19,2176.6,2180.9,27.99,66.8,0.738,6.608,14.79,2390.0,0
32.04,43.39,90.1,1657.8,1686.5,36.95,60.7,1.207,4.004,13.86,318.7,0
29.76,40.61,68.84,1321.0,1279.3,44.62,3.3,2.213,6.208,20.49,3249.2,0
28.27,39.3,69.02,1169.2,1217.9,48.6,20.9,1.22,5.888,19.1,554.6,0
27.35,35.97,72.12,1060.3,1053.0,54.6,253.0,5.46,3.221,24.88,1059.4,1
27.18,36.93,62.41,1424.7,1296.3,42.9,6.4,1.214,5.332,10.23,311.6,0
24.84,35.31,61.86,1331.2,1284.9,47.53,11.8,4.013,7.43,18.42,3402.1,0
23.37,34.24,59.68,1118.9,1218.2,53.69,169.3,1.831,3.796,16.49,96.4,0
25.1,36.86,76.17,1887.6,1920.9,32.21,5.1,0.787,5.876,12.9,1941.9,0
26.75,37.82,66.86,1575.8,1545.7,37.9,48.8,1.639,6.59,13.5,3908.6,0
22.64,33.54,62.17,969.9,975.8,67.71,1.2,1.046,6.933,20.96,3561.5,0
25.76,38.39,69.17,1231.5,1259.5,48.56,3.8,1.594,5.919,14.69,147.6,0
26.35,36.45,64.18,1340.9,1366.3,45.11,75.3,3.024,4.836,10.94,3487.7,0
26.42,36.13,65.68,1320.0,1417.8,48.94,12.0,1.096,6.794,19.64,2298.6,0
25.53,35.7,67.98,2104.3,2123.9,26.64,0.5,1.224,5.445,18.27,1092.1,0
26.17,35.25,53.64,1876.6,1928.5,33.53,22.6,0.259,3.63,16.01,1198.8,0
30.3,40.37,66.09,2106.1,2143.2,29.88,4.7,1.687,5.264,10.34,4385.1,0
28.17,36.45,68.93,1298.7,1264.1,44.19,24.4,5.48,3.266,7.57,5015.4,1
25.73,35.2,63.03,1642.4,1681.0,36.31,31.3,2.473,5.693,24.13,2838.2,0
26.71,36.6,67.41,1477.3,1469.9,40.95,3.5,0.607,5.345,13.81,4293.4,0
26.79,37.74,60.79,1569.4,1543.6,36.89,5.5,2.22,3.752,23.23,2862.5,0
25.31,36.43,59.81,2474.6,2502.3,23.74,3.7,2.083,9.028,16.69,1964.9,0
25.31,34.35,60.6,1178.4,1234.5,48.85,31.4,1.667,3.813,17.86,5559.9,0
28.87,40.95,70.44,2617.2,2640.5,22.38,38.0,3.958,6.005,9.81,3715.1,0
26.01,36.16,65.08,1735.4,1827.1,32.72,49.2,5.397,5.369,22.95,1263.1,0
24.66,34.9,60.96,2255.9,2293.2,26.85,73.3,3.118,4.644,14.83,5300.7,0
26.76,35.15,70.18,1897.4,1974.2,31.2,28.3,0.195,4.946,15.31,988.1,0
27.09,36.47,63.62,1262.4,1249.5,42.02,45.8,0.813,4.404,18.31,1807.4,0
22.9,33.95,59.78,1084.1,991.5,52.35,116.1,0.526,6.058,10.65,4312.6,0
26.77,36.94,60.68,2349.5,2296.2,24.39,253.0,0.681,7.815,21.49,205.4,0
28.59,38.69,70.28,1699.6,1712.9,34.43,21.3,3.253,8.275,10.46,1168.2,0
27.75,37.98,69.59,2636.1,2580.3,22.51,0.6,4.7,6.441,16.15,2652.7,0
31.31,39.87,77.77,1657.6,1661.4,33.95,48.2,3.175,4.421,15.65,4196.4,0
29.35,39.26,66.57,1589.3,1606.0,40.72,57.3,1.943,6.182,20.83,2769.7,0
29.75,41.16,72.3,1409.4,1365.4,47.67,89.6,0.558,5.704,8.73,106.3,0
32.45,43.54,83.02,3231.4,3258.6,18.81,25.6,1.387,6.112,10.79,5975.9,0
28.37,38.24,69.2,1385.6,1405.7,45.51,1.7,2.57,3.448,16.25,4945.8,0
27.18,38.74,67.22,2082.2,2022.2,30.27,30.4,5.304,3.02,6.93,3300.1,0
28.8,37.54,66.61,2162.6,2166.1,27.84,79.9,3.526,7.35,7.01,5523.6,0
25.73,34.76,72.31,1588.7,1684.4,40.67,13.7,1.062,5.353,11.28,1099.9,0
27.07,38.93,74.55,1463.5,1462.2,46.27,93.3,1.172,4.925,14.65,156.1,0
25.55,36.13,55.66,1628.8,1560.4,39.0,36.5,1.311,5.788,8.79,4266.0,0
27.65,37.36,70.04,1856.2,1786.0,29.07,69.7,2.455,3.308,16.56,378.6,0
25.55,35.49,63.17,1624.6,1672.2,38.99,70.5,0.712,7.815,18.12,1752.0,0
25.48,34.67,66.74,1985.6,1961.7,32.75,24.6,1.478,3.601,8.55,3150.8,0
27.68,37.95,68.1,1261.7,1291.6,46.04,4.7,1.978,3.015,18.26,811.7,0
26.57,36.77,68.56,870.2,839.9,50.75,18.9,2.393,7.434,17.51,1742.5,0
22.99,33.01,59.16,1191.9,1168.3,50.11,18.6,1.626,9.734,15.91,1926.3,0
23.94,32.78,53.25,1474.5,1501.8,39.8,0.2,1.417,3.843,20.86,239.9,0
24.56,34.82,50.71,1179.9,1207.3,51.23,88.3,2.53,6.162,18.29,3000.6,0
25.08,34.55,55.4,2085.2,2113.2,29.79,70.7,1.958,10.091,15.73,3925.5,0
27.68,36.69,75.59,931.9,933.7,57.83,105.8,2.936,2.957,15.01,220.5,0
27.29,38.55,76.41,1983.4,2055.5,29.73,23.3,1.066,5.664,17.58,2636.7,0
28.98,41.15,78.42,2943.8,2970.3,19.7,7.2,5.474,7.083,14.82,1486.3,0
28.36,40.3,59.18,1188.2,1145.4,53.65,6.2,3.2,4.707,18.37,2071.0,0
28.99,39.64,74.82,1799.1,1784.7,32.9,10.8,3.161,7.483,19.56,4790.2,0
28.07,37.8,71.51,1436.7,1441.8,41.17,74.0,1.176,6.436,16.34,3177.7,0
27.27,37.2,59.67,2199.0,2136.4,29.69,17.0,0.693,3.885,13.77,1231.0,0
29.05,39.45,76.57,761.4,739.4,63.64,137.4,0.463,3.58,11.46,211.0,0
28.69,38.27,70.24,1062.6,1130.5,58.22,2.6,7.284,4.522,16.63,5878.5,0
27.6,38.92,80.3,928.9,877.7,55.47,41.1,3.523,4.8,20.8,1241.6,0
29.39,37.36,75.62,1327.0,1304.5,40.88,47.7,5.553,6.082,18.79,478.8,1
22.16,31.86,54.34,1243.8,1224.5,49.81,41.5,0.684,8.411,7.32,2271.0,0
26.27,37.07,66.91,1693.2,1706.8,39.47,6.6,2.327,4.692,19.35,5756.4,0
26.24,35.39,66.85,1269.6,1297.9,51.22,3.0,1.324,5.681,12.93,2946.3,0
29.16,38.92,68.51,1625.8,1610.4,35.89,8.2,2.584,8.205,16.45,438.9,0
29.99,40.59,79.38,1054.4,1099.1,55.85,1.4,1.009,6.974,11.58,3949.4,0
23.95,35.47,59.45,1851.2,1801.9,35.39,49.5,1.81,5.568,14.13,4194.6,0
29.67,38.38,69.56,1684.6,1639.8,36.53,27.1,2.607,5.131,5.91,211.3,0
24.51,33.14,56.87,1585.3,1679.4,35.33,64.3,5.494,3.1,13.64,77.7,0
24.57,33.62,65.23,1492.2,1506.9,41.92,6.6,2.079,5.136,10.79,1682.8,0
26.38,34.84,65.05,1698.2,1717.2,36.12,70.0,0.878,8.973,8.01,2950.1,0
26.21,34.75,70.98,1330.7,1273.1,44.87,20.9,3.106,5.22,23.05,5583.3,1
23.73,32.76,74.95,1637.7,1660.0,35.19,53.5,1.414,7.09,13.7,3615.5,0
28.15,39.38,63.19,1073.6,1010.4,47.91,4.7,1.813,4.467,22.26,4772.1,0
28.21,37.9,74.3,1222.1,1209.4,55.18,62.6,2.333,6.741,14.21,3986.1,0
28.96,38.99,76.58,1422.2,1376.8,40.78,117.6,5.132,7.045,16.54,5328.7,0
25.98,35.03,54.44,863.0,847.6,62.18,21.9,1.961,4.698,16.27,5172.6,0
26.77,37.4,70.11,1043.1,1020.7,51.28,9.9,3.743,4.536,12.41,179.1,0
26.79,38.66,78.37,963.3,998.0,61.38,15.4,2.671,6.448,17.03,1925.2,0
30.23,39.34,65.84,1674.4,1656.7,39.39,42.9,1.215,6.586,22.67,1458.4,0
21.18,32.91,64.34,2390.8,2375.9,23.39,7.3,1.805,6.807,16.75,99.1,0
24.94,35.3,60.45,1999.5,1997.9,32.94,17.7,3.877,5.542,13.67,963.7,0
26.86,36.88,65.95,1883.5,1956.0,33.96,32.1,0.354,3.89,16.08,1377.8,0
24.68,35.08,70.24,1974.6,2065.5,30.47,20.8,1.755,5.354,17.9,5972.1,0
26.33,36.72,57.59,2955.7,2913.0,18.04,84.1,0.478,3.859,13.7,4402.8,0
26.6,38.45,72.8,1091.2,1058.2,50.25,22.3,0.794,6.346,13.75,1126.9,0
25.53,36.05,65.28,2632.4,2640.3,21.4,35.1,4.05,3.884,13.6,1675.1,0
26.98,37.52,68.2,1308.4,1331.9,49.29,16.8,0.66,4.298,16.39,1917.9,0
28.11,37.68,68.9,940.5,1028.3,61.86,39.1,0.328,5.237,19.95,4114.9,0
26.38,37.22,73.49,1771.1,1751.0,32.22,13.0,1.666,7.541,15.45,4144.4,0
25.94,34.99,76.14,1440.7,1464.1,43.88,50.7,2.324,3.677,17.34,854.0,0
26.52,36.63,70.99,1573.8,1584.0,36.01,10.9,0.238,4.482,16.6,2789.9,0
26.84,39.72,75.13,1228.4,1208.2,48.27,58.0,5.519,4.742,6.11,915.6,0
23.37,30.87,71.5,2045.4,2038.5,28.06,64.5,1.356,6.15,13.92,2455.3,0
27.77,38.01,65.65,1746.6,1730.6,38.68,20.5,2.521,4.122,6.49,4094.5,0
25.95,36.22,69.72,1144.2,1079.0,51.21,0.4,0.71,3.639,10.92,4321.2,0
29.37,39.14,73.77,1653.5,1772.9,39.51,128.5,2.472,4.306,7.95,521.9,0
28.03,37.83,71.72,2370.2,2440.8,23.71,4.4,1.505,6.024,14.36,4320.1,0
29.19,39.28,74.26,1076.5,1156.5,52.42,27.2,1.944,3.064,12.13,3067.8,0
24.83,34.58,85.82,2219.5,2193.1,27.04,52.2,2.801,7.066,15.64,3109.0,0
26.11,36.33,55.5,1489.1,1447.2,40.79,19.3,2.449,6.584,17.48,4284.2,0
24.37,33.88,68.79,1318.2,1383.4,45.83,0.6,0.567,6.498,13.2,3608.1,0
25.44,37.46,63.96,1423.5,1381.3,41.2,50.9,0.446,6.127,12.31,442.4,0
29.35,39.1,72.76,899.0,1001.3,65.37,22.8,2.716,5.628,14.96,1654.8,0
29.82,40.39,67.87,1197.0,1203.3,47.34,18.3,1.295,4.274,16.75,3374.8,0
24.55,33.88,61.79,1598.9,1693.2,37.98,4.5,1.841,4.815,11.06,5341.2,0
25.93,36.87,77.55,1300.8,1207.6,46.03,1.3,1.923,4.764,11.35,2546.4,0
26.7,37.43,74.29,1430.2,1408.9,42.1,31.3,3.311,3.299,18.71,3283.9,0
28.02,38.44,70.06,1457.9,1529.0,40.44,1.4,1.371,7.656,18.03,4916.7,0
23.33,32.3,52.23,1375.6,1361.8,42.44,23.7,2.016,3.637,19.07,4858.1,0
23.64,32.89,67.84,1535.0,1540.7,35.66,77.8,1.672,4.766,17.33,1398.8,0
27.83,39.52,76.28,1375.0,1373.0,42.13,29.9,0.736,5.003,13.35,3097.1,0
22.95,32.19,57.07,1761.2,1699.6,34.95,97.2,1.597,5.972,7.24,4129.8,0
25.96,36.6,77.22,2559.3,2531.5,21.04,10.4,0.796,4.828,15.15,5101.9,0
27.17,36.23,65.13,1236.0,1304.1,51.4,2.2,2.022,4.415,21.66,4199.3,0
27.68,38.69,67.09,1708.0,1626.8,34.35,2.5,1.985,6.944,15.95,3857.5,0
26.57,35.88,66.15,1576.5,1559.5,41.41,13.8,0.676,10.409,12.92,2097.2,0
26.12,35.16,77.48,1920.6,1931.2,32.4,18.6,0.114,8.681,7.97,2918.8,0
28.54,37.83,59.52,1778.8,1740.4,32.7,38.1,1.582,5.617,8.43,5334.3,0
27.42,36.87,65.14,2046.1,2069.5,29.61,71.7,1.852,2.972,13.66,4819.7,0
25.56,35.96,71.75,1403.0,1463.5,49.48,15.5,1.1,2.89,14.35,2813.9,0
26.93,36.99,71.48,1272.9,1302.8,51.9,38.1,4.11,6.943,12.27,5458.0,0
27.62,36.52,60.2,1391.9,1428.5,40.26,58.9,1.867,5.569,17.74,5484.7,0
30.29,40.26,65.97,1774.5,1743.6,34.63,57.9,0.907,5.736,12.7,2210.7,0
28.42,37.28,67.96,2458.6,2450.4,23.07,19.1,0.634,5.943,10.38,3241.1,0
29.28,39.92,74.52,1193.9,1173.2,47.95,25.5,0.692,4.455,19.06,2602.4,0
25.63,36.46,77.93,1663.8,1698.8,33.23,21.7,0.702,5.479,15.46,3699.8,0
25.8,35.78,67.29,1935.7,2008.3,28.83,17.0,0.422,6.302,14.23,2436.8,0
26.38,36.65,72.29,1512.7,1533.4,40.29,100.6,2.638,7.926,11.55,4958.1,0
26.56,38.31,55.99,1631.1,1588.9,36.66,79.4,3.033,7.989,10.34,4446.4,0
24.83,34.68,60.49,2364.5,2255.5,24.82,21.0,3.775,6.584,9.75,2473.3,0
29.38,38.44,68.0,2198.5,2207.9,26.19,75.7,0.361,4.798,15.29,1797.0,0
28.62,39.2,64.74,1245.1,1283.2,43.37,11.9,3.731,5.803,16.27,3146.1,0
26.24,35.11,70.11,1959.0,1917.1,33.44,11.0,1.343,7.343,11.11,4131.0,0
28.13,37.92,67.32,1358.4,1359.5,45.1,36.1,2.05,8.315,12.56,2593.1,0
27.3,36.7,52.05,1391.7,1330.7,41.47,38.2,2.396,7.462,13.31,2160.4,0
28.29,37.59,61.78,1200.2,1213.8,50.48,88.0,1.515,4.719,12.54,4686.9,0
24.16,33.91,62.89,1946.5,1866.7,31.68,12.4,3.893,7.264,11.59,2853.5,0
26.56,37.46,58.77,1454.9,1485.9,42.33,1.6,5.238,4.621,16.35,3482.8,0
26.73,37.84,69.49,1303.8,1273.8,46.38,12.4,3.034,7.127,12.46,3075.3,0
28.1,39.02,69.96,1627.6,1642.8,33.74,8.9,2.978,7.443,15.68,1244.2,0
25.59,35.93,75.79,1105.7,1100.0,51.27,124.9,3.557,6.742,13.99,4988.1,0
21.85,31.59,63.09,2482.6,2525.5,23.34,7.0,1.453,4.656,14.25,4075.2,0
24.69,32.33,67.29,1939.5,1984.7,31.67,89.9,0.739,3.914,12.39,5563.6,0
26.73,37.1,64.22,2381.5,2370.3,22.96,26.7,0.124,5.036,8.14,534.1,0
26.98,34.7,51.57,1782.5,1874.2,32.64,21.9,1.832,6.409,12.59,4282.1,0
30.22,38.29,66.16,1674.4,1690.0,38.45,30.8,1.135,4.282,13.85,466.6,0
28.02,37.85,56.73,1177.0,1082.7,48.32,58.8,0.827,2.831,13.89,3559.2,0
27.01,37.28,60.05,1630.1,1596.4,38.45,25.2,0.233,7.674,10.94,5206.7,0
26.79,36.33,69.6,1912.0,1848.5,34.05,13.0,0.44,3.593,11.4,3566.5,0
29.06,40.59,73.73,2637.2,2581.9,24.51,11.1,3.736,5.816,17.78,1785.7,0
25.67,36.13,73.24,2161.3,2145.6,27.86,17.6,3.278,6.064,9.28,4882.4,0
26.57,36.32,66.75,1434.7,1395.9,43.1,35.8,4.655,4.318,18.29,5128.2,0
24.67,36.06,66.73,1342.2,1348.1,48.81,26.0,0.32,5.234,10.31,350.7,0
29.69,41.25,74.8,1509.4,1477.7,35.81,14.1,1.083,7.85,16.78,2059.6,0
27.63,38.15,57.2,1067.7,1159.0,52.11,27.7,0.962,2.915,15.32,1233.7,0
25.43,34.66,74.99,1950.4,1971.0,30.5,28.0,2.334,7.142,3.54,1144.3,0
26.62,36.07,56.8,1731.9,1638.6,36.09,87.3,0.872,5.557,22.93,1922.6,0
27.87,36.42,59.33,1578.8,1604.1,36.94,34.5,0.764,4.285,21.41,3487.3,0
26.35,36.31,67.16,1038.9,1039.5,55.29,33.1,0.804,6.071,8.72,1838.5,0
25.78,34.73,60.41,1448.8,1368.1,41.34,37.5,1.51,4.853,17.53,1985.3,0
25.54,35.21,61.79,2756.3,2727.6,22.02,14.8,1.859,5.712,12.42,5823.0,0
27.53,37.79,74.06,1268.6,1260.5,49.52,28.2,1.258,6.676,9.15,311.1,0
26.13,34.15,62.48,1039.4,1032.9,58.46,55.9,5.602,7.497,11.23,519.3,1
25.94,34.68,58.91,1754.8,1686.4,37.5,10.9,3.661,4.864,15.0,5918.3,0
24.18,33.67,62.64,1836.0,1887.4,31.03,56.1,0.558,6.686,14.21,3643.5,0
27.01,36.95,66.89,1116.0,1134.1,48.64,26.8,0.993,8.516,17.29,951.0,0
26.49,35.99,68.37,1104.2,1143.4,59.64,23.1,2.038,3.702,16.79,347.2,0
26.21,35.94,67.31,1273.1,1273.2,48.49,0.1,1.536,4.272,16.86,4587.9,0
27.25,36.54,69.8,2307.2,2292.4,23.77,6.0,2.663,3.282,19.66,2750.5,0
28.35,36.9,64.29,1226.1,1267.0,47.55,3.0,6.015,8.736,16.01,500.1,1
28.25,37.72,70.53,1365.1,1367.3,44.04,90.0,0.133,5.527,13.43,5541.7,0
27.96,37.74,76.48,2012.8,2048.0,30.45,12.3,1.254,5.214,15.46,1954.9,0
26.37,36.06,63.96,1249.3,1271.8,52.89,72.7,3.177,6.371,22.47,1963.3,0
25.72,35.83,67.24,1378.4,1377.6,44.38,34.2,2.949,6.869,15.26,4661.0,0
24.76,35.18,73.0,1133.3,1207.5,53.15,3.6,2.118,5.805,10.81,378.9,0
25.66,36.35,63.12,1914.8,1971.0,29.39,17.2,0.942,7.578,13.29,2300.3,0
26.89,36.26,54.87,1402.6,1455.3,43.99,25.1,1.213,5.321,12.78,2314.8,0
25.28,33.7,67.0,2079.9,2051.2,31.05,57.7,1.96,3.702,18.41,1247.4,0
27.04,38.31,72.71,1409.2,1332.9,42.48,2.7,1.767,7.738,11.57,3678.3,0
24.92,35.3,64.16,1060.3,1042.1,54.77,8.3,2.849,5.208,15.45,1186.9,0
23.53,32.57,59.62,2244.4,2221.7,25.74,12.9,0.147,2.991,17.17,267.9,0
28.49,38.77,73.61,2483.0,2567.1,26.31,36.4,1.571,1.021,20.13,4658.4,0
25.9,36.97,68.8,1190.4,1071.1,49.55,5.3,2.615,3.239,13.71,3503.6,0
25.18,36.91,68.39,1332.4,1431.2,39.86,2.9,1.091,4.509,18.34,2592.4,0
24.66,34.91,52.92,1145.3,1171.9,51.71,37.9,0.907,5.506,17.99,4499.1,0
27.7,38.76,66.56,1761.4,1793.0,31.93,49.8,0.841,5.934,9.93,5568.7,0
29.6,38.39,68.41,1614.7,1705.2,40.51,21.8,2.368,3.199,14.83,806.1,0
26.04,36.01,59.27,1149.3,1237.5,46.88,19.4,1.231,4.981,15.05,3970.7,0
26.42,36.08,70.49,1403.5,1430.4,42.1,63.2,4.987,4.493,25.47,5423.8,0
28.99,39.34,71.86,2738.6,2753.3,22.11,16.3,1.25,6.082,18.63,169.8,0
23.23,34.84,68.97,844.8,869.8,68.23,20.8,4.744,6.727,17.62,2607.6,0
30.78,41.03,67.7,1477.3,1499.6,42.12,13.8,4.146,7.859,9.12,4377.2,0
31.74,40.8,69.42,2136.9,2150.6,26.6,3.5,0.367,7.538,13.33,1283.4,0
21.44,30.17,54.42,1325.8,1360.2,43.14,80.5,0.762,3.434,6.93,1376.7,0
26.65,38.3,63.58,1277.8,1247.3,44.29,78.9,3.151,5.74,7.09,1150.3,0
25.41,35.93,69.03,1019.0,1055.1,49.94,57.9,0.413,5.088,14.73,3364.1,0
26.32,36.77,54.12,1137.7,1083.3,49.27,9.3,1.129,5.238,11.18,3721.2,0
26.01,35.67,64.02,1479.0,1479.2,37.86,7.9,0.733,5.359,13.88,1940.3,0
28.47,38.74,72.67,2713.3,2742.5,22.78,47.7,3.034,7.886,17.68,4737.3,0
26.62,35.64,68.06,1407.4,1308.1,44.61,7.8,3.769,6.544,10.58,808.0,0
25.03,35.42,79.12,2760.5,2659.6,23.58,3.1,3.563,5.566,16.28,5171.4,0
26.51,35.33,68.27,1096.8,1110.4,52.15,57.3,2.022,5.71,16.85,1486.4,0
27.88,37.52,55.09,1751.1,1664.8,32.67,3.9,2.406,3.66,16.74,2610.5,0
24.48,33.84,75.22,1294.2,1298.2,46.35,46.7,4.867,6.448,17.78,2758.5,0
23.56,30.3,58.19,1775.3,1750.6,33.44,34.7,1.299,5.104,16.78,4139.6,0
30.84,40.49,63.16,1576.7,1598.4,35.08,4.0,1.6,4.3,15.54,625.2,0
25.57,34.67,70.42,1896.5,1945.9,31.99,21.8,0.331,3.539,11.91,2512.8,0
26.58,36.36,73.1,1323.4,1255.4,47.16,62.8,0.221,8.364,12.15,2918.9,0
26.05,36.06,77.68,1611.4,1677.9,33.79,7.4,2.736,4.76,4.66,4364.6,0
27.95,39.71,75.27,1224.9,1222.2,47.69,21.7,6.785,6.815,21.03,2961.7,0
30.4,40.7,70.03,1655.6,1690.4,34.05,6.0,2.204,5.986,24.44,4516.0,0
28.01,38.34,66.57,1548.2,1626.8,37.69,100.5,1.06,7.362,13.36,1828.6,0
23.81,34.31,62.92,1535.0,1556.5,40.36,28.9,4.38,3.076,15.01,1159.8,0
24.08,34.95,71.22,1579.4,1568.6,41.54,22.5,2.871,7.46,18.44,4789.2,0
26.05,36.51,65.22,1871.6,1866.7,30.76,79.7,2.153,7.767,15.96,1889.5,0
26.31,36.6,74.73,1249.0,1260.6,47.04,28.6,2.747,4.038,14.55,300.9,0
23.41,34.12,70.92,1507.5,1544.9,37.29,27.2,1.932,6.675,16.45,1571.7,0
28.49,36.06,67.05,1227.5,1302.0,45.44,60.8,7.361,4.621,23.83,1983.3,1
24.68,36.77,62.64,1471.8,1503.4,39.84,15.3,0.519,4.992,14.76,4301.2,0
29.84,41.43,65.73,1240.6,1132.3,45.86,37.3,1.963,3.977,16.5,348.1,0
30.49,40.71,78.38,1737.2,1812.0,35.89,26.6,1.114,6.302,13.18,3481.1,0
26.35,34.94,67.22,1975.8,1987.4,32.1,16.7,0.157,5.014,15.04,4196.3,0
27.73,38.94,69.55,1263.0,1311.7,44.27,16.6,2.124,5.462,18.69,1188.0,0
24.39,33.69,58.76,1534.2,1553.6,35.06,5.2,2.494,3.949,14.81,5518.8,0
28.1,38.63,67.7,1055.3,971.7,54.59,15.7,3.905,6.844,11.53,348.8,0
25.85,34.57,64.99,1428.9,1329.2,40.68,3.0,0.9,5.118,8.38,1638.2,0
24.68,36.9,70.4,2158.1,2116.4,26.26,30.6,1.597,5.653,11.35,1671.1,0
26.27,34.83,68.18,1660.8,1668.6,34.15,5.8,2.501,4.659,20.92,5774.5,0
25.92,35.99,72.45,1935.3,1877.6,30.01,2.6,1.066,2.899,14.25,4242.8,0
26.2,34.08,70.51,1282.9,1338.2,50.73,112.7,4.638,4.831,8.79,428.1,1
28.75,38.71,73.07,1112.8,1082.4,47.74,41.3,0.418,5.131,7.7,3645.6,0
25.28,34.85,55.91,1502.8,1522.6,39.39,69.1,1.725,5.224,16.81,2742.4,0
30.32,41.46,70.36,1371.5,1400.8,42.9,15.6,1.818,7.74,7.94,4512.7,0
24.2,33.77,69.28,1530.4,1527.3,39.12,26.3,1.03,7.806,9.38,1082.4,0
30.08,41.22,74.74,1163.8,1123.7,48.6,2.7,0.871,6.512,16.45,4507.0,0
24.82,33.79,71.56,1282.0,1267.2,45.2,10.5,1.109,8.457,20.54,963.8,0
26.85,36.57,55.29,1265.3,1237.0,47.0,14.2,0.845,4.762,18.01,3023.9,0
25.87,35.61,61.82,1696.3,1658.3,38.08,67.0,1.271,6.518,9.41,719.4,0
26.16,36.66,65.12,1788.7,1736.8,33.68,17.4,5.007,6.019,17.6,5812.9,0
28.45,38.82,70.09,1244.7,1282.1,46.65,36.3,4.974,6.136,19.99,2219.4,0
29.85,40.57,72.74,972.8,1060.8,55.51,42.9,1.745,4.097,11.02,1187.1,0
29.23,39.5,72.88,1202.7,1208.7,51.06,0.8,0.611,5.618,16.59,3603.7,0
26.04,36.7,73.72,1091.0,1107.6,55.82,1.8,1.69,4.868,19.57,5147.6,0
27.22,36.32,62.61,1350.0,1340.3,41.62,125.5,0.814,3.863,18.13,2843.7,0
25.29,35.67,63.82,2000.3,1985.9,30.3,18.8,1.34,6.267,7.49,5069.8,0
24.87,36.48,61.66,1934.7,1885.6,31.19,52.6,3.038,2.918,11.96,482.1,0
24.56,32.88,57.92,1197.9,1246.8,53.8,110.7,4.442,8.043,15.34,761.3,1
25.97,36.46,75.14,2971.5,2980.8,21.38,17.6,2.347,5.592,14.28,3146.1,0
27.35,38.03,64.62,1097.8,1120.7,55.05,4.7,1.098,3.787,13.85,5970.5,0
23.03,34.49,60.26,1840.1,1829.8,32.12,27.9,3.062,5.012,9.52,4558.9,0
26.76,37.48,67.06,964.4,878.1,59.23,28.3,1.594,5.456,12.03,4230.0,0
29.88,39.98,65.15,1579.8,1539.3,39.29,54.8,3.064,7.11,12.13,2732.0,0
29.09,39.52,69.83,1418.6,1439.5,47.23,29.1,0.7,7.531,15.67,3122.2,0
25.68,34.94,61.3,966.0,979.6,63.85,27.0,2.57,5.221,12.92,2127.3,0
24.06,33.67,67.98,1571.3,1573.9,36.7,25.6,1.46,5.378,14.18,3100.6,0
27.77,36.43,59.63,1671.6,1703.1,36.53,25.1,1.807,8.334,6.84,2672.1,0
22.22,33.7,58.62,1740.5,1683.8,33.05,62.0,2.801,3.107,17.73,4165.2,0
29.07,39.52,69.43,1922.9,1968.2,29.98,14.5,1.212,3.312,14.97,5487.2,0
26.42,35.51,65.22,1419.7,1510.6,36.7,81.2,2.317,7.663,16.92,3579.1,0
30.51,40.78,74.79,1926.3,1980.5,34.45,29.7,0.831,5.174,11.86,4903.2,0
23.4,34.56,74.69,1910.2,1895.6,27.5,3.1,3.906,6.515,14.68,133.9,0
28.69,39.68,65.24,1708.8,1774.3,37.9,62.9,4.056,7.636,15.44,4029.9,0
26.65,35.72,65.81,1320.6,1341.3,44.5,57.6,1.657,2.634,13.57,3371.2,0
26.19,33.05,66.01,1762.3,1757.0,31.04,15.4,4.613,7.447,14.86,2595.0,0
24.11,34.51,65.26,1543.9,1574.2,38.38,54.5,3.479,6.627,18.22,5606.4,0
28.04,37.15,63.17,997.6,1065.3,54.07,49.9,0.518,3.284,14.7,151.8,0
28.2,38.82,64.55,2545.1,2424.0,25.8,11.8,1.668,4.715,18.21,99.5,0
30.42,41.37,60.92,1087.5,987.7,59.32,19.7,2.122,5.558,17.68,4952.7,0
28.87,39.98,67.79,1753.5,1678.1,33.26,48.0,1.251,6.479,8.57,5662.4,0
25.66,37.41,62.75,1522.2,1500.7,42.01,128.6,2.434,3.947,19.2,1560.1,0
24.84,36.08,65.43,1122.7,1146.4,52.79,66.7,1.619,6.666,14.06,1780.2,0
24.11,35.86,56.46,1140.1,1212.7,55.84,25.8,1.257,5.634,17.78,1742.1,0
29.8,41.18,79.33,1251.2,1190.6,44.7,11.4,2.96,4.235,15.66,5595.8,0
25.29,36.76,67.9,2117.2,2188.6,33.05,32.2,6.114,4.697,11.69,1325.8,0
29.81,39.77,68.16,1645.8,1623.5,32.17,70.1,1.024,6.233,2.48,3792.1,0
27.9,36.61,64.22,1723.5,1759.8,34.25,64.6,3.231,4.575,25.3,200.4,0
27.51,39.99,64.98,968.6,956.3,58.89,118.6,0.192,4.991,11.78,5589.1,0
26.24,36.3,65.57,1660.5,1593.6,36.17,2.6,0.906,4.959,13.46,2882.6,0
28.17,39.4,67.81,1489.5,1545.9,43.24,3.0,0.743,3.04,9.65,5824.6,0
26.82,36.27,65.8,1919.7,1875.6,29.56,13.0,0.314,4.701,10.65,5135.4,0
26.11,37.08,71.07,1953.5,1881.5,28.44,60.1,4.922,5.143,14.03,1001.2,0
28.24,35.8,69.27,1324.9,1382.3,40.26,31.9,7.238,6.304,12.4,3244.4,1
26.56,36.15,64.97,1589.3,1618.5,36.75,24.8,1.477,6.549,12.52,350.0,0
25.25,35.15,67.47,1699.5,1766.5,37.48,12.4,0.463,4.116,14.01,2052.1,0
28.05,38.51,78.65,2343.5,2420.7,25.21,56.9,0.674,6.892,18.28,4580.7,0
26.72,37.79,70.22,1494.5,1522.8,39.27,1.0,3.089,4.919,16.15,2082.7,0
27.83,36.73,69.2,1153.1,1092.7,55.49,44.6,3.007,5.379,9.41,2289.0,0
25.94,36.6,71.3,1968.1,1895.6,31.47,54.1,0.294,3.073,19.43,3585.0,0
24.43,35.66,66.53,1399.5,1353.5,48.97,15.4,1.262,3.912,11.86,1402.4,0
30.32,42.67,77.01,3342.3,3425.9,5.36,18.5,3.478,7.455,8.64,2929.7,1
29.94,40.65,69.57,1964.6,1983.6,31.98,165.9,0.579,4.064,15.47,175.6,0
28.62,38.16,67.38,2871.8,2855.6,20.9,9.8,1.112,3.952,12.64,5267.9,0
26.07,34.8,67.09,1167.7,1210.7,52.36,5.1,1.328,5.587,4.3,5421.4,0
26.25,38.08,77.87,1092.2,1125.7,48.79,32.1,2.343,6.51,13.01,59.9,0
29.61,40.35,71.24,2037.6,2040.4,29.66,7.5,2.085,5.276,18.8,2657.6,0
26.14,36.12,65.25,1258.3,1297.4,42.89,8.7,0.914,2.568,15.13,4885.4,0
25.58,33.97,72.25,1230.2,1171.8,52.02,21.2,5.251,3.96,11.23,5422.7,1
30.59,39.66,68.83,1129.3,1253.3,53.57,57.8,5.798,7.503,16.81,67.2,0
26.75,37.39,61.15,1608.6,1492.3,35.94,24.1,0.614,6.451,17.19,3262.6,0
30.39,40.74,68.12,3165.7,3118.4,17.91,29.9,3.561,3.068,15.51,754.7,0
24.05,32.11,57.92,1922.3,1886.3,31.01,12.9,0.822,5.075,21.45,5379.9,0
27.89,38.52,64.8,1351.5,1328.0,47.66,71.6,1.292,8.196,20.16,4234.1,0
30.99,39.42,75.43,929.1,916.4,60.99,32.0,5.005,6.296,18.77,4791.1,1
26.91,38.26,61.03,1538.1,1590.4,39.46,56.5,0.663,4.411,10.32,4690.1,0
26.32,36.53,68.3,1773.5,1792.4,33.93,16.6,0.288,3.336,16.57,5923.5,0
24.51,34.05,60.5,1013.6,995.7,63.99,18.8,1.832,4.843,14.92,5548.6,0
29.01,40.0,68.59,1272.6,1326.6,44.06,21.3,0.781,6.687,13.29,1971.6,0
25.31,35.66,62.25,2045.9,2020.1,27.72,12.8,1.151,8.613,13.79,5375.4,0
26.66,37.99,61.07,1614.4,1611.0,38.81,19.2,1.47,7.451,3.98,371.9,0
24.38,34.46,66.23,1104.5,1065.5,50.0,36.7,0.964,6.179,15.65,4214.0,0
29.96,40.1,73.34,1411.1,1331.6,39.3,144.7,0.157,5.342,14.1,5371.5,0
29.16,38.87,66.85,1203.9,1189.3,47.94,15.8,4.243,3.835,7.95,4286.6,0
26.79,37.05,66.9,2435.1,2446.9,23.95,28.3,0.763,5.128,11.47,2297.6,0
24.54,36.24,69.95,2358.8,2453.9,25.66,119.1,1.471,2.836,5.18,2891.5,0
29.92,39.42,66.1,1829.3,1810.7,32.65,61.7,0.773,6.79,19.41,5514.5,0
26.12,36.77,60.58,1660.0,1652.8,37.18,86.2,0.709,5.777,23.27,4203.7,0
24.64,33.76,79.45,1408.5,1372.8,43.34,5.2,1.942,5.328,15.3,2059.6,0
23.33,31.26,57.24,1253.6,1166.8,46.37,167.4,5.043,4.178,16.24,1753.9,1
25.56,35.77,74.13,943.8,903.6,64.66,253.0,5.82,6.254,10.66,665.3,1
23.94,34.31,75.56,1842.3,1808.5,32.61,3.5,1.815,5.116,18.17,2907.0,0
25.6,35.49,79.53,1573.0,1621.8,36.86,8.3,1.248,6.161,10.47,3625.8,0
28.34,36.84,65.91,1900.8,1887.1,32.89,16.0,1.511,5.439,11.9,1141.5,0
26.1,36.4,67.58,1228.8,1219.1,50.79,12.9,0.485,7.018,6.57,5168.6,0
27.56,37.83,65.4,1109.3,1166.0,51.34,34.1,0.647,2.095,15.01,526.8,0
25.4,34.51,59.27,1484.1,1520.6,35.52,83.6,1.52,5.86,10.99,2093.8,0
26.98,35.63,68.5,932.5,963.8,60.66,11.2,2.134,6.799,6.26,1431.7,0
30.69,40.44,76.27,1823.4,1882.9,32.91,29.5,1.184,5.807,9.25,3635.2,0
26.15,36.81,71.24,1216.5,1155.0,50.3,4.0,0.918,5.459,22.08,2760.3,0
27.62,38.04,71.61,1080.0,975.0,54.55,4.9,2.027,7.551,18.39,2834.1,0
23.72,32.84,65.5,2151.7,2155.1,26.38,3.5,0.67,3.726,18.17,3399.1,0
29.89,40.03,74.17,1386.2,1359.9,45.78,0.4,6.089,3.638,6.51,5119.1,0
25.9,36.78,72.84,3342.3,3399.1,12.75,37.9,0.96,5.498,15.76,5635.9,0
28.95,37.78,73.53,1286.4,1279.1,48.24,102.8,6.323,6.664,17.17,3659.3,0
26.6,36.67,63.3,2129.8,2235.0,28.98,35.7,0.503,5.944,18.35,195.4,0
28.07,39.41,65.77,1363.3,1431.0,45.67,26.0,2.667,7.365,14.35,3309.5,0
28.19,36.92,64.26,1220.2,1259.2,47.55,19.2,1.18,7.99,15.32,461.0,0
25.95,37.1,64.04,1101.8,1161.0,51.2,68.6,1.113,4.808,15.89,2276.5,0
29.03,40.65,70.71,1260.1,1210.2,48.9,12.4,2.899,6.461,19.3,4302.5,0
25.33,35.11,61.11,1486.6,1444.2,40.56,9.2,1.391,6.543,12.51,4343.9,0
28.41,38.06,63.63,1646.1,1587.4,36.2,39.0,2.914,6.437,15.58,1569.8,0
26.07,37.1,63.89,1530.5,1514.1,39.26,79.2,3.238,4.744,22.96,3307.3,0
27.55,37.36,70.89,1924.5,1842.0,28.84,0.2,5.024,4.792,15.63,1544.8,0
25.93,33.57,58.48,1586.9,1524.2,37.88,16.8,1.042,5.348,14.66,5170.6,0
26.95,36.85,61.52,1649.5,1620.7,37.09,31.2,1.17,7.028,22.5,4056.2,0
24.7,35.17,61.0,1821.9,1717.7,32.12,41.2,1.471,3.082,15.0,4938.7,0
27.35,38.09,66.13,2616.8,2605.3,22.59,0.5,3.517,6.321,19.45,3781.7,0
26.94,36.06,69.08,2304.1,2222.5,27.23,1.7,1.976,4.111,20.63,139.8,0
25.77,35.5,60.21,3342.3,3314.5,8.5,160.7,3.069,6.887,14.23,1193.4,1
26.74,37.72,76.52,1562.6,1466.6,36.92,120.9,0.371,4.931,16.6,5295.8,0
27.12,37.06,76.41,1233.1,1291.4,43.6,96.5,1.172,6.501,14.61,810.3,0
25.62,34.09,65.96,3342.3,3397.7,13.17,17.2,0.565,7.138,10.44,4243.1,0
26.59,37.83,64.16,1399.7,1348.7,42.37,18.6,3.502,1.459,10.61,1174.1,0
24.84,34.62,63.99,1560.4,1554.8,38.78,2.5,1.545,4.299,17.56,1041.4,0
31.54,42.63,77.17,2034.6,2111.4,28.23,7.6,1.051,5.498,17.48,193.2,0
28.97,37.57,61.31,1586.8,1665.7,35.69,7.4,0.203,4.718,17.18,2725.0,0
27.4,37.28,70.04,1218.1,1198.3,50.51,151.6,0.148,2.978,14.48,427.2,0
29.19,39.7,57.38,2152.2,2104.9,30.26,61.1,1.099,5.649,10.82,4005.1,0
22.89,32.8,62.95,1533.1,1631.8,40.79,19.5,1.339,3.425,23.14,5515.0,0
21.73,30.55,66.51,1167.7,1107.7,43.47,57.6,2.981,7.392,11.59,5551.9,0
26.05,33.66,67.08,1990.8,2028.6,31.78,12.8,0.528,4.758,16.57,5475.1,0
24.09,35.62,63.92,1185.2,1166.6,50.08,6.1,0.871,4.781,12.0,3437.5,0
26.38,36.62,69.8,1457.8,1437.6,44.04,111.1,5.223,7.17,12.94,5786.0,0
27.26,38.43,65.85,1623.0,1587.7,37.48,30.7,3.939,3.602,12.74,3276.8,0
28.69,39.62,73.7,966.1,983.7,63.63,31.0,1.169,3.651,14.97,938.3,0
24.57,35.17,58.46,1200.9,1200.8,50.13,109.3,1.025,5.36,16.81,3335.4,0
27.65,37.33,74.49,2440.9,2370.7,23.14,66.3,2.425,6.137,17.97,3346.5,0
26.88,37.37,68.81,1661.7,1659.6,36.11,48.1,2.026,4.364,8.9,3568.8,0
27.55,38.98,75.98,823.3,786.6,64.67,18.3,0.692,2.688,8.99,3040.9,0
25.81,35.89,61.01,2095.4,2088.8,30.18,61.4,1.694,5.337,12.95,4159.7,0
29.62,41.52,59.94,1702.9,1727.7,40.66,59.1,1.316,5.289,14.55,4811.6,0
26.64,35.14,57.55,1185.7,1160.6,52.31,23.7,3.618,5.297,12.33,4683.0,1
30.4,38.79,68.47,1310.0,1294.6,46.52,25.9,6.024,6.29,17.38,4346.5,1
25.27,36.26,67.13,1189.1,1153.5,47.96,22.0,1.594,6.865,14.29,2747.1,0
28.34,37.52,63.86,1255.7,1276.1,47.38,12.5,0.555,5.429,11.46,122.5,0
26.73,38.77,58.42,1529.8,1524.7,40.25,11.8,2.852,5.998,18.3,3202.3,0
26.19,37.53,64.66,1619.8,1639.8,32.08,0.4,1.832,6.003,16.64,4972.5,0
28.11,39.7,66.7,1255.2,1259.4,44.35,15.9,1.135,5.807,16.05,4937.0,0
26.25,37.14,58.53,1612.5,1705.1,35.97,37.9,3.151,4.881,13.44,1607.2,0
21.53,30.6,68.2,1636.3,1656.7,35.19,26.0,3.607,5.793,12.04,5658.5,0
20.72,29.06,54.23,1126.4,1130.9,54.82,14.2,6.593,7.546,20.92,5115.3,1
29.39,40.89,68.62,1751.9,1760.5,36.19,17.4,0.848,4.432,15.04,4651.4,0
29.31,37.81,77.5,990.3,1075.4,57.06,49.1,5.006,4.045,10.71,75.0,1
30.62,42.21,70.86,1293.3,1358.2,42.57,85.9,2.901,6.456,17.93,1023.5,0
26.81,37.48,70.65,1629.6,1698.5,38.41,47.9,0.735,4.438,23.21,1903.0,0
24.26,34.19,63.55,2427.8,2427.3,21.82,25.5,0.485,6.308,11.76,2085.8,0
26.01,36.45,62.46,1081.9,1119.0,61.2,15.3,1.061,3.189,15.06,3580.2,0
26.87,37.34,63.09,1508.7,1503.7,39.94,11.9,2.039,4.441,14.43,4633.4,0
24.84,34.63,69.53,3342.3,3376.2,17.29,52.7,0.502,5.889,17.67,5991.8,0
30.15,41.57,76.87,1222.7,1220.5,49.88,41.2,1.421,4.922,14.76,3480.8,0
31.33,42.72,80.14,1591.2,1585.0,39.5,31.9,0.85,6.102,12.64,2375.7,0
27.81,37.96,59.88,1961.7,1944.0,30.69,69.6,1.67,6.623,17.62,882.8,0
26.83,36.23,54.91,1148.3,1160.5,49.31,8.1,1.441,5.174,16.58,909.2,0
24.26,35.57,68.09,3342.3,3389.0,14.51,24.9,0.674,5.166,20.27,12.4,0
29.94,37.92,60.35,1826.3,1874.3,32.86,8.7,1.178,4.985,20.23,606.1,0
27.0,37.45,62.05,1572.1,1542.5,37.01,14.4,0.126,4.976,14.13,1193.7,0
26.27,37.01,63.19,1286.8,1284.3,48.52,66.0,1.406,6.737,18.41,389.3,0
27.81,36.98,59.02,969.6,917.1,62.4,23.1,1.788,6.121,18.21,2879.9,0
25.68,36.65,70.41,1570.0,1549.3,37.55,77.2,1.856,4.676,19.57,5991.9,0
27.14,37.12,61.51,1518.5,1486.4,44.6,85.2,5.131,7.564,15.47,2674.4,0
23.97,33.42,72.42,941.2,877.2,67.48,46.8,3.522,7.836,8.7,4817.1,0
29.02,39.99,69.67,1450.6,1436.8,40.05,87.2,1.184,5.46,10.53,5420.5,0
26.64,35.56,70.22,1341.3,1427.6,44.68,8.9,2.725,3.813,12.84,877.3,0
29.17,40.04,70.63,2070.2,2067.9,27.63,4.7,1.307,4.674,12.57,1725.1,0
26.45,34.47,61.37,976.0,1024.0,59.59,96.6,5.941,5.675,19.54,5030.9,1
26.58,36.86,70.47,1813.9,1815.4,32.87,32.7,3.336,5.873,16.52,1737.2,0
24.43,34.47,63.46,1332.6,1317.6,42.69,24.6,0.577,7.839,15.98,2666.5,0
28.37,37.83,72.61,1427.0,1488.5,42.4,122.3,1.045,7.734,15.64,715.4,0
25.1,35.49,65.66,1400.4,1480.8,40.85,12.9,1.513,5.917,12.52,4275.3,0
25.88,35.8,69.4,1478.2,1421.9,35.66,9.6,1.416,1.316,22.1,1493.9,0
26.85,37.91,65.02,1558.5,1622.5,42.41,0.4,0.774,3.611,15.99,3983.3,0
27.09,37.65,76.66,848.6,861.2,57.57,17.4,0.675,3.456,15.5,1483.0,0
23.44,33.89,49.45,936.0,877.5,62.81,8.0,0.933,7.349,14.72,1767.0,0
26.39,36.68,73.2,1602.4,1585.4,38.25,5.3,0.599,3.828,9.69,5529.7,0
28.44,37.97,61.47,1560.2,1557.2,35.51,7.6,0.707,2.733,19.76,4075.4,0
26.09,35.79,75.1,1856.9,1893.3,31.91,54.2,1.996,8.164,17.65,5544.4,0
26.4,36.65,64.85,876.6,900.4,66.86,23.6,1.982,4.786,23.34,1915.0,0
27.17,37.0,73.81,1376.2,1360.1,41.29,30.3,0.891,5.698,17.94,3408.0,0
26.6,37.71,65.63,1230.1,1266.9,51.15,40.3,1.606,5.949,17.98,309.8,0
24.79,34.88,70.7,1340.5,1312.1,46.97,41.8,1.746,6.503,12.9,4366.8,0
26.78,37.15,74.61,810.7,791.5,62.08,81.2,5.172,3.032,16.3,1395.4,0
28.84,37.44,70.71,1524.7,1621.1,37.52,24.5,0.438,3.485,17.4,1622.7,0
24.75,35.69,68.14,2225.7,2147.5,28.93,128.3,0.36,7.651,7.26,2473.0,0
26.1,35.52,64.2,1060.2,1102.3,58.59,73.8,1.903,3.878,22.29,553.9,0
24.09,33.04,63.63,1235.5,1181.8,49.03,6.7,2.97,5.242,17.0,1824.3,0
28.73,40.38,75.93,1210.7,1231.5,44.56,39.1,1.537,8.117,19.86,3005.8,0
26.67,37.36,70.89,1097.8,1104.0,55.35,26.8,3.569,7.928,19.51,5727.8,0
25.15,36.13,68.83,1323.5,1293.0,45.13,17.6,2.461,6.268,11.12,1054.5,0
27.03,37.49,59.86,1140.4,1138.1,55.7,93.0,2.281,4.599,12.01,3308.3,0
24.44,34.35,69.25,1310.0,1263.8,42.47,12.2,1.461,6.002,14.41,4054.1,0
24.78,34.5,53.67,1106.6,1134.1,49.02,179.3,0.317,3.91,13.77,4038.5,0
23.93,34.71,61.45,1404.6,1442.3,45.26,69.9,1.419,6.515,16.26,40.2,0
24.72,35.85,69.26,1595.1,1657.7,36.75,116.7,2.735,6.494,18.95,5995.6,0
29.56,39.5,75.15,1604.9,1690.2,37.95,5.5,2.347,3.61,8.29,5193.0,0
25.38,37.46,73.78,1579.7,1565.5,36.07,121.5,2.338,9.93,13.8,1594.3,0
27.78,37.59,77.9,1538.4,1509.5,42.65,65.3,2.164,6.51,18.79,3843.2,0
25.18,33.78,64.59,1601.8,1574.9,35.44,44.8,1.615,4.498,8.59,4633.6,0
28.37,36.65,64.55,1256.7,1323.9,44.36,45.8,3.713,8.383,18.41,4697.6,1
24.8,33.11,62.26,1411.4,1390.2,44.02,14.2,1.534,5.571,19.34,3958.2,0
26.93,36.51,69.04,1245.8,1272.9,42.05,38.0,4.73,5.353,11.07,1516.5,0
26.96,36.72,63.96,1355.1,1292.1,42.23,0.8,1.434,4.568,16.21,3089.2,0
31.51,42.19,73.74,1717.8,1715.6,34.34,15.4,2.05,6.878,17.82,2524.9,0
28.11,38.08,62.28,1400.7,1416.7,37.18,20.4,2.089,7.756,16.93,1712.5,0
25.66,36.51,83.76,2467.0,2456.9,23.29,38.3,0.598,5.25,18.01,5857.7,0
28.22,38.26,68.29,1455.6,1433.8,38.8,10.0,5.373,5.732,16.53,1803.6,0
31.13,41.14,78.32,1766.5,1689.9,30.14,93.2,0.657,4.365,16.22,4934.8,0
23.59,33.01,58.38,1358.8,1448.1,41.0,218.8,2.874,5.832,17.36,5115.9,1
25.17,36.59,62.03,1798.4,1811.9,32.86,17.3,1.757,6.514,19.11,580.6,0
26.38,34.84,65.58,2912.0,3009.7,19.49,205.7,1.627,7.667,13.44,4561.2,1
26.02,36.32,56.85,938.0,970.2,62.52,2.7,0.465,5.279,18.05,5337.6,0
26.18,36.0,67.03,1602.7,1654.7,37.69,26.4,1.014,5.214,9.89,3342.5,0
24.24,35.02,62.92,1178.2,1165.8,54.47,33.3,2.985,5.449,9.51,2587.1,0
29.66,39.64,81.73,1662.6,1668.3,34.73,44.3,0.172,4.6,4.78,5554.9,0
24.0,34.01,61.82,1132.0,1139.8,56.98,3.8,2.051,6.715,12.8,1608.4,0
26.45,36.18,63.03,2228.1,2234.5,28.48,78.0,0.869,5.948,11.32,1428.0,0
28.94,40.33,74.14,1370.0,1460.2,41.76,22.3,2.309,6.241,14.22,5707.3,0
26.79,36.79,63.35,1983.5,1977.2,29.08,25.7,1.742,3.935,15.52,5911.0,0
24.89,36.86,68.4,940.0,947.6,66.01,27.9,0.868,6.983,12.05,706.0,0
24.15,34.42,66.49,1734.2,1707.4,37.51,14.5,1.031,4.477,18.18,3693.2,0
26.39,36.41,71.52,1281.7,1297.7,48.28,17.9,0.796,4.922,17.0,4774.8,0
25.34,35.19,65.9,1181.2,1151.1,44.51,39.4,2.794,4.189,10.33,5588.3,0
27.26,37.82,67.78,1392.1,1377.8,39.74,14.3,0.556,4.609,6.77,1042.5,0
24.05,33.46,63.08,1297.5,1384.8,45.18,12.7,0.351,5.28,14.72,3320.3,0
28.48,38.62,58.25,1079.8,1075.5,53.59,41.3,2.25,5.109,10.95,3460.0,0
27.08,37.09,76.97,1334.8,1287.0,46.68,125.9,2.046,4.644,19.08,5842.5,0
27.23,37.55,60.44,1471.9,1546.7,41.62,94.4,0.934,7.622,17.23,4241.2,0
29.73,40.08,66.42,1467.1,1463.4,45.19,68.3,1.163,6.743,12.79,5172.0,0
25.97,36.38,64.18,929.5,983.8,59.15,9.8,4.678,6.41,16.5,1804.0,0
25.4,35.49,72.77,1514.6,1570.0,35.83,45.4,4.023,7.262,15.65,2981.2,0
25.75,37.32,67.07,3221.1,3243.7,21.46,10.7,1.091,4.906,19.12,2218.5,0
26.46,36.89,70.55,2158.5,2180.9,29.03,17.3,5.142,5.879,12.06,3134.3,0
26.67,39.27,65.56,2048.7,2020.4,29.78,6.3,1.522,5.513,25.64,1203.3,0
25.19,35.24,57.93,1858.3,1863.6,31.19,65.6,2.068,2.648,17.24,1011.9,0
22.8,33.76,58.37,1812.1,1879.8,31.53,99.2,2.531,6.609,15.69,4393.8,0
25.73,35.0,69.04,1513.2,1503.3,39.76,35.9,3.201,4.969,17.16,1943.5,0
27.57,38.97,70.01,1256.5,1215.8,42.47,24.8,2.091,5.665,13.25,208.7,0
27.12,36.42,66.7,1291.5,1212.1,42.37,36.9,0.888,4.519,14.41,678.5,0
29.25,39.7,86.79,1865.3,1875.1,32.7,11.4,0.243,5.414,11.16,4382.6,0
30.76,40.5,79.35,1181.0,1147.6,49.94,8.8,3.417,9.266,19.0,4196.9,0
28.37,38.82,69.1,1260.0,1331.8,45.34,3.3,0.488,1.773,14.21,621.0,0
29.62,39.38,61.89,1165.1,1188.7,55.81,99.2,0.644,6.88,14.75,1490.7,0
28.38,37.59,77.69,1303.2,1315.0,48.47,7.2,2.242,8.557,13.92,4994.9,0
30.27,40.0,74.66,1461.5,1471.9,36.5,86.7,1.15,2.647,14.03,228.9,0
30.55,42.09,61.44,990.6,990.3,53.05,8.1,1.824,4.505,12.07,1777.3,0
28.75,39.22,67.37,1518.8,1530.5,42.74,14.0,1.862,6.353,14.24,3196.7,0
28.26,36.97,64.63,1241.1,1186.3,47.98,69.9,1.113,4.885,4.61,4669.0,0
26.44,37.53,69.45,1389.3,1424.5,47.2,8.5,0.723,4.572,19.9,3597.1,0
26.77,35.88,67.44,1574.3,1566.8,38.76,6.3,2.958,6.541,13.91,5071.3,0
26.17,36.92,67.29,1357.0,1373.4,41.03,14.8,2.409,1.844,12.64,3157.8,0
28.09,38.65,63.09,1513.5,1460.9,38.69,100.8,1.325,6.639,19.14,1668.1,0
25.41,36.03,71.82,1947.6,1886.7,31.47,24.7,0.235,6.704,22.21,4451.4,0
26.47,38.32,63.74,3342.3,3311.4,18.55,5.0,1.101,7.167,9.67,3725.2,0
22.14,31.31,66.34,1582.4,1582.2,33.06,25.3,1.18,6.274,20.14,2151.2,0
30.3,40.91,64.01,1442.3,1513.3,41.99,80.4,3.72,6.809,10.03,3043.0,0
26.41,37.67,60.09,1007.2,849.1,50.86,94.9,4.058,5.516,15.49,2958.2,0
27.76,37.12,56.12,1246.1,1343.8,47.96,65.6,1.736,2.859,20.87,4695.3,0
29.77,39.02,67.64,1485.8,1435.0,37.2,47.3,1.848,4.784,11.03,3984.9,0
27.45,37.16,75.97,1965.3,1996.4,33.2,55.1,0.522,5.171,11.53,1239.4,0
29.74,40.06,78.08,1506.2,1548.1,38.2,13.3,2.353,5.123,20.14,274.3,0
24.37,32.96,63.21,2197.3,2169.3,30.25,71.2,0.208,4.412,4.27,5273.4,0
31.64,42.2,80.52,3089.2,3108.6,18.85,3.6,0.771,4.757,20.71,4542.2,0
29.02,37.62,62.09,2319.3,2291.9,24.55,33.8,1.037,6.49,9.7,4645.9,0
27.27,38.56,65.86,963.9,955.4,53.75,2.3,1.816,5.878,16.32,1911.6,0
29.7,40.21,60.0,987.8,922.8,58.57,61.4,0.479,4.188,9.6,2308.8,0
24.51,36.43,72.35,1309.7,1288.3,47.54,52.1,1.566,6.447,14.63,1042.1,0
26.27,36.94,60.77,1589.8,1650.6,39.42,6.8,0.443,5.761,12.43,3418.0,0
29.74,39.43,65.84,2256.0,2328.5,26.07,66.1,4.087,3.237,13.06,4462.0,0
23.12,32.32,62.55,1643.1,1616.9,38.39,179.6,0.867,5.69,11.46,5495.3,0
27.97,38.21,66.47,1415.8,1389.7,46.12,50.1,2.357,6.326,16.15,2117.7,0
27.91,37.88,61.7,1171.1,1115.0,48.3,35.5,1.22,4.195,13.08,5793.0,0
30.79,41.97,68.4,1386.3,1421.8,46.89,15.0,1.08,5.697,17.37,3955.6,0
23.68,32.76,50.37,1158.1,1165.4,52.1,92.8,2.407,3.967,16.03,940.1,0
30.07,42.09,70.39,879.1,863.9,59.43,46.8,0.857,4.465,14.74,5608.2,0
25.73,37.01,62.19,1504.1,1474.3,35.95,23.0,0.94,5.974,16.89,1243.6,0
25.96,35.75,70.43,842.3,870.2,68.05,66.3,1.169,7.63,15.31,1478.2,0
24.41,36.2,62.42,3305.8,3297.5,19.8,35.1,1.661,6.237,7.12,5615.8,0
24.67,33.89,63.21,1908.5,1936.9,32.22,15.5,1.182,4.3,16.47,4566.6,0
27.66,37.86,67.0,1353.6,1348.9,42.0,4.2,0.892,6.331,12.89,903.3,0
24.63,33.35,70.55,1368.0,1413.4,45.49,18.3,0.973,5.284,10.99,5487.9,0
28.33,40.18,71.91,1678.6,1710.3,38.18,106.6,1.475,7.064,10.13,3254.3,0
25.52,33.88,63.59,1718.7,1683.9,35.04,24.7,1.14,5.873,11.57,5700.6,0
24.42,32.98,62.97,875.1,863.0,62.03,21.1,9.185,4.431,18.22,4870.3,1
25.79,35.16,61.39,1819.4,1732.8,34.56,38.4,1.429,5.501,6.94,5270.9,0
27.52,38.85,71.33,1926.8,1944.3,29.81,20.0,1.505,5.442,17.28,1265.0,0
26.3,37.25,66.4,954.0,903.4,56.91,14.7,1.441,2.675,9.46,674.2,0
26.92,37.04,58.85,1286.5,1307.0,48.49,1.2,1.434,5.984,14.91,5490.7,0
28.24,39.26,71.23,1096.7,1043.9,50.95,35.1,0.698,9.053,22.35,2282.5,0
29.01,38.9,68.87,1358.9,1330.0,41.96,9.8,1.573,4.683,16.41,2233.3,0
26.23,36.65,66.95,2176.1,2112.7,26.24,0.7,2.153,1.215,12.81,808.5,0
24.76,36.41,71.68,1436.3,1500.4,40.85,23.9,0.655,4.788,8.11,2522.6,0
27.0,36.76,73.35,2475.5,2497.7,24.86,15.3,1.519,9.024,16.06,4227.2,0
27.79,37.02,71.54,1307.7,1331.1,42.42,13.0,2.603,3.901,11.74,5000.4,0
23.93,34.4,58.57,1318.3,1240.7,46.53,9.2,0.834,7.309,12.05,2973.0,0
25.07,35.81,61.48,1088.2,1074.8,50.75,17.0,1.137,4.388,23.57,112.3,0
25.41,35.52,61.12,1352.8,1380.7,39.08,7.0,2.219,5.956,14.6,3955.7,0
26.43,37.44,61.39,1336.9,1380.9,47.48,25.7,2.368,5.401,11.1,1786.8,0
25.33,35.13,61.74,2099.3,2077.2,30.96,33.2,1.305,4.086,13.81,1561.8,0
28.26,38.39,66.07,1307.0,1276.5,49.67,21.6,2.733,4.053,11.33,1068.4,0
23.64,34.01,68.45,1313.2,1268.3,46.75,74.6,0.295,7.172,13.77,912.8,0
23.69,33.98,69.49,1779.3,1826.0,32.0,9.3,0.636,7.493,12.73,4090.4,0
26.18,37.8,76.59,1185.6,1092.4,45.3,8.4,0.629,6.009,15.92,5178.7,0
26.5,36.87,67.43,1300.5,1307.8,50.9,4.3,0.368,4.17,13.33,4102.3,0
23.94,33.64,61.01,1313.3,1189.5,40.79,60.7,0.995,5.35,20.78,5600.5,0
25.64,36.16,78.36,1960.0,2002.6,31.77,30.5,1.444,5.178,19.27,5460.4,0
26.05,37.06,74.15,1484.1,1443.4,41.78,0.1,1.872,6.179,11.58,221.8,0
26.06,36.84,80.9,1224.6,1278.3,45.52,33.3,0.497,5.355,12.7,1628.5,0
27.15,37.87,64.07,1933.6,1878.9,31.7,94.1,1.053,4.697,11.38,2455.5,0
25.53,34.03,67.9,1898.4,1911.1,29.92,60.2,1.012,4.724,15.38,3346.5,0
29.81,37.31,70.97,1335.6,1360.1,45.22,42.0,8.906,6.058,19.13,4629.4,1
27.83,39.1,74.65,1266.8,1246.5,48.23,31.7,1.119,7.712,14.1,1178.8,0
25.24,35.67,62.97,871.9,786.9,61.5,39.6,2.789,8.182,20.39,2020.5,0
27.04,37.02,61.04,1310.1,1268.8,46.66,51.6,1.91,6.222,17.79,5312.6,0
27.1,37.79,65.63,2379.1,2338.1,27.91,3.5,3.221,5.882,17.74,5204.6,0
29.28,41.21,66.96,1063.6,1100.3,60.4,4.9,2.236,4.291,20.51,5717.4,0
25.65,37.06,61.55,1195.4,1183.6,50.55,75.6,1.595,5.079,15.9,4324.0,0
28.38,39.35,69.78,2940.0,2979.3,19.95,47.1,0.943,5.552,16.77,5597.1,0
26.93,36.05,68.11,2076.4,2156.0,29.7,10.0,2.822,6.955,16.42,130.2,1
29.83,39.08,62.87,1655.9,1553.6,35.08,26.3,2.061,5.17,14.66,387.5,0
29.43,37.05,68.11,1296.2,1306.4,48.38,69.1,4.598,4.875,13.68,3506.6,1
27.24,37.88,60.57,3342.3,3322.0,16.21,88.9,1.39,5.325,18.92,108.3,0
26.33,37.43,60.14,1401.4,1432.3,38.81,1.3,4.016,6.996,12.61,145.3,0
27.86,39.05,70.8,1240.4,1225.0,47.81,70.8,0.422,6.524,14.48,2632.1,0
26.49,37.16,66.27,3342.3,3345.5,11.66,26.4,0.768,5.991,19.57,1485.6,0
30.21,40.06,74.96,1151.7,1089.2,47.47,33.1,1.727,5.537,22.57,4913.9,0
27.01,36.44,70.14,1200.2,1154.8,48.67,40.7,0.557,4.566,22.24,5230.1,0
26.04,35.21,69.7,2073.4,2079.3,31.53,23.8,1.314,5.198,17.73,5852.1,0
25.93,35.77,68.49,2274.3,2198.9,28.47,68.6,2.75,4.776,16.0,5610.0,0
24.42,33.45,69.32,1992.7,1935.0,31.38,26.5,0.601,4.317,18.92,2496.2,0
27.96,39.72,80.23,3342.3,3350.8,13.28,55.1,1.101,4.506,12.57,493.2,0
25.21,33.91,57.69,1683.1,1685.3,36.74,31.5,0.769,5.249,15.13,2081.0,0
29.05,38.85,67.92,1370.8,1344.5,42.2,17.9,0.629,6.197,22.02,2441.7,0
24.26,32.33,56.51,2125.4,2113.8,27.81,3.7,0.926,5.608,15.65,1992.1,0
27.1,37.4,63.71,1056.3,1031.4,49.72,0.1,1.679,5.33,15.29,5757.6,0
29.15,39.15,61.85,1551.9,1533.8,41.03,10.0,1.006,6.045,14.82,1784.1,0
22.55,32.19,69.78,1379.1,1340.8,42.6,19.4,1.783,3.817,20.99,4934.0,0
30.89,39.95,65.64,1669.3,1592.6,35.98,20.2,1.614,2.468,16.15,5995.1,0
26.0,36.0,74.16,1239.1,1283.1,47.43,55.5,2.404,3.396,11.77,5786.8,0
27.13,36.59,64.79,1250.2,1277.3,52.91,141.5,1.925,6.325,13.39,1316.7,0
27.99,37.86,72.92,1749.5,1668.3,35.92,16.6,0.701,8.097,15.7,4884.0,0
28.3,40.26,73.22,1349.9,1288.8,47.61,21.9,1.426,5.036,10.43,5172.0,0
27.4,37.57,54.45,1305.4,1394.8,47.72,56.8,0.827,6.327,14.68,663.3,0
28.84,39.38,65.83,1347.7,1373.1,44.18,51.3,3.372,3.262,12.8,3461.0,0
27.89,37.42,55.19,1155.0,1214.2,56.77,58.2,4.052,3.35,9.54,3678.1,0
30.37,39.59,68.22,1657.0,1608.9,32.74,7.0,0.825,5.476,16.18,5367.5,0
27.89,37.87,76.37,1451.4,1490.5,35.78,25.0,4.463,7.73,18.0,1211.3,0
30.78,43.28,72.98,1944.9,1910.4,32.23,2.9,2.496,5.58,19.5,4215.9,0
28.65,38.36,67.49,1227.9,1172.6,47.25,31.7,1.452,3.178,14.96,450.3,0
23.24,33.6,70.39,1609.0,1618.5,37.28,0.8,5.812,4.784,13.36,3518.4,0
32.07,41.24,53.28,1645.4,1588.7,33.04,31.9,1.478,3.545,14.17,2258.2,0
25.7,32.95,51.95,937.5,916.5,56.63,27.4,4.59,6.528,23.55,4361.2,1
29.84,39.05,69.25,968.7,941.3,58.1,11.3,0.93,4.084,11.38,4463.4,0
26.9,39.28,61.48,1679.0,1562.1,36.71,0.3,1.004,7.103,14.74,4934.4,0
28.97,39.57,66.48,2239.6,2149.6,26.33,103.6,2.604,4.051,12.13,1372.2,0
25.47,37.11,67.69,992.6,1000.5,58.64,16.8,0.156,4.113,18.81,3276.1,0
28.1,37.75,71.76,1325.8,1292.0,44.71,46.7,2.232,7.969,12.89,1536.8,0
26.34,33.99,71.64,1369.1,1406.4,44.21,34.5,6.039,3.944,9.79,223.2,1
30.01,38.9,73.37,1492.6,1500.4,41.05,12.5,1.91,7.289,13.17,2361.7,0
27.73,38.12,67.26,2050.4,2042.8,32.0,51.1,1.812,4.147,15.75,5307.5,0
28.72,38.96,63.51,1500.3,1580.2,35.87,29.6,3.809,3.961,18.49,4405.9,0
22.52,32.51,74.63,1187.1,1211.2,46.78,3.8,3.476,6.828,19.29,2899.6,0
26.68,36.15,70.66,1688.7,1697.2,35.52,18.1,2.267,5.551,11.44,5665.5,0
27.67,38.61,63.36,1449.9,1478.8,44.33,14.9,1.907,3.904,13.27,5924.8,0
27.3,36.8,77.9,1523.3,1542.6,40.13,9.7,0.24,4.641,14.58,685.3,0
28.77,39.08,66.58,1846.8,1841.9,29.43,129.5,0.725,3.097,14.54,5075.5,0
26.12,36.31,70.93,1028.8,1039.9,56.21,5.7,1.357,3.253,8.57,2723.1,0
26.95,36.58,69.09,1403.5,1372.7,45.94,4.5,0.463,5.925,14.47,5724.8,0
29.21,38.33,65.09,1405.8,1443.1,43.31,52.1,1.007,4.281,11.9,3865.8,0
22.29,31.87,46.31,1318.0,1302.1,45.55,114.8,2.678,7.583,17.61,596.8,0
28.03,39.9,65.19,2683.7,2709.9,22.07,2.1,1.077,4.293,21.59,3249.3,0
26.18,37.29,76.81,1814.1,1791.4,35.07,2.6,1.719,3.753,17.28,3530.8,0
25.03,36.05,65.78,2196.1,2087.3,24.73,59.2,1.978,5.157,13.35,4564.3,0
27.52,36.74,75.94,1574.3,1589.8,41.25,72.3,2.127,4.635,14.46,5062.1,0
29.3,37.87,64.78,1400.0,1504.6,43.26,15.6,2.287,4.796,21.42,4785.6,0
28.93,40.02,71.98,1438.4,1393.3,41.41,15.8,2.291,4.048,8.34,442.5,0
26.58,37.48,70.91,1075.8,1067.8,51.79,17.8,0.208,5.699,15.8,4807.1,0
28.6,38.74,71.17,2251.5,2264.0,25.03,39.1,2.864,5.083,17.91,3173.3,0
28.59,38.22,68.16,1729.7,1747.9,32.01,48.1,1.782,7.157,19.9,1888.6,0
26.68,35.21,63.74,1444.4,1485.4,44.14,14.0,1.204,8.6,7.28,3325.3,0
25.46,36.33,53.05,1579.3,1557.8,42.64,3.4,1.053,4.484,11.55,1762.0,0
25.58,36.77,73.06,2058.0,2028.2,26.85,64.6,0.125,5.244,13.2,5665.4,0
28.53,37.85,81.25,1082.4,1031.0,51.97,43.6,0.551,9.114,14.01,4173.8,0
26.77,36.0,67.54,1121.8,1143.7,55.43,54.3,0.567,2.915,12.76,2450.4,0
24.76,36.0,67.56,1310.6,1350.5,44.26,31.5,0.576,7.763,13.69,1588.2,0
23.48,32.84,63.53,2544.6,2560.7,24.91,30.8,0.284,6.524,14.21,3449.1,0
28.51,40.29,54.66,1359.8,1366.2,41.6,18.9,2.212,2.857,14.54,1981.5,0
25.76,35.65,62.73,1444.9,1436.1,43.4,25.3,1.445,4.635,14.17,1330.0,0
27.51,37.12,67.24,1549.4,1608.5,37.28,71.4,1.501,8.342,17.07,985.2,0
29.33,39.37,73.79,1270.4,1351.1,53.47,24.9,3.304,6.124,19.67,403.9,0
24.23,33.85,56.93,1484.1,1476.3,38.84,3.8,0.307,4.551,21.54,3740.4,0
26.76,37.89,66.04,866.6,823.4,61.05,6.1,3.147,3.93,14.28,143.1,0
26.51,37.39,57.78,1280.0,1218.6,47.83,16.4,1.117,2.881,19.67,4994.2,0
27.61,38.7,75.89,1427.6,1467.4,42.76,38.5,2.442,5.892,15.81,439.5,0
29.33,39.51,69.65,1169.3,1112.6,49.2,49.8,0.159,7.202,10.54,4574.3,0
24.19,33.73,72.87,1130.1,1105.9,55.31,11.4,3.057,6.354,11.8,4102.5,0
27.99,37.98,61.48,1213.9,1180.4,48.99,29.4,0.45,5.37,18.91,3626.5,0
28.91,38.49,70.64,1430.7,1509.8,39.24,9.6,1.246,6.01,18.27,1258.3,0
26.48,37.94,66.69,1818.2,1860.1,33.4,22.8,3.298,5.083,19.86,641.3,0
26.58,37.58,68.25,1994.9,2064.8,28.78,26.8,1.957,6.326,15.97,99.3,0
27.69,37.6,61.97,3342.3,3324.5,15.59,40.8,1.271,3.086,10.12,5970.9,0
27.54,36.61,64.81,1324.3,1375.5,41.74,59.1,2.418,3.544,22.29,5799.6,0
28.01,39.56,74.2,1697.2,1738.4,36.12,3.7,1.105,4.412,15.21,2157.0,0
27.97,38.11,71.49,1561.1,1581.0,36.66,8.2,2.82,3.279,13.27,1202.7,0
24.89,34.76,58.58,1263.1,1231.6,50.29,16.4,1.568,7.862,10.31,2018.3,0
28.83,40.38,77.96,1500.5,1500.9,38.88,31.5,0.188,4.875,11.77,5429.8,0
29.18,38.67,72.82,969.5,992.4,58.95,7.3,1.145,5.361,17.53,4345.6,0
27.22,36.9,68.74,1785.5,1776.7,34.27,87.2,1.72,6.808,14.58,5062.4,0
23.86,33.63,51.38,1778.5,1747.3,30.29,2.5,2.082,4.437,7.45,716.7,0
26.62,35.3,67.06,2312.2,2399.9,27.42,16.2,2.602,3.157,12.34,3232.2,0
27.24,37.55,62.59,1360.1,1382.0,47.23,4.8,1.093,4.202,11.39,973.0,0
24.56,33.8,62.53,1041.1,1037.7,51.51,23.4,1.789,4.648,12.2,5203.2,0
26.13,35.56,61.41,1841.1,1879.1,34.06,42.8,0.835,5.844,15.56,2788.7,0
24.03,33.33,49.5,1898.2,1953.8,29.36,17.9,4.571,4.029,8.08,293.5,0
28.06,37.48,71.78,908.8,861.7,55.3,14.9,2.34,5.255,15.25,821.8,0
27.18,36.34,67.39,2480.6,2383.9,25.5,35.4,2.563,5.566,24.55,2872.6,0
23.56,33.81,62.15,1265.6,1281.8,50.1,14.9,3.518,5.092,11.98,1860.1,0
27.55,37.4,73.13,2004.2,2051.6,34.29,13.5,1.569,7.86,20.17,4222.5,0
26.74,36.78,67.46,1260.4,1320.6,43.97,21.5,3.401,6.03,12.82,5828.9,0
27.88,40.24,65.68,1175.2,1202.8,50.77,51.2,2.241,5.721,9.73,4587.2,0
26.07,35.91,75.26,1294.9,1236.2,44.76,43.6,2.286,7.204,5.29,3580.9,0
25.25,35.85,71.08,1734.3,1752.0,37.05,50.3,1.103,6.181,19.26,3552.7,0
25.31,36.03,64.94,1077.6,1109.3,53.96,55.7,2.848,1.89,16.19,3817.2,0
25.77,35.71,64.26,1497.1,1482.3,42.89,24.0,1.947,7.438,4.44,322.9,0
26.89,37.16,74.05,675.6,712.1,76.83,109.3,1.193,3.898,15.08,661.4,0
27.15,37.17,65.39,2842.8,2777.3,22.95,39.3,0.224,5.56,8.76,4086.8,0
26.47,36.67,73.2,2670.7,2748.8,22.8,74.4,1.683,3.968,23.81,2565.4,0
26.0,35.42,59.53,1044.4,1014.1,49.94,4.7,1.177,5.915,14.89,4445.4,0
26.15,35.65,72.88,1542.7,1464.2,39.68,6.7,1.25,4.039,13.37,2641.9,0
31.87,41.88,71.24,1222.6,1184.7,47.93,85.9,1.568,5.488,13.32,4470.6,0
25.31,33.34,67.03,2044.3,2080.6,29.02,2.6,2.546,6.763,16.39,4195.3,0
25.73,37.23,66.94,1531.8,1569.9,40.54,189.1,3.56,3.672,13.38,2016.6,0
33.44,45.6,69.05,1366.9,1373.7,44.57,0.4,2.952,4.048,10.5,4572.5,0
27.69,37.86,72.04,1893.2,1791.8,34.56,11.9,2.045,3.271,17.05,4814.4,0
24.09,34.76,63.19,1436.1,1385.7,42.32,18.0,2.112,7.803,11.28,5644.7,0
28.54,39.62,59.04,2199.2,2180.6,26.38,39.4,1.403,5.129,18.6,565.8,0
25.03,33.71,60.19,1465.6,1449.4,43.95,66.3,3.699,5.092,20.04,1036.7,0
28.67,39.6,63.11,1076.6,1018.1,54.45,140.9,0.736,4.046,13.51,5350.1,0
26.43,36.0,75.33,2137.7,2128.0,27.62,1.8,0.549,4.474,8.18,4278.4,0
25.97,38.26,70.1,2175.1,2223.3,27.02,7.2,1.124,2.453,13.75,5882.3,0
30.07,39.88,74.8,1179.4,1182.1,51.9,46.9,0.369,6.297,14.81,106.0,0
27.98,38.89,74.25,2376.5,2448.8,26.84,3.1,1.876,4.033,9.28,1778.8,0
28.8,38.62,61.33,1138.8,1135.2,48.41,8.7,6.984,5.45,6.7,484.7,0
27.72,39.92,74.3,1349.7,1421.9,40.55,24.1,4.355,5.982,6.84,5968.5,0
25.96,35.45,64.55,1689.6,1775.2,35.82,19.4,1.924,8.871,19.6,5326.2,0
28.07,39.24,60.91,1028.9,1047.6,54.67,4.8,0.481,3.444,18.19,377.8,0
29.27,39.9,72.36,1302.3,1309.2,49.28,9.6,2.655,5.603,9.58,3320.3,0
27.12,37.52,67.37,1369.0,1431.8,42.8,65.3,3.525,4.828,19.17,363.2,0
30.45,40.68,79.85,3167.0,3222.3,18.47,90.8,0.956,2.405,15.75,3928.4,0
28.55,37.88,59.54,1351.4,1337.0,47.12,4.6,1.749,9.262,16.42,1178.5,0
27.27,34.69,73.41,2024.9,2009.6,29.29,14.2,0.211,3.916,0.0,1133.9,0
27.35,38.43,66.19,1673.7,1696.1,37.79,1.9,2.054,5.566,11.93,3792.4,0
27.12,36.64,70.44,1306.8,1244.8,40.07,31.2,1.354,5.413,19.28,3335.2,0
24.35,35.52,59.46,1021.5,1044.9,58.97,31.6,0.696,5.916,5.87,1381.3,0
26.67,37.02,84.84,1513.5,1515.3,37.47,39.4,1.184,11.197,21.52,1896.6,0
27.29,38.49,69.77,2251.5,2197.7,25.77,19.3,0.897,5.861,17.69,2346.8,0
26.02,36.82,61.48,1032.0,1012.4,54.7,61.5,1.153,5.118,13.95,1359.7,0
27.53,35.06,63.4,1312.9,1338.1,47.26,29.7,4.909,6.915,12.08,478.0,1
26.89,37.51,58.69,1205.1,1195.2,47.63,43.0,0.756,5.561,18.05,240.3,0
28.4,38.05,69.96,999.2,1014.2,54.88,25.5,2.412,6.987,16.11,5513.3,0
28.18,39.34,62.32,939.0,974.6,57.23,29.6,2.404,7.068,13.56,5385.2,0
27.18,37.78,66.6,1996.5,2074.0,31.08,29.3,0.65,5.511,17.13,3302.2,0
24.12,34.72,59.2,2295.7,2277.7,26.09,15.4,5.326,6.379,10.48,3000.0,0
30.43,40.16,77.75,1332.3,1326.3,48.42,6.3,0.73,7.617,12.47,4933.2,0
26.57,35.65,75.27,1531.8,1540.3,37.38,253.0,1.891,5.468,13.48,5729.7,0
26.69,36.26,66.21,1636.3,1731.6,38.28,5.1,0.457,6.941,12.44,887.7,0
26.16,34.37,65.16,1963.7,2017.3,28.78,87.4,0.524,5.017,15.22,1928.0,0
25.87,35.28,65.23,1571.6,1528.0,45.84,48.2,2.751,6.115,14.2,5865.5,0
29.94,38.47,66.77,1224.9,1152.3,44.02,11.8,7.092,4.025,18.67,2297.3,1
29.62,38.18,68.58,1756.1,1820.4,38.45,21.0,3.993,4.023,16.37,3173.7,0
27.74,37.86,74.53,2218.4,2228.7,26.12,36.9,3.222,7.782,19.25,832.1,0
26.63,37.17,68.7,1056.7,1129.0,52.09,18.0,0.889,5.755,8.41,2671.2,0
28.09,38.06,65.32,1324.0,1400.3,42.56,30.3,2.977,5.326,19.23,4492.1,0
27.0,36.5,73.38,1129.4,1107.4,51.18,15.1,0.609,7.437,12.75,1682.7,0
26.47,35.52,62.53,3342.3,3339.7,18.97,30.4,1.547,6.47,11.77,780.5,0
27.53,37.21,59.66,1439.1,1477.4,40.57,17.3,2.39,5.311,11.71,78.2,0
25.97,35.15,59.46,1742.0,1702.5,32.83,17.5,1.533,4.849,11.19,2387.6,0
27.35,37.29,68.16,1520.4,1526.9,40.36,29.9,2.526,6.407,12.17,2368.6,0
27.26,35.74,63.66,1317.8,1309.2,49.43,86.5,9.295,6.921,17.61,2509.4,1
28.06,38.76,81.78,1364.7,1342.7,43.7,16.8,0.903,5.956,20.75,327.8,0
25.61,35.04,65.29,1349.3,1384.3,40.18,5.2,4.263,8.702,16.39,2327.2,0
28.27,38.65,67.08,1552.4,1549.3,40.13,26.6,2.509,4.338,11.56,4149.5,0
25.04,35.92,73.94,2491.6,2452.4,24.4,1.8,3.995,6.082,9.4,1308.1,0
25.7,36.03,63.64,1933.0,1980.6,30.93,24.2,3.185,5.105,13.23,3921.8,0
25.79,36.59,68.04,1196.2,1254.8,51.21,8.8,4.545,4.661,14.24,3850.7,0
24.71,32.64,73.31,1563.6,1612.8,34.94,209.3,6.114,5.264,12.44,2046.3,1
28.88,38.39,71.57,1181.2,1154.1,51.4,211.5,4.258,6.495,15.27,3443.8,1
24.91,36.01,73.59,1289.4,1311.1,48.26,4.9,2.565,4.375,13.73,30.2,0
25.45,35.96,63.45,1255.5,1263.6,48.79,12.3,1.552,4.344,20.49,5698.1,0
29.36,41.21,58.34,1394.0,1399.9,43.33,51.9,2.296,2.252,8.48,1242.3,0
25.71,37.41,65.87,1619.8,1647.4,35.64,125.7,2.548,7.084,15.12,5857.7,0
26.47,36.77,69.22,1469.6,1502.5,38.49,39.3,2.149,5.987,14.11,3346.3,0
24.83,34.57,78.33,1264.0,1343.5,46.4,41.2,0.736,6.709,16.56,1450.5,0
28.52,37.56,60.81,3049.9,3076.5,18.74,17.8,1.512,3.945,16.68,4742.6,0
28.54,38.07,75.58,1012.7,1033.1,52.44,18.8,0.22,5.907,20.12,4701.8,0
28.33,37.92,71.58,1693.5,1715.7,35.0,78.1,0.24,5.848,14.66,911.4,0
27.93,37.33,69.35,1760.7,1846.0,39.14,6.1,0.94,5.803,13.17,5799.2,0
27.0,36.08,65.85,1537.9,1471.4,39.22,0.0,0.521,4.831,16.32,1239.5,0
25.8,36.2,69.9,1457.5,1513.2,39.6,75.4,3.682,4.163,6.97,3986.8,0
25.22,36.92,68.93,2202.7,2232.3,26.86,14.0,1.965,6.098,15.01,5963.9,0
29.43,40.36,69.8,1375.1,1379.3,41.52,111.6,5.482,5.175,16.1,2195.7,0
28.38,38.06,65.21,1243.8,1263.2,45.94,17.3,1.602,5.171,15.26,517.9,0
25.46,36.48,71.08,3186.1,3259.2,19.56,77.0,2.066,4.06,13.05,2113.4,0
26.93,37.28,63.39,2365.7,2393.7,26.99,77.4,3.203,5.124,16.11,4864.1,0
26.25,36.21,60.59,1182.7,1213.1,48.96,42.4,3.521,7.358,15.75,2512.3,0
24.59,34.49,75.28,1323.5,1324.5,47.1,23.9,1.982,6.727,17.29,3771.6,0
27.21,37.01,60.69,1429.9,1475.8,42.99,10.6,0.464,5.731,16.87,5939.1,0
26.02,36.67,70.19,1674.2,1721.8,33.18,40.6,2.835,6.113,15.88,724.0,0
24.94,35.08,60.7,1269.0,1171.4,47.16,16.2,0.448,3.24,15.32,3604.7,0
23.89,33.16,62.92,2152.4,2171.1,27.97,10.1,1.939,8.387,13.21,867.0,0
23.72,32.95,68.04,1472.6,1601.6,38.63,17.5,0.513,8.71,16.93,5139.8,0
26.11,36.41,66.76,2258.7,2344.9,26.94,29.8,1.148,3.909,22.74,3879.4,0
26.68,37.11,64.22,1687.1,1745.9,38.38,27.6,1.212,5.044,18.94,1542.1,0
25.1,34.79,59.1,1791.8,1797.1,29.7,90.9,0.158,6.01,13.22,1844.5,0
28.15,37.02,58.52,1279.7,1343.1,47.56,53.9,5.501,6.169,10.77,3448.0,0
26.72,37.97,71.65,1365.7,1383.9,44.33,6.1,1.199,4.627,16.33,310.8,0
28.0,39.04,76.86,1900.6,1819.5,34.29,5.9,0.365,5.747,18.69,4549.9,0
26.48,34.5,63.84,1080.5,1078.4,50.9,10.5,3.643,6.82,14.69,1077.4,1
25.28,36.62,59.07,1808.4,1737.9,30.44,20.0,2.003,3.894,14.23,5659.3,0
27.08,36.87,75.56,1476.1,1477.2,39.65,9.8,0.648,5.026,13.37,3418.2,0
24.32,34.51,53.01,1722.9,1841.0,33.85,50.2,1.505,6.865,23.42,2077.5,0
27.93,39.07,69.94,1268.3,1238.7,47.42,54.2,0.065,7.272,15.65,1652.5,0
24.98,36.63,64.34,1343.0,1390.5,46.43,2.0,5.878,6.503,18.0,1472.9,0
28.69,39.69,83.59,1130.1,1063.4,53.02,40.9,2.89,6.52,10.78,3281.9,0
26.17,36.41,67.48,1592.3,1606.1,40.83,7.7,0.589,5.176,13.79,1036.2,0
28.98,37.6,66.79,3342.3,3264.4,10.4,33.3,3.914,5.145,23.5,864.6,0
24.6,32.58,59.39,1470.6,1405.8,35.69,11.8,1.359,5.745,14.75,4716.3,0
25.49,36.37,73.3,1134.9,1171.2,55.65,20.0,2.234,4.271,17.84,603.4,0
27.61,38.95,77.77,1615.5,1608.8,36.75,54.0,1.879,5.163,10.17,5416.2,0
29.19,38.38,53.61,2884.8,2881.3,20.82,1.9,2.199,5.615,15.06,899.1,0
30.18,39.91,74.58,1309.0,1309.8,44.49,20.4,1.322,7.737,6.95,187.7,0
26.93,36.38,69.03,1346.1,1240.3,45.24,26.4,1.256,8.47,12.95,1616.8,0
30.53,39.94,70.39,1868.7,1847.3,32.73,146.5,1.751,8.395,14.89,3516.1,0
26.27,37.35,80.13,1628.1,1627.9,37.53,253.0,1.029,3.776,19.03,5561.7,0
29.05,39.27,76.01,2005.7,2025.4,31.53,65.8,2.926,7.629,14.32,187.5,0
24.97,34.74,64.59,1352.7,1221.1,45.23,27.3,1.459,5.846,14.66,3837.9,0
27.69,40.35,66.24,1458.0,1510.1,40.57,77.6,4.2,4.652,11.22,1871.0,0
22.17,30.73,48.78,2090.6,2038.2,28.34,124.9,2.423,5.083,14.36,230.0,0
24.61,35.15,61.9,1630.6,1658.4,39.9,10.4,1.318,3.476,17.96,5879.0,0
27.78,36.73,58.08,1689.6,1693.5,32.67,18.7,2.878,5.477,4.53,2751.9,0
24.23,34.07,70.38,1083.5,1131.9,54.61,21.4,0.455,6.709,18.4,4400.9,0
27.7,37.85,63.9,1236.7,1314.8,48.94,62.8,0.851,3.778,13.5,2362.5,0
28.66,39.51,64.63,1539.9,1544.3,38.78,29.6,2.811,4.259,14.27,806.3,0
25.85,35.59,76.43,1526.8,1540.8,40.81,34.1,1.228,5.111,13.24,5138.9,0
24.91,34.55,64.96,1140.9,1024.6,50.14,23.3,1.746,7.873,12.43,1468.6,0
25.9,35.62,60.89,1559.9,1521.9,38.26,5.6,1.245,2.156,10.1,3105.6,0
24.92,33.84,68.72,1466.1,1418.2,47.58,29.1,2.034,6.351,11.37,808.3,0
26.65,37.28,58.37,1137.0,1134.1,54.77,56.5,1.777,5.991,10.52,899.8,0
27.05,37.34,63.31,1642.0,1639.2,35.09,72.5,0.65,6.297,17.41,5829.2,0
26.24,36.67,66.55,1037.7,1032.5,56.46,7.7,4.13,2.248,20.87,2293.0,0
30.2,40.13,63.06,1004.9,1021.0,53.55,11.7,3.092,4.311,13.35,5701.5,0
25.41,35.22,65.34,1556.6,1665.0,42.49,20.1,0.206,4.691,12.7,788.9,0
29.63,40.81,69.79,1667.6,1707.7,35.56,0.4,0.294,3.157,14.42,2725.0,0
24.77,35.79,69.51,1364.2,1396.3,42.36,8.1,0.219,8.33,10.42,1402.0,0
27.0,38.41,69.46,1581.8,1584.0,37.55,79.3,0.787,6.492,16.41,2140.1,0
29.22,39.59,69.03,1767.3,1770.3,32.07,36.3,2.752,6.935,14.44,3292.0,0
29.11,40.47,73.53,1469.6,1492.4,45.32,34.8,1.467,6.622,6.34,4803.0,0
26.01,35.59,63.61,2106.4,2108.1,29.76,17.7,1.087,3.094,17.21,1899.6,0
27.96,37.76,65.69,1517.0,1605.5,36.61,2.4,0.278,3.078,9.61,3735.5,0
27.69,38.89,72.49,1828.0,1787.8,36.75,44.0,1.879,7.148,14.03,1528.6,0
25.77,36.61,72.4,2289.9,2326.1,26.35,17.2,2.02,3.768,13.38,3667.0,0
28.08,37.79,60.5,1347.8,1313.1,46.58,2.1,1.323,6.066,17.72,2672.2,0
30.57,39.53,73.41,1488.9,1510.3,37.72,32.2,3.18,3.909,12.91,59.9,0
27.79,37.59,66.07,1135.8,1162.8,52.99,35.9,3.192,4.185,20.45,518.0,0
27.98,37.3,68.28,1642.2,1663.9,37.55,82.6,0.856,5.331,19.39,2207.3,0
28.19,39.92,78.22,1760.5,1751.4,35.93,38.7,1.194,3.692,14.66,4908.5,0
23.93,34.69,60.37,1884.2,1824.0,30.95,55.6,3.275,1.955,23.16,4691.3,0
27.77,37.0,59.04,1492.9,1475.9,40.39,45.3,1.267,5.6,13.31,4849.3,0
24.82,33.77,59.27,1492.1,1516.1,40.45,34.9,0.914,9.191,11.86,5417.2,0
25.67,34.89,67.77,1379.9,1271.3,47.42,12.1,1.85,6.527,22.23,1347.2,0
31.17,40.62,74.19,1473.4,1492.3,40.67,26.2,3.097,3.677,18.19,600.2,0
26.34,36.18,73.6,1052.4,1039.8,60.94,29.8,1.888,4.506,18.56,3538.0,0
25.37,36.48,64.57,1403.7,1341.3,44.56,19.3,0.852,5.2,18.02,4338.1,0
29.16,38.19,75.56,2023.9,2032.3,30.13,21.1,1.038,5.55,18.14,4336.6,0
24.95,37.24,65.7,1912.6,1991.3,29.29,34.1,2.211,4.112,15.96,5056.9,0
25.96,35.01,57.2,1346.2,1403.9,45.35,40.7,1.284,7.324,11.78,2864.1,0
29.35,37.94,65.08,2039.5,1997.4,29.82,6.3,2.922,4.521,9.0,5327.9,0
26.94,38.62,70.68,1210.4,1318.3,45.95,8.3,1.234,5.653,13.09,3575.2,0
23.73,35.05,83.7,1269.9,1299.3,48.96,19.7,1.336,8.039,15.99,5410.5,0
27.94,37.76,61.93,1291.7,1333.4,49.2,66.4,1.498,5.201,19.43,4573.8,0
26.06,36.44,74.15,1771.1,1775.5,31.31,24.3,1.425,8.693,13.24,4794.0,0
29.93,40.34,76.03,1304.0,1288.9,49.21,38.5,0.484,6.119,7.97,2271.0,0
25.64,35.77,63.43,1363.8,1283.2,43.23,9.2,2.308,4.694,20.58,4510.8,0
28.95,37.66,71.96,1776.8,1856.2,33.92,12.4,3.775,5.069,19.93,3172.1,0
30.4,37.92,61.75,1599.4,1619.4,38.41,104.6,2.004,4.571,13.48,857.7,0
25.15,34.3,58.03,1261.2,1251.6,44.71,84.2,2.187,3.178,16.32,3845.9,0
26.46,38.28,59.26,1820.8,1878.7,33.27,24.1,1.055,0.0,13.33,5495.7,0
27.63,39.48,65.52,1367.1,1379.7,43.02,24.8,1.939,4.111,10.44,2993.4,0
25.14,34.87,65.36,1219.1,1157.0,54.46,6.2,3.614,2.265,14.44,4694.7,0
27.39,36.43,54.75,1161.0,1161.5,49.64,3.8,1.515,3.944,8.65,1092.5,0
26.4,36.68,71.6,1436.4,1412.7,40.82,120.5,2.6,7.237,15.76,5548.9,0
26.36,36.8,69.29,1477.1,1455.9,42.34,23.7,2.422,4.798,16.39,3115.4,0
26.95,37.55,66.74,1672.0,1749.3,34.62,67.1,2.903,7.938,11.6,4024.7,0
26.99,34.47,64.14,1825.4,1852.5,34.9,2.3,2.046,4.638,18.51,2263.4,0
27.18,40.34,79.98,2252.5,2292.0,24.63,19.2,2.025,6.809,9.28,4516.7,0
25.65,36.78,64.35,1453.1,1514.9,42.51,51.1,2.853,5.272,10.41,3265.1,0
25.74,35.54,61.52,1384.7,1421.3,46.82,48.7,2.638,4.834,17.99,2692.4,0
26.61,35.89,63.3,1379.1,1415.4,39.29,0.1,1.29,7.664,16.62,491.9,0
26.76,37.75,68.43,1940.5,1972.6,31.23,128.5,1.8,8.798,12.83,4854.4,0
25.97,36.47,58.76,1461.2,1470.4,40.66,77.8,0.244,4.854,15.42,281.0,0
27.5,37.59,73.53,1175.4,1185.1,53.42,12.9,1.282,3.821,12.88,3880.3,0
23.22,33.68,54.41,1172.7,1138.1,48.98,4.1,1.44,5.424,12.7,5754.7,0
25.39,35.28,70.69,1457.0,1442.0,39.71,5.5,1.282,5.99,16.04,3039.8,0
26.29,36.69,86.92,910.1,928.6,60.47,44.8,1.39,6.384,14.02,753.1,0
25.14,35.86,76.02,801.6,814.5,66.99,16.9,1.755,5.672,13.24,936.9,0
30.11,40.45,77.97,1524.3,1492.3,35.2,11.0,2.364,4.166,13.43,3427.4,0
26.89,37.18,60.47,1619.5,1612.8,37.54,18.0,1.951,8.552,24.59,1420.4,0
27.2,38.6,74.03,1269.1,1253.0,46.93,17.1,1.58,4.163,17.75,1335.5,0
25.88,34.29,61.7,1774.5,1835.9,30.87,102.6,1.009,5.222,12.81,5877.4,0
26.82,36.02,71.56,1200.2,1198.5,48.49,36.3,0.914,7.225,10.93,3459.5,0
24.42,34.45,69.67,1447.3,1426.2,41.01,21.6,1.399,3.929,14.58,4687.9,0
26.51,35.78,63.57,1525.0,1472.6,43.72,39.1,0.352,5.47,8.11,3435.7,0
24.98,34.58,57.45,1660.6,1604.9,34.25,61.3,0.871,6.384,20.23,3885.0,0
26.3,37.58,65.65,2079.7,2007.0,32.12,42.1,4.295,5.801,12.29,416.0,0
21.73,31.58,58.17,2666.9,2695.6,20.15,5.5,0.63,6.198,14.59,5370.8,0
24.59,32.76,65.61,1007.3,950.7,54.85,27.8,3.797,5.854,20.53,5936.2,1
29.78,39.35,75.56,1343.1,1291.7,49.41,37.0,2.235,5.925,21.14,5157.9,0
28.51,38.57,67.96,1209.0,1099.5,46.73,10.9,2.581,4.389,12.39,2807.6,0
29.49,39.53,64.83,1424.4,1392.3,43.48,36.6,1.201,2.958,17.68,2329.5,0
29.63,40.18,68.82,3342.3,3257.1,16.96,78.6,1.24,4.465,23.02,1696.4,0
28.2,38.67,73.87,1885.7,1805.7,32.49,0.7,0.059,5.526,8.67,2767.8,0
25.94,35.81,64.76,1426.7,1463.3,37.44,11.9,1.481,6.338,11.98,1965.2,0
24.78,33.58,64.49,2186.8,2186.4,29.19,103.1,2.686,7.364,16.19,4057.3,0
29.14,38.7,69.48,2692.5,2664.2,23.06,14.1,2.023,7.855,11.52,5936.0,0
26.98,36.36,58.21,1912.0,1957.6,30.23,25.4,1.357,3.241,12.79,1082.0,0
31.84,41.55,65.9,1454.3,1439.1,40.49,7.6,0.799,3.956,17.31,2904.7,0
26.12,36.81,62.61,1516.2,1452.3,40.49,167.7,3.875,4.793,20.55,4768.6,0
30.8,41.2,74.59,1286.0,1323.7,49.08,80.1,0.616,5.972,20.03,3029.2,0
26.54,37.36,65.25,1079.0,1113.1,60.63,9.1,0.502,5.371,11.86,3378.4,0
29.52,39.14,77.87,1210.0,1166.8,46.86,27.3,2.024,6.553,14.27,5324.0,0
30.24,41.75,75.59,1498.2,1468.7,38.24,6.6,0.299,6.028,10.65,4581.0,0
24.8,35.48,77.1,881.7,855.9,58.0,28.7,1.589,6.553,21.56,357.7,0
25.88,35.99,74.47,2170.2,2250.9,24.18,11.2,0.807,3.305,16.71,237.6,0
24.78,35.39,73.15,2967.0,2940.1,19.21,21.1,1.386,5.649,14.52,1131.1,0
24.39,33.71,68.13,1941.6,1921.3,31.13,2.3,2.027,5.776,15.01,2768.0,0
28.18,36.08,65.53,1362.8,1324.3,48.12,9.4,5.172,6.654,15.05,1720.9,1
26.46,35.85,73.92,1467.9,1427.0,41.69,21.6,1.649,5.443,12.86,1251.8,0
26.95,37.7,71.59,1869.0,1892.1,28.72,4.3,1.13,7.934,13.91,4851.6,0
27.96,38.04,81.71,1725.3,1792.6,32.73,1.2,0.819,5.523,12.77,3178.1,0
23.14,33.0,65.05,2182.9,2140.3,27.59,4.7,1.814,3.78,17.02,5802.7,0
29.42,38.58,67.13,1840.2,1716.7,27.58,1.6,1.758,3.782,10.34,4826.3,0
26.15,34.2,65.11,1064.4,1068.5,55.51,0.9,6.484,5.011,16.73,5965.1,1
27.91,39.34,68.25,1469.0,1335.2,38.57,7.3,0.151,3.775,7.93,2338.4,0
28.09,37.88,62.01,992.1,977.5,57.7,11.9,1.153,8.108,17.61,438.5,0
29.59,39.16,78.71,1778.6,1776.7,31.1,34.1,1.423,7.727,10.77,4746.2,0
26.64,35.97,64.64,1294.0,1220.0,44.91,57.9,1.823,4.658,12.73,2545.4,0
22.6,33.86,68.53,1371.4,1379.5,42.27,43.4,1.111,6.134,13.79,1383.8,0
26.96,37.85,53.88,1181.3,1171.9,48.8,60.9,1.008,5.009,13.26,2896.5,0
27.25,36.28,66.61,1352.5,1260.5,42.55,115.7,1.059,5.149,25.05,5463.9,0
24.78,35.95,67.17,1222.0,1175.7,49.85,2.3,0.885,4.494,11.64,1987.7,0
27.14,37.0,68.79,1248.3,1244.3,45.54,182.5,0.51,6.353,14.28,3657.7,0
26.13,35.52,56.04,2026.4,2070.6,29.09,32.9,1.89,5.233,9.99,2150.9,0
24.16,33.87,64.78,1261.8,1230.1,47.33,98.5,2.517,4.912,22.37,5356.0,0
28.19,37.41,59.75,1445.3,1425.2,38.97,70.7,0.448,4.876,14.3,4265.4,0
25.72,34.4,59.96,1765.2,1711.8,32.23,22.7,1.422,7.1,9.95,2915.6,0
26.04,36.81,67.2,1298.1,1306.2,46.94,37.6,3.288,4.197,21.11,3698.0,0
25.92,35.7,65.64,1125.3,1116.9,49.22,19.7,5.863,4.592,17.53,39.7,0
29.32,39.94,65.53,1385.1,1408.3,35.16,17.1,0.516,4.49,14.87,1053.9,0
26.77,37.06,67.62,1689.8,1655.1,36.49,24.7,0.627,6.591,14.94,4248.1,0
27.01,37.56,71.11,2490.5,2444.0,26.13,12.8,2.544,7.949,15.18,162.9,0
25.97,33.92,76.75,2568.5,2547.8,21.95,3.2,5.452,4.459,19.33,1542.9,0
27.78,36.91,68.57,1620.0,1608.9,37.58,15.7,0.865,7.669,20.05,1267.1,0
29.55,40.12,66.36,1285.0,1297.8,47.92,6.8,0.627,7.235,4.86,4321.7,0
28.15,36.87,76.69,1636.9,1662.2,34.27,35.0,1.509,3.99,12.5,407.7,0
28.22,38.6,72.19,1165.5,1183.5,54.28,9.8,0.721,5.828,15.16,3701.1,0
28.06,36.67,73.37,1548.4,1526.0,37.95,3.7,2.482,3.831,11.93,3321.3,0
24.09,34.11,58.49,1650.0,1699.3,37.99,17.9,1.673,4.977,11.5,2089.1,0
25.1,36.71,61.68,1589.4,1599.0,37.11,24.0,2.643,3.339,17.0,1611.5,0
26.44,37.21,57.05,1240.3,1315.7,49.82,8.8,3.144,4.847,21.16,571.0,0
25.4,33.55,68.54,2044.9,2073.7,30.41,16.4,0.544,5.085,15.04,4743.1,0
24.72,35.57,75.66,1496.4,1397.6,38.71,9.8,2.07,4.043,13.63,4001.3,0
23.11,34.93,60.69,1877.4,1801.9,34.53,53.2,1.708,6.107,10.02,2823.6,0
24.16,36.95,70.62,1767.2,1842.6,34.38,16.7,0.695,7.199,20.96,598.8,0
26.34,36.81,71.87,1501.8,1530.7,40.35,22.1,0.19,6.271,16.53,2385.8,0
26.71,35.35,67.08,1514.9,1517.2,38.87,23.4,1.831,3.563,16.0,260.5,0
25.26,35.7,72.88,1207.0,1310.2,50.52,61.5,5.283,7.34,15.94,3164.9,0
27.01,38.6,68.58,1580.2,1470.1,39.89,34.1,0.801,5.771,18.99,144.6,0
25.98,35.8,61.49,1359.3,1312.5,45.55,2.2,2.006,4.249,13.6,3733.2,0
29.03,40.07,61.96,1345.9,1357.6,41.73,24.0,1.833,5.209,17.6,3395.7,0
26.53,35.69,67.73,1116.0,1101.4,54.04,11.0,1.136,7.399,13.76,4719.5,0
28.24,38.62,61.32,1448.0,1495.0,36.98,25.4,2.009,5.458,12.28,4479.7,0
27.26,34.77,69.35,1598.8,1699.1,37.0,45.0,0.744,4.641,11.42,5404.9,0
24.05,33.1,60.64,1317.8,1358.2,47.45,9.9,2.764,5.304,10.92,5549.1,0
26.67,36.66,60.62,1763.1,1663.5,36.84,48.0,6.402,3.412,8.31,5702.6,0
24.38,34.02,66.46,1341.3,1424.9,44.98,34.0,1.026,4.25,21.42,4537.6,0
26.63,35.33,63.53,881.6,879.1,63.38,1.7,2.946,6.412,19.42,2861.2,0
25.36,34.86,66.84,1956.2,1922.7,30.21,57.1,1.394,5.241,13.8,4420.0,0
27.61,37.94,66.31,986.2,895.1,55.32,90.9,1.746,4.93,14.93,1038.8,0
24.17,34.08,65.55,1704.0,1705.6,35.08,35.4,1.295,5.439,15.38,2066.7,0
26.88,36.94,63.7,1071.9,990.2,53.38,13.1,1.166,6.603,17.47,3217.2,0
27.99,38.73,61.77,1153.2,1113.7,46.86,1.4,1.453,9.447,18.98,2394.1,0
28.67,38.32,60.15,1422.4,1350.3,46.0,34.9,0.793,1.09,17.43,394.6,0
25.32,36.68,61.0,1556.7,1538.2,38.49,12.9,1.114,5.384,10.7,2608.1,0
26.89,35.9,63.12,1609.3,1590.1,37.49,11.1,4.34,4.969,13.64,2473.7,0
27.22,39.15,75.62,2056.7,1996.9,32.78,52.9,2.024,7.374,13.29,3432.9,0
29.94,41.06,69.97,1506.6,1493.1,40.06,46.5,0.774,5.265,1.04,1607.8,0
23.89,33.53,61.12,1601.7,1627.1,38.16,102.4,1.096,4.744,15.53,5772.5,0
25.03,34.74,59.25,1468.6,1461.0,41.91,11.7,0.994,5.045,4.82,1804.0,0
32.46,42.67,60.91,2194.8,2315.7,25.89,42.5,0.901,7.61,21.22,231.1,0
26.3,36.9,73.69,1498.4,1473.2,40.23,22.4,1.303,2.789,9.1,3681.2,0
23.07,34.16,59.19,1126.7,1118.4,52.63,50.8,0.712,5.865,14.66,30.8,0
25.68,34.34,62.62,1159.7,1216.1,49.44,13.4,2.48,6.078,20.16,4657.7,0
21.31,31.75,60.69,1404.0,1357.4,40.23,10.8,8.23,7.935,11.13,4646.1,0
27.33,35.22,63.15,852.8,884.2,65.62,29.2,5.773,4.276,17.74,1453.9,1
28.47,38.29,84.96,1787.7,1733.9,34.23,22.0,6.004,4.611,10.8,2296.2,0
25.03,36.48,65.13,1470.0,1435.0,39.13,52.5,1.421,6.177,13.98,3166.9,0
25.91,34.49,61.42,2556.8,2569.9,25.49,54.1,1.163,4.898,12.09,2909.7,0
28.7,37.1,71.21,1627.5,1587.4,35.96,20.9,0.727,3.036,17.42,2999.0,0
23.35,33.57,63.17,989.1,964.0,57.88,21.1,1.682,6.857,16.17,2264.0,0
24.21,35.59,57.65,1608.0,1506.8,36.35,48.5,1.172,5.53,16.86,702.7,0
26.39,36.72,69.69,2521.7,2603.0,24.72,61.6,1.769,4.216,15.19,801.2,0
25.35,33.44,59.95,1331.0,1364.9,48.72,1.9,8.587,4.235,13.35,2634.6,1
26.26,34.58,63.68,1360.4,1377.8,43.89,2.9,4.308,6.559,18.4,3900.0,1
24.32,34.42,71.0,1343.0,1311.6,48.31,70.1,1.692,3.571,16.17,3588.8,0
27.28,36.1,71.56,1627.5,1532.8,37.03,14.2,0.231,6.082,9.94,1015.2,0
26.55,36.69,61.19,2016.8,2035.1,29.93,11.1,0.267,9.949,18.26,5716.1,0
27.95,38.14,70.53,1569.7,1587.0,38.16,18.8,2.376,3.67,17.82,607.3,0
27.25,36.76,65.94,1340.3,1243.1,45.55,25.8,0.617,8.047,18.83,4364.1,0
27.26,39.08,63.96,1523.9,1449.1,39.28,25.4,0.271,7.346,16.71,3780.5,0
23.96,34.55,57.6,1419.6,1415.2,43.88,5.5,6.048,4.622,11.34,5439.5,0
27.84,39.05,63.41,1643.5,1657.6,34.63,13.0,2.736,4.997,15.1,5959.3,0
26.19,37.11,73.83,1381.4,1372.9,44.25,5.2,1.655,4.738,9.55,1.8,0
26.52,36.37,46.61,1469.5,1331.4,39.97,60.8,2.646,6.012,17.5,2355.1,0
28.95,38.75,62.21,1793.8,1800.4,32.94,7.6,0.466,5.586,20.04,284.0,0
25.41,35.11,70.31,1362.8,1354.3,41.4,47.0,0.771,4.921,23.23,4682.8,0
29.55,40.23,62.28,1938.5,1865.2,36.13,55.2,3.09,4.44,13.36,3193.0,0
29.74,39.09,70.62,1350.3,1349.6,46.17,55.4,1.853,4.4,7.77,2687.5,0
28.36,40.08,66.93,1233.4,1199.5,48.73,3.8,0.724,6.751,11.83,1722.7,0
24.89,34.14,58.17,1368.8,1260.8,45.02,26.2,1.578,4.031,11.87,3236.9,0
22.48,32.69,53.52,2570.2,2570.3,23.65,25.4,2.027,4.542,12.51,87.3,0
29.01,38.78,65.34,1937.8,1983.2,30.35,40.4,3.772,6.635,21.93,3462.2,0
27.07,36.62,66.35,1729.1,1786.7,33.63,25.0,0.341,4.863,15.83,624.4,0
25.36,37.53,63.27,1683.5,1723.0,32.04,4.6,0.367,4.42,20.65,4438.1,0
29.2,38.76,71.11,1629.4,1612.8,34.57,88.6,1.196,4.892,18.69,5561.5,0
25.13,34.82,73.53,1193.9,1158.2,49.25,54.0,2.316,8.256,18.29,465.5,0
26.0,35.34,74.98,1269.9,1207.7,46.99,15.9,0.87,3.997,17.14,1049.7,0
27.9,37.94,64.96,1601.1,1488.0,35.76,32.0,1.242,7.301,13.11,2831.6,0
24.62,34.52,58.3,1245.1,1249.0,45.92,39.9,0.269,4.566,17.19,1366.4,0
26.63,35.51,63.39,1398.3,1403.7,43.29,79.3,0.188,6.061,23.52,1028.5,0
29.03,38.6,70.52,1560.2,1536.5,39.67,45.9,0.278,4.677,15.41,298.7,0
27.27,37.88,66.53,1112.3,1171.2,51.48,33.1,2.693,6.814,16.48,2901.4,0
29.34,40.37,73.63,1761.7,1812.4,33.39,184.4,0.224,3.491,11.44,131.6,0
29.12,39.14,70.11,1461.6,1487.9,40.53,45.5,1.634,4.23,13.82,5614.3,0
26.87,36.92,63.74,1996.8,1959.0,29.49,101.9,0.479,4.517,13.3,3184.3,0
22.18,31.82,54.06,1962.9,2051.4,29.97,22.2,0.79,5.924,21.86,1463.7,0
24.64,34.14,79.79,2119.6,2186.5,26.39,47.6,0.175,5.52,14.38,3067.5,0
28.38,37.46,68.64,1874.7,1804.2,30.14,22.3,1.794,2.876,15.97,2119.3,0
23.75,32.19,65.74,1491.8,1503.2,40.83,74.9,0.684,3.911,21.53,202.3,0
26.2,35.49,50.45,1600.2,1628.2,36.98,59.7,0.854,8.056,17.95,132.4,0
27.53,38.43,66.2,1619.6,1564.8,37.3,71.1,1.334,5.511,15.68,1416.4,0
29.79,39.36,57.09,1662.4,1700.1,37.01,10.1,2.111,2.411,16.17,2277.9,0
25.7,35.35,61.49,1156.4,1214.7,57.73,77.2,2.016,6.4,15.61,5588.2,0
25.56,35.2,59.18,2027.3,1990.1,28.63,5.7,2.174,5.572,19.43,4165.8,0
26.75,37.99,60.21,2137.8,2121.2,27.56,31.9,2.546,5.985,13.38,1195.6,0
27.55,36.62,71.95,1944.5,1971.7,31.55,8.1,1.849,6.287,14.17,5079.5,0
26.54,36.82,71.7,1448.7,1531.4,39.28,72.9,1.163,4.016,13.1,5914.3,0
28.95,38.88,63.12,1216.7,1244.2,45.15,2.9,0.649,6.115,19.53,3468.7,0
25.25,35.32,75.54,1265.6,1237.4,46.19,2.6,1.009,6.835,19.96,1019.4,0
27.09,37.33,57.29,1190.9,1168.8,49.45,40.9,0.406,5.026,15.37,2182.3,0
27.74,37.8,76.26,1378.4,1395.0,38.92,7.1,0.631,7.32,16.12,3328.2,0
26.05,36.84,71.08,1418.6,1422.2,36.04,65.2,3.452,2.896,21.56,3384.4,0
28.53,38.5,70.01,1056.9,1056.2,56.33,57.2,0.493,6.472,17.63,3170.1,0
27.15,38.89,70.43,3342.3,3277.6,12.16,62.7,2.567,3.842,12.01,4339.6,0
28.43,38.47,83.67,1542.9,1553.2,40.63,9.4,1.059,2.148,12.4,711.2,0
27.24,35.53,58.99,1263.1,1288.3,44.3,68.6,7.126,3.916,17.4,2532.1,1
27.6,38.24,71.88,922.2,892.2,58.74,8.2,0.144,2.719,20.8,5061.2,0
25.59,35.98,53.87,2476.9,2503.1,23.39,125.4,1.173,7.619,17.27,943.2,0
25.59,35.62,74.35,1449.7,1498.9,35.8,73.4,1.861,4.313,12.96,5730.2,0
29.3,39.04,63.54,2205.2,2243.2,26.42,9.2,3.514,6.152,19.92,2272.1,0
28.12,36.01,84.89,2592.4,2660.2,22.02,3.9,1.237,4.6,13.13,2542.7,0
24.8,32.86,66.18,1353.4,1296.5,37.95,18.2,4.74,8.821,15.88,3815.6,1
27.21,38.86,69.19,1330.8,1357.6,48.33,32.8,1.379,4.671,24.89,5109.1,0
22.1,31.52,65.81,979.9,1061.6,52.06,27.9,0.785,5.896,13.19,737.3,0
25.7,36.67,75.04,1679.2,1748.2,34.68,21.4,1.321,4.274,15.64,2124.3,0
28.77,37.17,68.33,1259.4,1149.7,46.67,89.3,5.295,7.063,17.41,5950.8,1
26.6,35.55,72.17,1451.3,1426.4,38.02,19.7,1.234,5.209,10.31,2088.3,0
27.09,37.76,65.19,1352.1,1363.0,45.57,0.6,1.737,6.324,19.18,1689.5,0
20.82,30.71,58.04,992.4,880.2,51.54,32.3,2.094,3.16,15.31,4605.4,0
26.07,36.6,59.39,1557.7,1575.0,38.06,48.8,1.426,6.153,16.62,1965.4,0
27.53,37.51,62.25,1238.7,1153.3,50.77,12.6,1.489,5.601,15.01,5788.7,0
27.78,37.57,71.61,1872.4,1851.2,27.87,178.7,1.905,2.994,10.57,4076.6,0
28.77,38.09,64.29,1334.7,1302.1,46.57,114.2,1.726,2.387,18.32,1149.1,0
26.43,35.24,71.44,1058.9,1028.6,50.34,26.5,2.566,7.49,20.33,3660.7,0
26.52,37.92,75.29,1109.0,1092.3,49.3,98.6,1.365,6.226,10.75,4699.1,0
24.19,35.75,57.73,2230.4,2125.8,28.15,63.5,1.259,6.247,15.54,1689.3,0
26.44,35.4,71.68,1506.3,1529.1,37.94,56.0,0.335,7.824,19.4,3253.9,0
24.33,33.22,68.05,1504.6,1515.1,43.02,32.5,2.655,6.746,14.09,5572.5,0
23.15,32.81,66.12,1350.4,1370.6,44.43,14.5,1.577,7.496,14.8,2630.8,0
24.68,35.02,70.44,1345.8,1401.1,41.16,53.4,1.354,3.8,16.56,1367.5,0
29.87,39.69,69.71,1186.6,1236.0,54.29,8.7,3.685,5.496,14.03,5126.2,0
26.31,36.81,67.58,2268.3,2267.6,27.04,14.4,3.318,9.442,16.61,2600.6,0
27.29,37.24,76.83,1551.6,1569.8,37.6,71.3,1.796,6.459,12.74,1632.7,0
25.82,35.71,63.81,2537.8,2590.0,23.12,46.2,0.513,0.945,16.21,292.3,0
23.27,35.68,57.64,1250.3,1196.6,46.21,57.5,1.855,5.818,14.04,595.4,0
28.72,38.2,80.0,1204.2,1223.3,45.55,21.4,0.695,4.597,15.84,1648.0,0
22.51,34.15,66.44,969.9,915.4,73.49,38.0,1.996,4.111,17.14,1221.3,0
25.74,37.19,75.85,1369.7,1307.8,50.26,46.1,3.294,7.259,12.31,504.0,0
26.74,37.24,69.81,1393.1,1358.9,43.31,35.5,1.2,4.773,12.79,5503.9,0
27.31,35.38,66.42,1285.7,1281.9,42.55,142.0,4.484,6.28,16.22,2060.1,1
25.4,35.43,69.55,1561.7,1582.1,36.83,10.7,3.32,4.38,10.27,676.7,0
23.17,32.66,79.12,1356.2,1310.1,41.3,22.2,0.473,5.927,12.98,5326.8,0
25.25,35.27,59.02,1372.2,1437.2,42.76,14.5,1.431,6.465,10.98,3604.2,0
25.35,34.29,55.09,2978.6,2987.1,20.35,36.9,1.15,5.978,14.79,5413.5,0
25.3,36.06,65.19,1359.8,1344.4,41.97,56.5,1.871,4.965,17.69,1926.3,0
28.79,39.78,78.54,1514.4,1492.2,41.01,54.1,4.848,5.972,18.88,3592.0,0
24.42,35.59,60.71,1174.3,1150.9,57.54,44.0,1.382,8.519,20.55,317.6,0
27.45,37.07,60.61,1562.9,1507.2,38.68,30.5,2.824,6.874,15.78,3219.5,0
27.17,36.11,59.19,1845.2,1787.4,32.34,90.1,0.878,5.039,10.45,1000.0,0
28.77,39.12,78.26,1476.3,1460.1,42.69,19.7,1.937,3.874,10.3,941.5,0
26.58,38.34,73.37,1614.7,1601.1,40.74,17.6,0.236,2.851,16.73,873.3,0
28.43,38.5,65.07,1467.4,1500.1,38.69,102.1,2.264,3.038,13.63,840.8,0
26.51,36.96,71.78,2219.1,2324.2,27.21,39.3,1.476,2.951,11.63,483.5,0
27.72,37.48,64.72,1720.0,1737.5,38.44,33.5,3.174,3.059,18.77,1217.7,0
23.84,33.34,55.46,1787.8,1734.4,34.21,69.5,0.955,6.132,21.36,235.3,0
21.57,32.23,72.14,1504.6,1482.8,37.84,21.7,0.287,6.99,16.9,2402.1,0
27.61,37.5,62.1,1412.2,1507.7,47.32,39.5,0.966,4.757,18.68,1517.9,0
27.71,38.12,57.62,1778.3,1882.8,33.25,29.7,0.124,5.611,13.16,2447.0,0
27.8,38.31,64.15,1475.3,1480.5,37.79,0.4,1.039,6.594,13.4,1508.1,0
25.8,36.15,69.19,1197.6,1280.3,45.41,23.0,2.507,6.364,2.96,229.6,0
29.83,40.39,77.33,1601.5,1655.5,37.31,2.9,1.79,6.164,19.41,3556.4,0
25.93,35.08,67.14,917.2,938.6,66.09,7.9,1.003,7.07,17.95,3511.3,0
27.69,36.78,73.28,1294.7,1308.1,42.49,49.9,1.275,6.396,15.12,2326.1,0
28.04,38.0,72.6,2212.4,2268.9,27.58,15.9,2.028,4.181,20.28,5638.6,0
30.29,40.27,69.75,1874.4,1926.0,31.61,19.7,0.986,5.929,16.86,3683.0,0
26.22,35.69,57.08,1939.0,1878.4,30.6,2.8,2.043,8.294,15.38,4604.7,0
25.54,35.78,67.1,1847.9,1808.6,31.75,72.8,0.607,5.153,19.71,5124.8,0
23.85,34.76,63.2,1308.6,1315.4,45.37,35.6,1.949,6.571,13.26,5089.1,0
29.95,41.14,78.1,1949.8,1932.2,28.93,18.8,1.393,8.394,13.24,2498.3,0
27.69,39.11,62.31,1682.6,1622.0,36.69,7.7,0.63,4.726,13.37,1953.5,0
27.76,36.44,72.4,1198.8,1112.8,51.43,21.9,0.928,3.539,10.49,1970.1,0
33.08,41.92,60.45,1957.4,1931.5,34.8,14.1,0.876,5.459,22.37,5346.8,0
27.5,37.21,77.6,1245.7,1206.5,46.71,52.5,2.819,4.677,11.29,368.9,0
24.25,34.33,66.44,2685.7,2730.2,23.17,95.6,2.638,5.593,14.03,4305.0,0
26.46,36.22,62.04,1515.8,1567.0,36.29,3.1,0.815,3.661,16.4,4227.5,0
24.9,34.35,66.62,2048.5,2040.0,31.14,27.6,1.078,3.758,17.23,891.9,0
26.06,35.75,74.2,1376.5,1408.6,43.0,72.5,2.526,5.247,17.54,1713.2,0
26.04,36.53,72.21,2149.4,2126.6,29.65,11.4,1.225,4.787,9.02,2442.9,0
25.68,34.35,63.1,1041.3,1137.9,60.7,40.8,1.624,7.906,9.87,3885.9,0
24.06,36.41,75.48,2746.8,2770.7,23.61,6.7,1.2,4.44,16.65,4742.5,0
30.04,40.06,74.5,1256.2,1302.2,51.36,11.3,0.93,4.909,21.28,1654.8,0
27.45,38.5,72.26,1293.8,1302.1,48.78,56.2,3.248,6.227,21.1,358.0,0
26.4,35.82,61.56,1337.7,1385.2,43.1,56.1,0.184,9.512,19.66,4933.7,0
28.37,38.94,69.82,1541.3,1604.8,40.54,13.8,5.824,5.175,14.32,2541.7,0
27.79,37.89,80.07,1118.2,1051.4,58.55,4.3,1.144,6.977,13.31,489.6,0
27.4,38.26,64.35,832.2,861.9,64.71,47.6,1.466,4.871,10.37,1625.3,0
28.22,38.02,63.42,1276.3,1285.1,37.93,5.5,1.31,3.544,17.23,2101.6,0
27.12,38.67,62.49,1367.1,1304.0,41.58,40.1,0.873,4.307,18.54,651.7,0
28.19,36.7,70.09,1599.2,1593.2,34.48,41.3,1.439,5.045,16.08,3137.0,0
28.36,39.31,67.52,1952.3,1911.8,28.31,64.8,2.864,8.091,19.45,5379.6,0
27.18,37.29,55.9,1387.3,1431.9,44.63,44.7,1.308,6.797,17.85,515.7,0
26.41,35.39,69.55,1462.6,1426.6,42.5,58.2,1.373,6.653,16.86,3391.2,0
29.91,41.86,72.87,2481.5,2529.5,23.9,112.9,1.518,4.847,15.01,844.4,0
25.89,37.74,75.64,1331.1,1305.2,44.56,28.4,3.474,4.624,8.44,1641.1,0
27.63,35.56,63.52,1346.5,1297.9,42.83,24.5,3.994,4.896,16.58,4793.9,1
27.68,37.85,66.21,1680.8,1629.3,33.99,75.3,3.867,6.637,9.75,1543.6,0
25.63,36.34,74.66,1712.1,1786.1,33.33,53.9,1.249,7.01,15.01,4869.3,0
25.23,35.68,72.16,1411.3,1426.3,44.24,2.7,1.966,6.902,4.49,2680.4,0
26.14,37.66,72.52,1059.7,1045.7,56.09,4.2,3.336,3.52,14.07,620.8,0
25.87,37.17,70.21,1510.6,1574.9,43.98,54.2,2.373,4.233,17.33,5937.2,0
23.93,34.2,71.24,1223.7,1325.1,47.8,66.9,0.292,8.597,8.74,177.3,0
25.55,37.82,81.26,2089.4,2057.6,31.68,14.3,2.864,6.595,17.17,4615.0,0
27.38,38.32,59.93,1721.5,1789.6,35.86,37.4,1.585,7.149,11.61,3003.7,0
29.38,39.03,74.08,1323.8,1313.5,46.08,46.9,1.906,5.301,16.27,2987.4,0
27.96,37.41,71.99,2413.2,2423.7,26.42,102.2,3.733,6.804,14.27,1131.6,0
21.65,32.89,72.69,1343.9,1315.0,42.07,67.3,0.968,4.9,14.23,5445.6,0
28.13,37.34,79.19,1214.9,1234.5,44.93,13.0,3.577,6.46,19.92,1841.2,0
25.73,35.32,59.72,1558.4,1595.4,39.61,1.1,1.076,5.342,17.82,770.4,0
27.76,37.52,62.88,1424.1,1462.6,43.19,48.8,0.557,5.348,7.53,4499.9,0
26.82,37.18,64.69,1409.3,1368.0,40.58,53.9,1.473,5.524,11.63,4897.7,0
26.46,36.27,71.09,1776.2,1851.5,33.78,58.8,0.616,2.184,12.92,3552.9,0
26.65,35.33,65.54,2249.3,2356.1,28.22,3.5,0.709,3.689,20.41,4384.9,0
26.81,37.97,70.17,1569.5,1606.7,39.1,2.3,1.146,7.232,13.3,5748.8,0
29.54,39.13,68.76,1044.6,1102.1,53.05,39.6,3.367,6.431,10.62,3913.7,0
26.81,38.83,73.94,1271.6,1195.8,50.24,11.6,2.153,6.332,13.63,951.7,0
29.02,39.33,80.73,1684.4,1645.5,36.55,88.7,0.577,3.507,12.83,4455.7,0
28.73,40.0,63.58,1654.9,1733.3,36.34,65.0,4.918,4.724,12.7,5280.2,0
28.18,38.81,70.59,1545.4,1609.0,35.6,27.4,3.698,7.182,15.18,1751.1,0
23.28,34.59,71.48,1629.0,1642.6,35.6,20.5,0.33,3.348,17.95,1872.8,0
29.08,39.65,68.85,1350.6,1332.7,42.88,157.0,0.107,4.425,17.28,898.0,0
25.93,36.17,58.18,1311.2,1317.7,50.57,15.0,2.317,3.242,21.2,999.6,0
28.28,39.37,80.03,941.6,969.7,62.63,33.0,4.027,6.402,16.85,2568.9,0
24.9,37.39,69.57,1901.9,1957.5,31.7,24.8,1.912,4.467,17.29,4356.4,0
24.48,34.21,71.38,1267.5,1259.7,46.51,70.4,1.731,7.365,15.87,5083.9,0
30.8,41.6,82.61,1218.0,1142.6,45.42,63.7,0.741,5.729,12.56,1686.9,0
24.94,34.93,54.83,1508.6,1525.5,36.7,77.5,2.354,6.089,12.89,65.3,0
29.14,39.65,70.03,1986.1,1917.9,29.74,6.6,1.334,6.243,10.78,5279.7,0
27.09,37.13,68.11,1430.6,1513.3,42.75,110.6,0.69,7.752,7.96,5431.4,0
26.01,33.85,65.74,998.9,1036.3,61.2,46.1,4.299,6.899,19.0,182.9,1
26.76,36.56,67.97,1405.5,1476.5,42.69,60.7,3.013,7.208,16.07,5286.6,0
24.25,35.25,74.46,1981.2,2028.1,32.13,1.8,0.409,4.578,10.24,2650.5,0
26.82,36.06,59.41,1391.0,1425.1,38.43,39.8,0.666,4.447,16.25,476.4,0
24.68,35.61,68.35,2089.7,2040.6,28.6,115.7,5.535,3.232,16.13,4099.9,0
26.06,36.24,52.38,1414.4,1391.9,40.19,36.8,0.458,6.283,17.75,1550.0,0
28.7,38.51,64.12,1340.7,1303.8,46.83,34.8,4.152,4.884,13.46,899.3,0
27.36,38.26,76.24,1749.3,1729.2,33.07,69.5,0.427,5.324,12.19,4141.1,0
23.89,34.57,65.15,3342.3,3343.5,7.44,1.7,3.131,5.957,13.51,856.5,1
28.55,38.97,60.25,1490.1,1454.2,42.77,131.8,0.412,6.222,18.18,3401.3,0
26.84,37.85,59.31,1531.4,1472.0,34.98,83.3,0.59,4.648,18.51,1664.5,0
25.77,35.97,66.47,1783.1,1695.0,32.49,64.5,1.093,6.0,11.59,3102.3,0
28.34,36.7,73.91,1786.5,1733.4,32.41,23.3,0.855,3.67,15.08,2905.5,0
26.52,36.14,57.74,1287.5,1313.4,44.0,33.6,2.061,7.306,13.49,5391.0,0
24.52,32.71,70.04,1611.9,1615.2,35.92,13.2,0.982,2.165,12.76,5586.7,0
30.55,41.2,71.76,1299.2,1328.0,49.3,23.5,0.456,3.866,16.61,3677.4,0
26.82,37.71,55.56,1081.6,1066.6,49.52,9.5,1.659,6.498,15.57,796.4,0
26.69,37.63,66.86,1753.0,1735.5,37.29,13.7,0.312,6.388,5.43,1237.8,0
26.04,36.53,67.33,1665.1,1687.4,34.79,18.4,1.128,6.419,15.85,3312.7,0
29.21,40.18,67.34,1488.8,1501.6,41.28,18.6,2.607,3.535,20.84,4370.6,0
25.8,34.22,68.59,1726.7,1741.1,38.55,21.1,0.644,0.991,15.09,485.1,0
23.76,33.65,67.46,2605.6,2601.9,22.47,3.0,1.438,7.549,20.64,3821.4,0
25.49,34.08,64.31,979.7,1000.7,59.14,3.9,6.111,6.128,17.33,955.1,1
29.5,39.15,64.02,1375.5,1305.7,47.14,35.4,0.777,6.403,22.94,5774.1,0
28.51,40.13,73.54,1684.5,1700.7,35.37,40.7,2.126,4.177,23.0,407.4,0
26.34,37.43,65.67,2747.0,2720.1,20.84,11.7,1.976,5.447,23.0,2754.2,0
29.6,40.26,71.93,1538.8,1545.6,38.2,3.6,0.28,3.082,17.73,866.1,0
28.35,38.16,74.3,1716.0,1679.7,34.12,37.7,0.693,5.058,15.97,5812.7,0
26.32,35.32,66.12,1705.3,1627.7,39.39,16.9,0.421,6.791,10.03,3805.6,0
26.52,36.71,69.61,2889.6,2838.7,18.36,64.9,2.366,2.295,9.55,2571.4,0
27.51,38.62,75.79,1749.3,1782.8,35.28,53.4,0.875,8.77,20.58,1276.3,0
25.19,35.6,72.61,1688.4,1670.5,35.89,24.0,2.874,3.444,11.6,851.1,0
26.86,35.27,63.99,1543.2,1544.0,38.08,134.9,1.41,4.566,21.13,4578.7,0
27.47,37.57,62.07,1631.9,1643.2,37.64,4.2,0.738,4.977,12.03,811.2,0
23.48,31.56,58.25,1465.7,1410.4,40.52,17.5,0.565,8.722,6.74,1020.8,0
26.47,37.28,74.21,1068.9,978.2,55.21,50.6,1.567,5.141,11.57,4132.4,0
26.24,35.55,70.03,1717.6,1716.3,34.85,3.5,1.717,6.41,9.36,5140.9,0
28.91,37.68,75.77,2107.8,2085.4,30.89,5.6,0.848,3.756,20.81,1839.9,0
23.16,33.98,66.72,2347.3,2375.3,22.73,44.1,2.963,4.684,13.91,3657.0,0
26.09,36.65,69.55,1793.3,1776.1,34.89,53.9,5.341,5.566,13.79,4361.7,0
25.89,36.12,63.36,2551.3,2407.1,25.99,18.3,0.555,2.693,12.9,4216.4,0
28.77,40.96,62.57,1111.4,1149.8,49.6,10.0,1.254,3.678,14.91,3156.2,0
26.76,37.4,53.98,1633.0,1665.2,39.04,8.6,0.644,4.673,16.14,635.0,0
30.44,39.8,67.02,1312.6,1274.6,49.39,50.6,2.309,6.227,12.74,3301.7,0
28.17,38.69,63.7,1093.5,1087.8,54.66,122.5,1.676,5.435,8.49,1289.7,0
26.03,35.74,61.65,2004.0,1970.0,31.35,16.8,0.6,6.528,8.71,651.8,0
27.33,38.6,84.11,1719.6,1714.4,36.53,20.6,1.139,4.169,11.21,5528.3,0
26.14,36.42,62.4,992.2,1019.9,53.32,18.4,1.839,7.415,9.04,2448.9,0
28.57,38.95,60.04,1443.4,1441.0,41.89,47.9,1.932,6.514,20.17,787.4,0
24.19,32.74,59.28,1418.3,1440.9,45.22,28.2,1.888,4.957,13.15,5661.5,0
25.2,35.26,71.25,1287.0,1221.3,50.33,20.1,0.81,4.758,8.06,821.7,0
27.76,37.71,75.51,1060.7,991.6,48.97,47.2,0.143,4.748,16.67,5887.4,0
29.3,38.28,57.83,1197.5,1243.6,44.1,183.0,2.087,4.108,11.97,623.4,0
22.45,32.22,57.56,982.7,985.6,53.96,93.6,0.376,4.709,18.98,697.8,0
29.6,40.03,65.2,1579.5,1574.5,39.32,32.1,0.919,5.355,12.23,5483.0,0
26.57,36.57,72.56,1440.2,1526.3,45.19,59.0,1.263,5.828,13.35,704.1,0
23.08,31.67,55.92,1561.7,1636.3,38.23,85.6,2.466,6.77,23.98,5034.1,0
20.85,30.57,55.14,1189.9,1204.1,50.21,15.5,1.856,5.794,15.39,1435.8,0
23.79,33.32,60.36,1983.6,1952.4,32.99,49.8,2.338,3.465,15.07,5759.3,0
26.81,37.0,69.49,2491.1,2492.6,23.17,34.9,2.582,5.274,15.5,559.3,0
26.72,36.8,57.98,1405.6,1366.0,46.55,58.2,1.106,6.535,12.45,4869.3,0
28.12,37.7,60.07,1930.1,1933.9,29.8,9.8,4.541,8.302,23.36,5892.1,0
25.75,35.3,66.87,2163.1,2178.4,28.81,14.7,0.454,5.41,11.44,1054.1,0
24.63,34.7,57.14,1123.4,1193.3,52.65,5.3,2.379,5.42,20.04,3399.6,0
26.02,36.99,85.24,1197.0,1187.2,49.66,45.8,1.385,5.272,13.55,4321.8,0
26.92,37.2,61.22,1627.5,1634.6,36.57,55.7,1.343,5.851,13.18,444.1,0
27.31,38.73,72.17,3342.3,3345.7,9.55,28.1,2.871,4.828,13.74,3989.8,1
25.27,36.4,71.07,1212.5,1257.7,45.33,12.3,1.248,6.926,6.87,4742.5,0
28.65,40.15,69.11,1399.2,1308.2,46.63,6.4,1.426,5.87,13.37,1628.6,0
25.61,36.98,62.36,1337.7,1404.3,45.17,107.1,1.197,8.922,18.29,1356.0,0
25.11,36.67,72.63,1315.0,1344.6,44.71,40.3,0.549,5.404,14.82,5697.7,0
25.77,34.61,69.19,1486.0,1439.2,38.19,0.9,1.647,6.714,10.4,4191.5,0
29.0,39.65,71.51,1627.6,1579.1,35.9,194.8,1.115,4.844,17.45,3007.2,0
26.58,37.8,66.62,1922.3,1856.7,28.94,67.5,2.7,5.941,14.55,4476.5,0
25.46,36.86,71.79,1696.8,1732.4,33.03,44.4,3.291,6.375,13.89,3003.0,0
28.7,37.93,68.33,1497.5,1550.4,43.21,97.5,2.254,8.252,8.61,5654.3,0
31.14,41.79,79.55,1375.3,1393.7,43.38,8.3,2.94,4.926,12.46,5823.2,0
27.27,37.34,77.53,1240.1,1290.4,47.9,49.7,2.891,4.87,14.5,2427.7,0
29.32,41.16,79.44,2161.7,2198.0,25.94,12.2,1.421,5.543,14.43,1184.1,0
28.92,37.53,66.55,2454.0,2385.8,23.41,13.2,1.532,2.903,18.38,1148.8,0
25.64,34.87,75.05,1534.1,1472.8,36.2,66.3,0.661,6.776,7.22,1825.2,0
26.9,35.09,70.07,1989.1,1999.8,29.8,33.1,1.487,5.412,11.43,4360.8,0
24.28,34.43,60.06,1576.5,1500.9,41.86,34.7,3.655,6.18,13.63,60.8,0
26.44,38.7,63.11,2184.7,2133.0,26.9,22.6,2.978,4.788,16.75,1288.6,0
25.6,35.55,67.78,1162.9,1234.6,51.8,52.3,2.303,5.342,15.22,4282.2,0
26.04,36.15,71.42,1703.8,1742.4,31.78,25.5,1.625,6.44,14.16,5582.3,0
25.35,35.9,57.47,1002.4,861.6,55.93,125.1,2.015,6.202,19.0,5930.5,0
26.28,36.16,80.52,1324.1,1265.7,45.24,10.4,0.492,3.997,29.84,405.3,0
27.91,38.28,61.54,1962.9,1939.2,29.45,33.1,4.301,6.788,14.2,3837.0,0
26.61,37.0,65.87,919.5,852.5,60.95,0.8,2.726,5.818,20.79,5630.3,0
23.12,32.28,60.1,1333.4,1371.0,42.65,55.2,0.879,5.1,22.17,1163.2,0
25.36,35.26,62.85,1347.8,1263.4,41.66,107.0,0.738,4.865,12.55,3857.3,0
23.81,34.55,66.68,1557.6,1556.8,39.35,7.6,0.857,6.377,15.7,5283.8,0
27.34,38.27,66.69,1208.5,1201.4,44.67,8.0,1.677,3.899,7.19,981.2,0
27.86,39.16,74.33,1333.3,1404.5,45.25,76.2,1.825,3.778,13.65,513.5,0
27.36,37.7,64.67,2055.5,2010.4,31.35,22.8,0.232,7.137,17.5,928.5,0
25.28,35.63,68.43,1499.6,1410.6,37.86,36.2,0.386,5.923,13.62,1073.5,0
27.34,38.09,67.61,1342.9,1339.3,41.16,2.3,1.494,6.229,15.64,5298.4,0
25.91,35.32,65.5,1161.0,1102.2,45.83,22.4,1.464,5.127,16.99,823.6,0
24.57,33.94,67.47,1507.9,1540.2,46.0,57.1,2.259,6.324,16.14,906.6,0
28.33,38.21,64.49,1490.3,1443.2,41.65,105.7,2.932,4.448,16.01,2289.4,0
28.49,37.21,64.36,1961.4,1990.5,34.5,43.7,0.611,6.178,16.1,2245.1,0
28.75,39.15,76.1,1898.2,1909.7,33.98,41.8,1.467,3.87,16.48,1724.1,0
25.63,36.68,65.65,2198.6,2210.0,28.09,46.2,0.705,7.055,15.71,1483.5,0
29.21,38.5,66.32,1345.5,1231.8,45.93,19.1,2.526,6.92,12.27,3763.5,0
25.86,36.3,68.68,1560.2,1604.6,33.84,29.7,0.869,5.036,10.36,2852.0,0
28.16,37.53,66.95,1777.9,1786.6,38.08,3.7,1.387,4.796,15.08,2503.4,0
25.83,34.81,61.79,1303.0,1333.6,42.38,50.7,0.575,6.375,12.4,5476.8,0
26.4,38.46,69.2,1513.1,1485.2,40.04,105.1,1.441,4.033,20.7,3929.7,0
22.01,31.01,68.07,1462.9,1442.9,39.94,11.7,1.097,4.543,8.3,803.2,0
26.25,34.97,61.87,1887.6,1861.6,30.95,90.8,3.963,7.235,13.0,2395.0,0
27.03,37.25,65.7,1538.2,1527.4,42.69,18.8,0.44,5.098,17.87,3176.2,0
26.03,36.3,68.2,1648.7,1595.4,36.87,36.8,0.969,5.886,9.5,2726.3,0
30.36,41.03,74.36,1395.1,1370.1,39.14,1.1,1.067,3.507,11.99,5250.4,0
24.53,36.53,67.57,1214.4,1218.1,51.58,46.1,0.93,6.273,13.55,540.8,0
25.72,34.95,64.99,1289.3,1246.6,45.05,45.2,0.852,7.798,22.11,942.3,0
25.04,34.46,65.76,1763.1,1766.5,34.29,17.2,1.366,5.906,13.22,5199.4,0
25.72,37.33,64.01,1656.5,1802.3,38.51,101.7,1.357,7.383,16.78,3806.2,0
28.91,39.85,70.99,991.9,990.1,55.99,53.7,0.553,4.491,14.24,261.5,0
29.81,40.61,68.52,1787.4,1841.4,36.93,33.0,2.467,8.795,13.27,3480.6,0
25.45,34.86,67.53,1408.5,1525.0,40.4,6.5,2.227,5.382,20.27,5819.1,0
25.4,36.53,72.64,1198.2,1272.7,46.64,11.9,2.943,4.063,10.62,4254.7,0
24.54,35.34,59.95,1351.8,1421.8,42.15,7.6,1.267,3.035,15.24,924.7,0
29.46,39.65,72.43,1612.5,1638.8,36.27,70.2,0.092,6.528,15.66,1986.6,0
29.09,38.51,70.43,1926.1,1893.4,32.57,70.0,2.403,7.246,20.09,3096.0,0
26.64,36.74,65.4,1468.9,1521.8,39.9,19.0,1.681,2.873,14.15,371.0,0
24.06,35.71,67.24,1483.7,1448.7,46.58,166.2,1.656,6.307,9.23,1033.0,0
24.24,33.14,68.27,1182.2,1299.9,53.21,31.8,3.828,5.156,9.92,2201.6,0
27.19,36.39,69.05,2277.8,2315.9,25.35,37.7,1.831,7.109,11.12,4368.5,0
27.95,37.32,58.07,1048.0,959.3,57.63,50.3,0.645,4.387,18.41,1101.6,0
22.72,32.31,48.27,1598.2,1602.4,37.12,41.3,1.519,6.527,13.41,2705.7,0
26.21,36.19,60.62,1225.7,1255.9,49.25,63.5,1.502,8.386,17.28,3188.9,0
30.09,41.05,80.93,1744.8,1708.0,32.62,2.0,4.887,4.687,21.86,3217.6,0
26.41,36.88,74.82,2482.5,2506.2,23.89,51.4,2.153,4.165,17.97,5485.3,0
29.83,39.89,71.79,2236.6,2199.8,26.87,18.3,1.284,8.387,18.43,4188.4,0
28.15,38.43,61.07,1583.6,1613.5,36.69,74.0,3.794,5.651,16.17,5137.3,0
24.68,35.31,70.11,1376.1,1323.6,45.24,40.6,5.436,5.24,11.18,5782.8,0
26.26,34.58,59.14,1428.6,1465.6,40.31,71.8,1.097,4.511,23.16,5520.9,0
26.59,37.66,59.85,1587.2,1579.8,37.5,77.4,0.437,7.287,12.4,5084.9,0
24.94,34.12,64.29,1134.8,1111.7,51.18,42.7,0.953,5.179,18.7,3449.4,0
24.91,34.47,64.79,1381.7,1292.9,40.02,84.2,0.626,5.234,18.86,998.5,0
29.86,40.2,72.57,1413.3,1411.4,42.8,41.8,1.395,4.738,9.69,1129.7,0
24.9,34.82,65.34,909.3,866.3,71.11,29.6,1.608,5.571,9.03,3272.8,0
29.01,39.49,70.82,1451.3,1416.5,39.92,44.7,0.819,6.029,17.19,2989.4,0
25.98,36.12,63.84,1877.3,1809.4,33.04,56.6,2.507,7.36,11.02,2966.3,0
26.8,36.51,67.07,1486.4,1496.4,44.81,51.0,3.423,3.741,20.63,645.1,0
27.97,39.5,72.67,1169.5,1185.4,47.34,6.6,4.187,4.88,12.71,4015.1,0
25.65,36.36,72.74,1549.4,1573.9,43.01,29.6,3.279,8.169,19.6,4772.8,0
27.99,38.29,69.76,1310.4,1270.8,41.57,82.4,2.098,5.663,19.36,3506.1,0
22.76,33.45,61.19,988.6,976.3,54.82,64.4,1.255,6.452,16.2,4059.6,0
27.73,37.02,68.94,1087.6,1073.6,53.57,105.7,1.294,5.023,14.71,2933.1,0
21.91,34.09,70.91,1442.8,1471.2,38.83,17.5,0.823,5.06,17.07,3523.0,0
26.4,35.31,71.55,1561.2,1529.7,33.57,6.9,0.3,6.779,14.33,793.6,0
28.56,38.67,63.9,1434.0,1376.6,44.29,61.3,5.072,5.046,13.88,673.0,0
28.09,37.81,74.38,1719.6,1719.8,33.51,86.4,3.885,6.524,9.98,1868.1,0
24.25,33.93,63.98,1173.0,1118.3,48.85,49.6,1.755,7.084,18.41,2822.3,0
24.51,34.06,61.74,1338.7,1295.5,44.24,53.0,1.082,3.23,13.34,1578.7,0
25.47,34.7,61.87,826.2,897.9,66.7,103.5,0.653,5.612,17.4,4546.3,0
27.22,38.41,62.16,956.3,901.3,54.73,43.9,2.141,5.404,17.03,4099.9,0
22.79,31.58,66.03,1977.0,1969.9,29.21,20.6,2.932,6.334,9.52,2586.5,0
26.82,37.81,71.77,1558.9,1561.2,34.81,105.0,2.788,7.317,16.6,1450.9,0
27.47,38.12,65.58,2955.7,2924.6,20.86,51.9,6.3,4.805,17.81,1790.1,0
26.28,35.9,64.02,3232.0,3252.0,18.62,7.3,0.259,6.919,15.11,831.7,0
27.9,38.43,73.87,1507.9,1467.9,41.14,83.5,1.201,6.862,16.72,314.1,0
27.3,37.14,63.5,2057.6,2055.2,28.08,42.6,0.111,5.734,16.42,351.0,0
25.77,34.67,74.43,963.2,939.4,56.41,95.4,0.798,5.912,21.87,145.5,0
22.98,31.89,67.3,1160.0,1221.6,51.58,72.2,2.105,5.207,15.36,4555.4,0
27.12,37.77,70.68,1599.0,1645.4,37.29,51.6,1.448,4.277,19.03,608.1,0
24.94,35.55,63.04,1650.4,1618.0,36.72,9.8,1.169,6.591,9.17,3276.1,0
25.69,35.94,56.1,1108.8,1119.8,54.85,42.0,4.012,5.962,13.92,1618.7,0
27.81,37.42,73.24,1041.8,1006.3,57.15,7.3,0.41,5.937,17.35,179.8,0
29.68,39.49,75.24,2103.0,2061.9,30.67,57.9,1.005,7.382,14.05,5081.1,0
26.77,36.45,75.9,2107.2,2140.7,29.39,13.4,1.488,4.583,17.13,5746.3,0
27.96,36.21,62.42,1584.2,1620.2,36.99,22.9,0.449,5.103,17.22,4490.3,0
23.96,34.02,55.41,1355.8,1313.3,44.31,7.5,1.828,1.921,17.05,4779.6,0
27.34,37.86,71.72,1584.4,1614.2,34.86,9.3,0.911,6.215,11.53,5155.0,0
26.73,36.8,78.76,1465.1,1393.8,44.52,85.4,1.332,4.012,16.87,549.3,0
29.31,41.08,73.25,967.6,1011.6,59.5,32.5,0.977,5.756,12.26,3049.4,0
25.77,34.76,68.4,2413.2,2448.5,25.94,2.5,2.045,3.105,13.54,2739.2,0
26.37,35.71,62.27,1804.5,1785.8,35.54,35.9,1.044,5.719,21.98,5113.0,0
28.97,39.1,63.73,2277.7,2265.1,26.13,7.2,0.241,5.842,18.62,519.2,0
26.67,36.91,69.76,1702.4,1704.7,31.63,21.7,0.751,5.282,15.29,1862.7,0
24.63,32.73,58.2,1508.0,1483.0,37.05,10.7,2.803,5.15,14.8,5162.7,0
31.95,42.56,65.19,1930.1,1992.4,32.73,81.6,0.984,4.572,18.4,5925.3,0
24.69,34.94,74.4,1367.0,1435.7,45.2,27.0,2.186,7.657,19.79,1182.6,0
26.72,34.6,61.59,1430.0,1430.9,41.51,73.2,2.521,4.035,16.78,935.3,0
27.54,37.43,65.7,1319.9,1342.8,42.99,38.2,4.821,8.094,19.63,1696.3,0
27.39,36.58,53.38,1468.2,1468.7,36.93,21.2,0.959,5.108,14.9,4255.3,0
26.47,36.02,66.88,1725.8,1739.9,37.85,10.5,1.409,7.743,17.26,3394.5,0
26.48,35.14,59.6,1601.3,1587.4,36.49,104.5,0.824,5.65,12.72,838.5,0
26.38,36.8,73.01,1646.1,1589.8,37.51,51.8,3.473,6.737,15.2,1676.0,0
24.62,36.38,65.29,1341.1,1452.8,44.19,7.7,0.799,3.808,8.29,1426.3,0
31.15,41.42,72.03,2668.2,2783.9,20.77,43.5,4.825,2.951,12.45,3002.6,0
26.41,34.25,53.79,1384.7,1460.5,42.88,19.3,2.303,7.511,12.89,1016.0,0
28.04,38.33,69.31,2000.3,2081.6,31.31,52.3,2.329,7.788,14.67,4340.7,0
26.18,35.99,71.57,1501.6,1473.4,36.61,104.2,1.405,4.366,13.43,110.1,0
26.14,35.04,71.81,2496.7,2373.6,24.38,5.4,1.004,8.186,7.31,604.8,0
25.94,36.29,76.96,1477.8,1453.8,36.41,19.2,0.266,2.628,19.58,1716.1,0
23.75,34.63,68.09,1417.5,1361.8,42.78,6.3,3.187,5.483,15.3,2084.4,0
26.53,35.86,68.77,1383.2,1398.3,44.57,40.1,0.989,4.642,17.41,1589.7,0
26.04,34.39,70.19,2378.6,2335.8,28.14,25.5,1.88,5.312,17.39,3808.7,0
29.19,37.18,62.47,1343.7,1377.6,44.09,13.9,4.649,7.886,12.25,1329.6,1
24.46,33.79,66.51,1143.6,1211.4,51.4,40.4,1.067,2.96,13.91,441.7,0
25.7,35.54,67.33,1870.1,1772.3,35.06,10.0,1.344,5.855,16.01,998.7,0
25.05,34.54,70.7,1381.7,1325.9,40.01,48.1,2.531,3.128,16.76,2143.4,0
29.74,39.05,71.88,3107.6,3043.1,19.31,8.2,1.728,4.243,19.43,1852.2,0
25.11,35.68,60.41,1861.1,1729.9,31.03,18.2,4.998,6.18,20.09,1243.0,0
27.97,38.44,67.4,1245.8,1280.3,42.71,51.8,1.632,5.54,20.98,1771.4,0
28.79,38.99,59.53,1206.0,1148.2,49.55,82.2,1.673,5.764,14.5,444.1,0
26.56,37.37,66.72,1697.6,1714.0,34.01,76.7,1.701,3.502,8.2,2004.0,0
24.1,33.44,59.95,888.6,826.8,66.69,30.6,1.4,7.294,18.64,5469.2,0
24.12,33.03,67.23,1472.0,1424.1,43.14,1.2,4.682,4.322,16.38,4095.9,0
28.57,38.05,85.25,2218.0,2206.0,27.27,63.1,0.2,6.939,10.77,1081.8,0
24.33,33.74,67.94,1021.0,1014.9,52.87,50.0,3.312,5.307,11.47,3998.3,0
27.63,35.58,62.18,2181.8,2167.1,27.47,74.2,1.105,6.88,13.45,5214.3,0
27.08,36.53,71.19,1509.2,1510.3,43.28,47.5,0.408,8.209,14.38,3627.7,0
27.6,38.71,59.8,2127.5,2163.7,30.71,43.0,2.857,5.267,11.86,2409.6,0
27.79,38.59,66.63,2228.2,2254.4,26.43,19.0,1.446,8.395,17.89,159.7,0
24.98,35.51,67.22,1166.9,1157.6,49.62,39.6,0.972,6.503,17.51,3038.1,0
24.9,35.03,68.23,1489.1,1477.0,37.4,50.5,1.763,5.913,15.58,3863.4,0
28.28,39.73,76.37,1035.6,1040.4,57.26,22.7,1.243,3.736,10.73,4307.6,0
25.59,34.53,72.43,2072.9,2074.6,29.82,84.7,2.153,4.731,16.39,2087.9,0
21.35,30.38,55.89,2463.9,2430.7,24.4,12.0,1.491,6.066,13.83,2617.3,0
28.15,39.27,62.92,1476.1,1538.4,35.2,26.0,1.194,5.066,7.45,451.1,0
24.78,34.81,66.59,950.7,956.9,68.91,109.8,1.741,6.096,17.19,3742.4,0
27.78,37.11,56.6,1267.3,1271.4,48.34,3.6,0.662,6.012,11.46,4911.0,0
29.64,40.19,71.92,1140.7,1080.4,45.54,17.8,2.425,3.847,13.06,582.4,0
26.88,36.45,55.3,1366.9,1312.3,45.87,53.0,1.527,4.751,14.02,5334.3,0
28.84,38.0,69.17,1785.1,1721.6,35.15,42.3,3.92,7.526,8.31,1036.2,0
27.16,36.29,65.73,813.5,816.1,67.29,2.9,2.365,4.746,16.7,2824.5,0
30.02,40.35,72.48,1215.7,1223.5,44.58,99.4,2.298,3.596,15.09,4487.0,0
24.73,34.93,67.32,1323.3,1293.0,43.64,18.9,2.535,4.233,15.53,1387.9,0
26.83,38.35,71.33,1190.2,1142.6,49.85,89.9,3.758,6.677,12.33,5906.8,0
28.2,37.91,73.86,2234.2,2231.5,27.27,32.9,1.666,4.727,16.14,5843.9,0
26.47,36.16,76.06,1948.4,2003.6,31.21,24.7,0.272,3.466,16.31,4776.0,0
29.15,40.59,74.84,1486.5,1462.7,37.54,125.2,2.266,4.967,14.92,5116.8,0
25.99,36.97,58.45,1105.5,1112.3,49.91,34.7,1.649,6.355,17.18,1521.5,0
30.99,41.13,82.16,2258.6,2250.7,27.02,15.5,1.047,4.364,14.68,5946.3,0
31.09,39.53,72.93,1480.8,1448.7,39.33,68.6,0.592,6.229,8.47,1330.1,0
27.41,36.6,65.9,1604.0,1590.1,37.91,100.9,0.661,5.993,12.99,2451.3,0
27.96,36.9,57.52,2374.5,2443.3,24.26,9.8,1.923,5.79,13.32,1146.3,0
29.23,39.27,53.14,1647.3,1628.9,34.91,6.5,1.137,4.139,16.31,3121.2,0
24.48,33.97,65.81,1431.0,1455.3,45.42,17.1,1.64,3.761,12.93,5960.4,0
24.23,35.83,68.36,2441.6,2437.8,25.17,82.8,0.64,7.202,13.83,4124.9,0
29.36,37.79,70.35,1135.5,1161.5,54.11,5.8,8.955,7.061,17.9,4238.8,1
27.4,36.24,69.58,1287.4,1227.6,44.68,17.6,0.637,6.002,17.81,3290.0,0
26.4,36.64,72.35,1214.0,1232.3,43.46,52.2,2.036,6.042,16.58,1539.5,0
26.87,37.39,67.27,1444.0,1472.2,40.08,15.0,1.903,6.587,16.0,36.2,0
22.08,29.49,51.98,1813.9,1782.3,29.08,0.5,2.062,4.644,16.31,3723.0,0
26.47,34.73,56.84,1830.3,1773.6,33.5,0.5,0.31,6.959,23.96,1479.3,0
25.34,35.08,64.6,1415.9,1529.0,43.62,56.6,3.445,5.051,16.55,574.0,0
28.69,40.04,69.87,2078.0,2124.9,33.48,28.2,1.482,5.183,14.12,4778.1,0
28.84,40.73,66.25,1340.3,1381.0,41.89,64.0,0.793,7.896,14.31,4509.4,0
28.0,37.59,63.56,1943.2,2004.0,31.01,2.8,2.892,6.478,20.62,3052.7,0
27.64,37.47,76.18,1170.4,1242.3,44.51,158.3,1.87,4.488,12.13,4533.9,0
23.86,33.02,67.04,1251.0,1221.5,45.26,192.8,1.621,6.278,14.89,3798.7,0
28.03,38.66,70.82,2491.7,2528.8,23.72,19.2,2.765,4.975,17.44,4057.9,0
28.11,39.64,72.67,1502.8,1464.1,40.67,11.1,0.186,5.508,18.44,2301.2,0
29.34,40.6,70.66,2493.4,2463.1,24.78,17.8,0.677,5.933,8.07,3769.5,0
31.09,41.06,72.72,2900.0,2901.4,21.39,21.3,3.523,2.995,16.25,3994.3,0
23.46,32.63,60.06,1883.9,1823.2,34.06,128.6,0.717,4.827,10.09,869.0,0
26.07,36.08,73.83,810.4,904.4,67.97,18.2,2.042,5.001,26.45,5342.3,0
25.37,36.75,63.33,1371.1,1358.9,47.75,5.5,2.195,5.733,13.88,3838.2,0
27.2,36.79,70.45,1108.6,1095.4,53.92,28.8,1.834,3.42,13.53,2106.4,0
26.88,35.06,77.39,1407.3,1441.2,46.08,53.9,2.127,3.172,23.39,2516.9,0
26.38,36.02,79.99,1401.9,1385.7,42.05,60.1,0.995,5.731,13.48,2048.7,0
28.91,38.63,75.66,1286.8,1268.0,48.95,90.3,1.532,7.261,11.65,4800.1,0
24.65,32.83,79.02,1826.9,1800.8,33.6,49.0,1.269,5.927,20.56,1992.0,0
24.77,35.0,64.12,1467.9,1498.5,44.71,21.3,1.214,9.341,24.66,4045.7,0
24.8,35.31,72.33,1145.5,1099.9,51.77,98.4,0.766,5.255,15.08,283.1,0
26.13,37.99,67.54,1223.1,1187.1,46.99,60.4,1.892,5.359,15.11,3152.1,0
24.39,33.06,75.64,1162.1,1144.4,52.43,16.9,2.929,4.375,10.33,2874.7,0
26.75,37.48,73.88,1587.6,1583.4,41.83,49.4,0.683,7.596,21.01,981.4,0
26.52,37.49,70.77,969.6,971.7,56.92,23.7,1.875,4.419,13.63,3426.6,0
25.28,35.8,78.61,1602.5,1568.2,37.92,28.5,0.079,5.649,12.02,5276.3,0
28.6,37.59,51.5,915.4,885.2,61.18,2.5,1.174,2.016,19.59,1969.3,0
26.73,35.67,70.24,1200.0,1237.5,45.74,0.8,2.269,7.506,9.11,1236.9,0
28.98,39.07,68.95,1604.1,1627.4,36.16,17.5,0.683,6.682,17.36,4054.8,0
26.46,36.55,64.18,1886.7,1926.5,28.21,39.5,0.205,5.189,6.59,5804.8,0
26.8,36.24,63.7,1754.2,1742.2,31.92,95.0,2.102,5.245,17.91,5995.0,0
25.72,37.02,53.4,1968.6,1996.4,30.41,5.1,1.074,5.969,14.88,3293.5,0
26.84,36.44,67.63,1536.8,1499.3,39.11,25.2,0.535,8.581,18.55,694.4,0
28.27,36.38,61.63,2260.7,2253.3,27.26,0.9,0.527,4.813,9.84,3492.5,0
26.03,35.8,69.48,1121.1,1163.9,52.93,12.7,1.576,6.029,14.52,5210.4,0
27.89,38.37,64.22,1333.1,1337.0,41.11,23.6,1.349,3.595,11.04,2918.2,0
25.22,35.57,72.42,1472.2,1518.9,40.7,133.1,0.711,6.977,9.81,480.4,0
28.37,38.7,60.7,2052.8,2039.0,28.35,1.8,1.221,7.328,16.99,4998.0,0
25.69,37.18,76.49,1791.9,1786.3,32.31,10.1,2.404,4.215,18.7,5316.0,0
28.55,37.44,68.53,3342.3,3396.9,17.8,22.2,2.151,5.028,5.13,5552.6,0
26.97,36.55,61.61,1040.4,937.5,56.18,83.0,0.307,7.454,19.55,2536.1,0
29.89,41.44,77.71,2419.5,2471.5,25.82,4.1,2.176,5.838,20.9,526.6,0
24.54,32.57,61.25,2225.9,2239.6,26.58,3.8,0.516,3.299,23.4,5586.3,0
23.9,33.84,66.1,977.1,984.2,54.13,13.8,3.471,7.152,6.95,5094.2,0
25.62,36.85,67.12,1309.9,1223.3,43.88,18.7,1.583,4.944,20.56,894.3,0
24.08,35.29,54.48,1440.3,1402.6,41.21,60.6,0.924,3.873,15.8,5020.7,0
24.08,34.74,70.58,1320.3,1360.9,43.4,28.7,3.237,6.545,13.89,832.3,0
28.09,38.78,68.27,1121.9,1138.5,49.54,11.7,3.52,8.96,22.38,2273.8,0
26.84,35.8,65.77,1678.7,1648.7,41.0,13.5,2.599,5.675,14.63,3948.2,0
25.89,37.26,69.7,2559.9,2580.8,24.56,30.1,0.945,5.227,15.05,4644.0,0
26.08,34.88,58.11,1086.9,1061.2,47.33,35.4,0.732,3.069,8.16,748.6,0
25.66,34.52,58.04,1336.9,1311.5,44.22,75.5,5.757,3.509,7.54,5903.2,0
30.15,40.54,72.07,1190.5,1324.7,51.72,18.7,1.792,2.329,15.44,5820.6,0
25.38,34.89,66.5,2205.5,2176.6,27.51,22.2,0.733,4.176,22.95,641.2,0
24.21,34.41,64.05,1980.0,1836.5,32.71,30.7,1.359,4.315,19.36,648.7,0
28.44,38.87,66.1,1498.8,1466.7,43.92,35.4,1.191,4.244,18.88,4424.5,0
26.42,38.2,57.55,1982.2,1899.4,30.55,51.4,1.277,5.101,9.22,1265.9,0
30.93,41.36,77.1,3335.5,3292.5,16.47,15.5,0.316,5.404,17.37,5191.3,0
25.8,35.18,67.47,1429.0,1407.4,41.97,38.7,0.918,3.851,19.51,5210.7,0
28.54,39.22,69.63,1155.7,1092.1,48.95,32.5,1.986,5.314,16.59,4197.5,0
29.01,38.18,74.07,1696.6,1778.2,38.71,13.9,0.411,6.429,7.88,4903.4,0
25.81,36.72,62.57,1248.9,1234.5,45.48,170.7,1.053,7.011,22.39,3034.8,0
25.36,35.43,68.71,1273.9,1293.8,44.03,30.5,3.748,6.183,16.58,2441.0,0
28.33,38.73,76.24,1550.4,1499.3,40.1,0.2,1.921,7.533,9.47,3133.4,0
28.0,36.22,66.71,1468.5,1444.7,41.36,6.9,1.386,3.259,21.77,3006.8,0
24.03,31.78,62.63,1164.4,1160.9,53.49,111.6,4.863,1.425,15.07,645.2,1
24.59,33.09,65.74,1852.8,1814.0,30.36,48.4,1.048,6.302,17.84,4124.9,0
21.78,33.52,70.71,1355.9,1385.5,47.73,5.1,1.883,7.833,12.7,2698.8,0
28.04,36.89,68.65,2183.6,2148.6,28.19,75.0,0.581,3.233,11.54,932.4,0
26.33,37.06,77.88,1857.0,1828.1,32.05,51.9,3.415,5.121,18.42,1168.0,0
26.53,35.88,66.11,1119.3,1178.3,51.96,32.3,2.412,4.809,9.74,5.9,0
23.47,33.23,55.07,2393.0,2458.1,27.9,7.5,1.532,8.04,22.14,4904.4,0
24.65,34.61,67.54,1683.8,1759.9,37.58,183.8,2.592,6.25,14.7,4088.7,0
25.89,37.54,71.46,1003.0,1078.2,63.61,52.7,4.555,5.235,15.08,1175.8,0
25.51,36.09,70.42,1273.4,1250.4,50.26,45.3,0.312,7.175,14.95,1083.7,0
27.09,37.47,66.94,1845.4,1862.6,32.63,1.9,1.027,5.764,17.02,3970.8,0
28.02,39.31,62.99,1641.8,1620.1,34.34,18.1,0.803,4.318,11.48,688.3,0
31.39,40.76,63.61,1359.2,1393.9,38.3,11.2,0.396,7.208,14.76,3381.3,0
26.81,37.88,64.7,1100.8,1189.3,53.12,27.1,0.404,3.185,23.27,1621.6,0
29.08,39.98,58.2,2235.9,2271.2,29.98,7.0,2.436,5.099,18.14,1416.4,0
25.19,36.08,72.68,2219.9,2295.0,29.38,40.8,1.6,4.995,13.15,5057.5,0
23.5,33.35,62.12,1359.8,1318.3,47.13,57.4,4.345,9.133,11.27,5799.6,0
26.15,35.71,75.22,2419.1,2400.9,23.19,25.7,1.704,3.096,8.74,1496.4,0
23.65,32.78,71.04,2001.8,2046.7,30.89,93.0,2.177,3.906,17.95,5552.6,0
26.88,36.07,67.78,1523.8,1544.1,39.15,97.2,5.169,6.769,11.21,5491.3,0
25.29,34.37,76.61,1522.3,1440.0,39.66,20.5,2.781,4.285,18.62,5600.0,0
22.94,33.31,64.82,2189.6,2271.5,26.35,17.0,0.62,5.982,15.32,822.5,0
30.32,40.09,76.24,1414.4,1401.4,43.54,11.4,1.89,5.055,15.76,5835.1,0
25.77,36.21,73.3,1426.0,1379.2,45.54,5.4,1.949,4.396,13.94,1627.3,0
23.57,34.06,63.72,1985.6,1949.2,33.38,68.5,1.652,5.674,12.47,446.8,0
28.65,37.59,64.87,1007.2,1014.0,56.61,25.3,1.086,6.387,12.12,3050.6,0
25.39,34.3,62.36,1288.9,1271.3,43.4,35.4,5.16,4.171,16.94,201.2,0
29.03,38.8,82.89,2081.3,2132.8,29.95,52.0,0.875,3.678,11.25,355.4,0
25.38,34.61,65.5,955.8,992.0,56.21,4.8,0.769,5.049,12.86,4403.5,0
25.77,34.89,68.96,1634.5,1615.8,34.77,0.7,0.654,4.628,11.67,1314.8,0
27.54,39.24,59.87,1286.2,1259.6,41.79,0.4,2.858,6.342,21.25,5394.4,0
28.04,36.5,70.62,1838.0,1950.1,35.13,13.6,2.522,5.671,7.03,4805.1,0
28.39,40.41,76.2,1242.0,1250.3,46.24,21.1,1.212,6.047,17.47,2844.7,0
26.67,36.96,67.32,1809.5,1877.8,35.18,1.0,1.308,5.423,23.51,5398.4,0
27.91,38.89,62.77,1676.7,1711.2,35.79,4.6,2.494,4.6,6.76,5885.7,0
28.34,39.21,67.61,1521.3,1568.0,38.4,14.9,0.03,7.737,17.09,3003.0,0
27.25,37.87,65.96,1513.7,1463.2,34.98,41.5,0.446,5.908,11.45,128.1,0
26.56,38.23,59.87,1320.6,1306.6,50.72,8.5,1.771,3.068,18.35,1079.8,0
23.96,32.88,62.48,2149.3,2180.3,27.42,14.3,2.263,6.13,10.0,987.3,0
28.05,37.89,69.01,1649.1,1584.0,39.63,13.8,2.164,3.399,18.98,25.3,0
26.93,36.08,59.52,1407.1,1386.6,40.89,37.1,3.16,6.088,12.71,1864.5,0
26.02,34.33,67.55,1705.9,1701.2,38.75,13.6,4.158,7.497,10.02,3344.8,0
29.41,38.74,70.89,1168.9,1129.5,49.68,11.4,1.633,5.74,14.71,3508.4,0
23.99,35.87,74.42,2235.3,2166.0,24.96,5.4,4.47,8.726,12.05,2794.7,0
30.14,39.96,62.55,1468.8,1518.5,45.68,54.4,3.91,3.417,5.48,5857.8,0
26.81,38.79,71.16,2013.8,2022.3,27.55,6.8,0.76,6.78,9.75,3451.0,0
27.49,39.57,72.1,1686.3,1795.7,34.91,31.2,0.797,5.048,20.57,1662.4,0
26.06,39.06,68.49,2240.7,2270.1,26.52,126.0,1.29,3.887,14.06,2352.7,0
23.52,35.42,70.87,1594.6,1612.0,36.68,64.7,0.212,7.807,17.5,1526.2,0
26.57,38.93,62.88,1627.2,1620.9,34.22,28.0,1.228,5.154,11.17,1707.6,0
27.52,37.84,80.74,935.6,913.1,56.38,114.1,0.72,5.514,17.23,1686.4,0
28.2,38.43,65.18,1317.6,1393.6,42.41,24.7,1.199,5.446,15.55,287.9,0
26.45,36.75,72.99,1326.5,1357.4,44.4,34.5,5.821,9.347,20.37,2699.4,0
22.46,32.46,64.85,2009.4,2015.7,28.92,15.1,0.899,6.55,15.36,1223.1,0
23.77,33.92,57.88,1141.6,1172.3,47.4,11.1,0.873,7.263,14.11,5464.4,0
30.95,41.71,79.74,961.1,984.7,56.38,141.7,0.84,4.217,13.91,4278.3,0
24.66,34.2,62.97,1251.5,1242.9,48.7,131.0,2.764,4.086,14.25,4899.8,0
29.7,38.33,70.65,2286.4,2276.0,26.88,69.0,0.363,4.43,16.9,2788.3,0
24.98,35.35,58.45,1423.0,1388.2,35.36,5.1,1.452,4.868,16.88,20.2,0
26.49,35.79,65.13,1339.1,1353.8,41.08,13.6,2.434,3.924,10.23,1146.3,0
28.1,37.51,69.04,1768.6,1774.7,34.23,21.5,2.499,5.041,20.62,1821.7,0
25.21,35.07,59.13,1014.9,877.8,65.33,1.3,1.256,7.401,10.56,2438.0,0
30.03,39.66,69.08,1663.7,1625.7,35.18,64.0,0.215,5.598,14.12,2155.0,0
27.0,38.11,64.39,1396.6,1472.9,39.57,57.9,1.941,2.573,14.53,5180.9,0
27.77,37.6,65.23,1674.9,1634.2,34.0,7.5,0.604,7.656,14.3,2002.6,0
26.31,37.48,72.05,1418.8,1469.2,42.32,25.4,2.413,3.118,15.38,479.6,0
28.17,38.37,66.98,1074.8,1038.5,53.82,12.0,1.457,7.314,11.31,1965.6,0
30.01,39.92,72.39,1416.0,1476.5,41.15,4.2,1.839,5.359,15.44,894.7,0
26.59,36.75,67.18,1481.8,1479.4,37.81,12.9,3.334,9.451,13.64,5452.5,0
30.31,39.02,69.65,1930.7,1942.4,29.26,13.1,1.203,8.028,20.84,3600.2,0
25.63,35.96,65.91,1034.9,1094.1,52.09,20.6,4.454,6.487,13.99,249.2,0
28.38,39.23,76.6,1531.8,1494.6,38.56,53.2,1.422,5.441,21.2,171.9,0
27.83,38.82,75.29,1562.5,1612.2,38.13,6.5,0.647,7.724,16.27,5170.8,0
24.71,33.36,70.39,3342.3,3331.9,16.61,33.1,1.118,5.713,13.61,5300.2,0
27.28,35.76,68.04,1528.5,1587.7,38.73,3.2,0.403,6.352,21.01,3353.9,0
26.86,36.33,59.65,1752.0,1688.6,35.99,4.7,0.78,5.789,22.06,2101.1,0
25.14,36.53,67.79,2840.8,2878.6,21.74,33.3,1.645,4.481,13.3,5690.5,0
27.57,37.79,74.06,1334.2,1323.3,49.9,20.8,1.634,6.024,15.86,1690.1,0
27.14,36.37,67.39,1985.0,1969.1,34.65,44.7,0.978,4.312,17.99,3284.8,0
26.7,35.25,68.93,989.5,1017.9,58.96,133.2,5.994,7.467,16.16,441.5,1
26.71,36.03,69.57,1005.1,938.0,54.14,66.0,4.124,5.498,13.62,5382.5,0
26.67,35.92,63.91,1800.7,1791.9,32.8,28.2,0.438,4.685,13.32,5872.2,0
26.11,37.05,69.04,1075.1,1138.4,53.69,27.8,3.09,4.478,21.06,3514.3,0
27.13,38.14,64.42,1064.2,1072.2,56.11,4.7,0.369,8.073,20.63,5197.9,0
25.56,34.51,73.03,1610.0,1604.9,34.41,13.4,1.713,3.859,13.27,2536.0,0
32.16,42.92,71.56,2053.7,2130.4,29.67,4.6,0.619,5.976,14.09,3990.4,0
24.03,34.68,62.37,3061.9,3045.4,18.45,25.2,2.642,3.733,12.69,1782.2,0
25.68,34.5,76.58,1351.8,1387.1,43.8,57.4,2.217,6.164,21.19,2509.6,0
25.84,35.75,51.61,1841.5,1857.4,30.27,141.5,1.9,4.999,13.74,1053.8,0
30.93,41.27,62.56,1413.3,1486.6,44.1,2.7,2.285,5.63,16.45,3517.7,0
24.21,34.37,58.21,1991.1,2031.2,34.32,6.9,0.165,4.869,19.58,802.2,0
27.7,35.99,68.24,1843.5,1859.4,32.2,63.3,0.686,2.373,7.22,5870.6,0
27.35,37.48,64.97,1725.4,1650.0,34.39,74.3,0.576,6.027,15.17,120.3,0
27.52,38.15,68.8,2135.3,2135.3,27.0,35.7,3.227,5.912,8.37,638.6,0
29.32,40.9,70.59,1726.1,1816.9,34.38,27.5,0.924,3.893,21.41,1670.6,0
29.28,38.61,71.12,1738.3,1825.4,32.63,6.1,2.561,5.592,8.11,805.0,0
25.95,35.4,62.11,1490.0,1468.0,39.86,7.2,2.496,5.928,6.77,5903.5,0
27.24,37.03,68.97,1238.1,1248.2,41.04,8.3,1.556,6.08,22.01,2639.8,0
23.12,33.41,62.14,1954.5,1883.5,29.29,66.7,0.134,5.596,12.52,4043.4,0
27.05,37.15,70.0,1225.6,1262.0,51.01,17.4,0.415,4.435,9.85,5947.5,0
25.26,35.87,70.3,1371.3,1320.0,38.4,7.8,1.027,6.69,9.1,5520.1,0
26.48,35.35,63.34,1063.7,1060.3,55.02,14.5,0.92,6.0,16.56,335.9,0
23.48,33.88,66.61,1479.2,1522.8,42.41,7.3,2.389,2.585,16.31,2884.6,0
27.66,36.92,71.86,1548.0,1531.5,40.69,38.0,1.423,4.822,17.34,104.2,0
23.46,33.31,61.1,1695.4,1703.7,35.09,20.7,1.249,6.479,14.27,1671.8,0
27.15,38.85,75.32,1304.5,1363.3,46.15,80.2,1.396,8.06,23.14,3771.9,0
24.4,33.0,68.13,1410.6,1471.6,40.34,20.6,2.094,5.812,15.51,765.0,0
25.15,34.87,67.64,1324.8,1300.5,48.58,19.9,1.162,3.575,14.08,4672.1,0
29.16,37.88,70.03,1068.0,1014.4,56.05,22.4,3.023,2.982,10.35,4600.9,0
28.03,38.18,74.59,1840.6,1829.9,32.73,22.8,1.094,5.62,9.19,1387.5,0
29.15,40.2,67.92,1359.6,1327.5,46.13,1.9,5.122,5.246,23.59,1567.9,0
29.97,40.14,71.18,1300.9,1226.4,45.85,127.8,1.013,6.044,9.11,4975.8,0
25.3,35.19,67.6,1303.2,1354.1,44.58,69.4,1.119,3.83,10.39,3882.3,0
29.85,41.18,66.46,1668.2,1599.5,35.67,14.4,0.61,5.841,14.98,2937.8,0
23.92,34.25,67.87,1655.3,1660.1,35.87,2.0,1.531,5.364,21.35,1384.1,0
28.34,39.16,67.53,1760.6,1768.4,34.16,142.5,1.193,4.09,10.82,232.3,0
25.86,36.58,60.3,1793.0,1739.8,33.96,42.8,0.857,7.882,14.29,5232.4,0
24.99,32.11,54.7,2039.7,2037.9,31.6,6.7,0.623,6.791,16.61,5921.6,0
28.08,38.0,59.07,1537.0,1579.9,38.96,23.4,0.227,5.303,15.96,683.9,0
28.74,37.66,63.35,1835.2,1846.2,32.42,22.8,2.779,3.477,20.36,5614.1,0
28.68,37.85,56.65,1341.0,1302.6,44.36,15.9,0.807,6.233,17.14,2612.8,0
27.28,38.75,66.86,1455.6,1504.4,40.57,10.9,1.123,4.475,24.59,4405.4,0
27.11,36.74,62.28,1514.9,1506.3,41.69,72.1,1.469,6.496,17.38,4212.7,0
27.9,39.8,62.25,1603.3,1638.5,37.27,83.6,0.379,6.111,16.64,3082.8,0
27.46,36.05,73.43,1407.8,1427.5,40.69,18.4,2.903,3.958,9.94,336.4,0
27.93,36.85,62.59,1500.8,1513.8,37.53,33.4,0.168,5.454,16.54,2728.5,0
27.26,38.02,80.03,1209.9,1195.4,47.8,58.1,3.68,6.963,11.62,308.7,0
28.54,38.19,58.96,1715.7,1694.8,35.58,92.4,2.866,3.138,14.28,3206.4,0
23.6,33.9,71.62,1324.6,1309.3,43.76,38.7,2.403,6.008,16.3,3268.5,0
26.59,36.48,67.22,2118.1,2088.4,26.94,14.4,2.62,8.005,17.32,2747.6,0
24.08,33.94,69.34,1369.3,1471.7,47.12,44.2,1.322,3.867,15.71,2390.7,0
27.4,37.1,59.77,1694.8,1701.2,34.41,51.1,3.927,2.888,10.83,1607.0,0
30.13,40.31,69.47,1909.6,1875.7,30.88,37.7,3.372,9.55,10.76,3664.6,0
25.9,36.54,75.97,2050.9,2077.4,28.61,78.4,2.372,2.013,10.28,3849.4,0
27.1,38.72,78.44,2193.3,2261.7,27.82,51.2,0.089,5.383,17.28,4832.1,0
28.36,38.16,72.71,1518.5,1484.7,35.19,24.7,1.642,7.285,14.28,5225.7,0
22.71,32.32,58.93,1014.7,1048.5,54.99,4.7,2.8,7.518,16.21,4487.0,0
25.81,35.28,61.6,1642.0,1648.7,33.57,40.3,1.531,5.949,10.45,5962.1,0
27.58,39.05,70.97,3338.9,3241.3,17.91,34.3,1.995,7.751,12.42,4747.8,0
21.06,31.75,55.76,1407.3,1345.1,43.65,58.0,2.422,5.152,20.1,5989.1,0
24.9,33.0,56.86,2226.0,2193.6,28.86,12.3,0.437,4.793,13.67,4986.3,0
29.05,37.11,68.01,1219.1,1189.7,48.15,102.9,6.503,6.036,23.06,611.9,1
28.86,38.03,64.89,1606.0,1560.7,35.79,9.7,3.981,6.108,17.65,538.3,0
27.6,37.83,73.08,1641.1,1631.6,37.26,127.3,2.938,6.181,13.13,454.5,0
28.61,38.58,72.77,1184.6,1229.9,51.97,40.4,2.683,4.064,19.69,538.9,0
27.28,37.79,60.53,1294.5,1254.4,46.18,75.6,1.799,5.633,16.13,3759.0,0
27.96,37.79,63.25,2075.5,2130.9,27.54,35.9,1.491,3.913,10.61,4742.9,0
26.22,37.62,64.64,2089.5,2144.1,29.01,10.4,0.689,5.256,15.19,1219.0,0
27.08,37.85,61.32,2830.8,2822.2,22.16,54.3,7.89,6.389,15.27,5886.0,0
25.59,35.66,60.57,818.2,814.9,66.03,3.8,2.049,6.305,12.04,167.4,0
29.38,40.52,65.56,1991.6,2034.8,31.37,15.0,0.88,8.433,12.94,2158.5,0
29.89,38.24,64.99,1172.7,1129.4,51.7,88.2,4.021,5.257,9.27,292.9,1
29.61,39.52,71.25,1769.1,1693.2,34.68,34.1,2.643,7.082,15.49,4868.6,0
26.03,36.17,51.26,2053.6,1965.3,29.2,15.8,1.217,8.529,13.14,2404.6,0
24.94,35.54,66.67,1592.2,1595.0,40.22,43.4,2.098,8.964,12.9,3921.0,0
29.4,37.69,70.91,1481.0,1433.6,36.73,19.2,1.161,7.078,17.99,4666.6,0
27.94,37.68,75.18,1291.3,1152.1,48.02,63.7,2.641,3.407,26.68,909.3,0
27.51,37.91,72.89,1209.0,1286.3,48.14,28.7,1.755,4.015,13.32,4789.4,0
25.58,36.06,57.33,2004.1,2114.8,34.1,4.6,2.579,4.201,16.51,5920.1,0
27.7,38.89,65.5,2256.4,2230.4,25.6,20.9,0.837,5.704,19.22,3665.5,0
24.68,35.44,60.72,2165.0,2297.6,28.03,14.4,3.929,8.376,16.69,571.5,0
28.12,38.06,72.35,3270.4,3275.4,17.18,29.9,0.991,5.289,15.2,5889.3,0
29.61,40.28,73.72,1593.0,1641.1,37.26,24.6,1.987,4.363,16.69,1648.9,0
30.11,39.91,64.61,1429.2,1455.5,39.88,35.5,0.487,7.345,16.29,1618.4,0
28.27,38.41,64.55,1990.1,1986.0,28.57,95.7,0.718,4.78,12.9,4173.1,0
24.09,34.88,64.16,2301.8,2252.0,27.36,12.8,0.78,7.03,18.0,5543.7,0
27.24,37.2,65.71,1356.3,1363.4,39.84,4.1,2.041,4.958,15.49,2189.6,0
31.13,41.49,66.01,1700.7,1626.7,33.68,53.8,1.454,6.869,14.89,2044.3,0
25.11,36.07,66.04,1575.3,1483.8,37.87,17.0,1.093,5.906,13.98,3885.3,0
26.73,37.44,68.02,1841.2,1790.3,36.33,40.7,0.902,5.061,17.44,776.0,0
29.68,40.91,79.11,1403.5,1426.7,42.49,35.1,4.035,3.361,14.48,5637.8,0
28.08,40.41,80.86,1937.4,1935.2,34.35,3.4,1.267,5.575,20.65,3470.9,0
31.81,42.51,63.99,1614.6,1568.4,35.11,38.1,1.637,3.586,11.8,1156.0,0
25.38,34.92,68.96,3001.3,3029.8,21.18,110.9,0.575,6.058,15.92,5261.5,0
24.87,35.38,73.48,1550.8,1583.2,39.5,11.8,2.096,6.912,23.73,2357.8,0
29.3,39.77,59.73,1383.4,1330.7,40.89,14.9,3.117,6.355,14.56,4656.6,0
24.46,35.07,61.04,1493.4,1460.9,38.22,24.7,2.672,5.434,9.89,2855.3,0
26.46,37.95,56.94,940.6,943.8,59.12,20.9,0.311,5.417,17.9,687.4,0
26.72,35.03,67.55,1429.7,1424.2,41.63,9.6,1.173,6.587,10.63,4658.1,0
28.92,40.44,70.17,1508.2,1448.2,38.44,10.9,2.254,4.588,21.53,2624.3,0
28.08,39.93,77.55,1301.9,1313.6,44.99,52.3,2.208,5.784,14.13,1522.4,0
27.76,38.33,68.94,937.2,928.4,61.13,27.5,0.229,3.424,14.28,1571.0,0
26.05,36.64,65.87,1376.0,1375.8,42.53,10.2,0.516,4.403,14.26,1726.4,0
29.28,39.04,76.78,3212.4,3120.9,17.77,31.7,0.818,5.878,13.27,2310.1,0
34.9,44.91,81.36,1304.9,1342.3,44.32,64.6,2.454,3.491,14.28,3018.4,0
28.23,38.93,74.15,1924.5,1934.3,31.21,94.0,1.35,5.799,13.8,2139.7,0
27.05,37.68,68.0,2956.8,3011.4,20.78,3.0,0.797,6.473,14.65,1065.1,0
24.25,34.97,62.1,1105.7,1137.8,56.98,8.0,2.705,4.447,16.66,4039.9,0
25.58,36.2,76.03,1218.9,1276.9,54.81,39.5,2.248,6.009,14.01,3702.7,0
26.42,37.32,64.81,1779.7,1777.7,30.95,74.7,2.325,3.469,27.1,3877.4,0
25.78,36.57,71.0,1945.1,1876.5,31.01,78.1,1.034,6.178,15.64,5161.3,0
26.82,35.79,56.18,1677.6,1722.2,41.6,30.5,0.137,4.81,18.62,157.9,0
30.41,41.24,71.51,1905.8,1890.3,31.15,13.1,1.533,4.049,12.0,3044.1,0
29.34,41.2,71.77,1432.3,1455.3,38.65,101.5,0.71,4.956,14.41,5331.2,0
26.53,36.51,60.52,1735.5,1695.4,32.87,142.0,3.456,3.714,13.37,4000.8,0
24.43,35.93,67.56,1797.3,1816.7,36.0,69.6,1.961,6.649,22.63,4020.6,0
29.52,38.61,71.09,2158.0,2089.6,25.96,8.7,0.537,5.69,16.58,4316.1,0
26.75,36.72,68.82,1256.4,1306.9,48.27,29.9,0.575,7.056,12.92,5798.6,0
23.4,32.76,57.56,1012.6,1015.7,52.04,63.5,0.886,2.787,8.64,5198.0,0
28.27,39.65,71.43,1447.4,1481.1,39.0,17.1,5.235,6.84,17.6,1568.4,0
28.9,40.54,77.28,1332.6,1285.2,39.64,54.6,2.524,3.043,17.01,4698.4,0
22.0,31.9,51.35,1279.8,1275.6,46.29,38.8,3.952,5.416,19.8,1014.4,0
25.2,36.37,70.12,1456.8,1484.4,40.02,37.4,0.254,9.09,13.91,2224.9,0
26.63,38.28,69.26,974.9,999.1,57.3,32.7,0.945,3.107,16.43,2718.9,0
28.32,38.29,64.33,2059.5,2073.8,26.84,68.2,3.844,5.498,18.19,4116.3,0
25.82,35.95,61.09,1235.7,1203.0,48.61,24.4,4.745,3.914,11.27,1028.5,0
25.19,35.92,81.27,1384.2,1380.7,38.86,22.5,2.75,4.614,19.84,5824.0,0
28.3,37.46,68.06,2103.8,2088.5,28.79,39.2,3.483,3.996,8.53,4347.9,0
25.91,36.02,71.02,952.3,875.8,62.47,206.3,6.571,2.391,18.96,2014.2,1
27.93,40.08,70.77,789.2,755.5,63.85,51.3,0.756,6.269,13.22,5397.1,0
24.63,34.13,65.51,1664.7,1646.7,37.92,4.3,3.325,5.525,13.99,2790.6,0
24.15,35.0,70.79,1312.5,1284.8,44.45,23.6,1.769,4.083,18.17,3130.6,0
28.36,38.88,76.55,1611.1,1607.8,35.29,24.6,6.386,7.373,20.4,1117.9,0
27.36,37.19,73.66,1509.5,1525.6,36.9,32.0,0.318,6.302,16.28,5921.4,0
28.69,38.92,56.42,2452.8,2451.7,28.68,72.3,1.565,5.505,14.12,1928.7,0
25.78,37.54,72.2,2169.3,2148.3,27.2,31.6,1.485,6.301,12.37,2356.1,0
25.26,35.81,59.65,1036.9,1079.3,58.44,131.3,4.463,6.311,9.44,3586.8,0
29.57,40.28,64.61,1552.7,1496.6,39.61,4.2,0.93,5.438,12.65,1193.9,0
23.8,35.4,73.49,1540.8,1502.4,40.51,2.7,1.464,6.167,17.41,4963.4,0
29.35,39.06,69.64,1998.6,1945.9,31.89,5.5,2.904,5.858,16.84,4834.3,0
29.49,38.44,59.86,1310.2,1334.6,41.9,3.0,2.841,4.932,14.37,482.8,0
28.57,40.34,71.93,2476.1,2499.7,24.96,126.7,0.198,4.43,14.07,381.4,0
25.47,35.61,70.58,1821.6,1841.7,32.26,37.4,1.597,4.469,19.57,3680.8,0
25.22,36.11,73.07,2326.1,2412.7,28.0,42.7,0.986,4.132,17.82,3530.3,0
26.43,35.67,59.77,889.4,853.3,52.93,21.8,1.233,5.258,16.59,5453.5,0
24.26,34.65,58.82,2491.5,2493.5,23.48,50.9,2.951,6.264,10.07,3291.8,0
24.93,33.83,79.85,1964.2,1990.2,28.21,70.0,2.296,6.854,14.03,5848.8,0
28.14,38.2,55.48,3155.3,3139.4,19.52,76.0,1.791,5.812,20.9,5308.0,0
28.15,37.5,75.74,2051.5,2080.6,31.1,20.7,1.504,7.145,16.79,3207.5,0
24.75,33.87,61.41,1641.0,1684.1,35.4,76.1,0.682,3.769,7.42,363.7,0
28.2,37.9,62.87,1330.5,1367.1,49.78,17.1,3.192,7.084,15.58,4515.6,0
27.76,35.47,63.55,1651.1,1730.6,37.78,5.0,0.939,6.969,18.34,5265.9,0
29.87,38.71,67.75,1587.9,1670.2,35.89,100.5,1.55,3.384,13.6,9.7,0
27.99,38.77,65.89,1298.0,1323.9,43.0,175.4,1.097,3.741,16.5,888.2,0
28.97,39.31,67.53,1768.3,1734.2,35.57,3.6,0.675,4.49,24.42,3613.9,0
27.8,36.73,66.77,937.2,1099.8,64.1,6.0,0.455,6.218,8.95,273.4,0
28.81,39.36,67.65,1891.6,1835.3,34.09,33.0,4.706,2.088,9.93,4204.8,0
24.28,33.4,70.8,1344.4,1339.5,44.14,117.3,0.85,5.887,12.25,1641.1,0
26.61,37.33,66.54,1210.8,1253.8,48.26,46.0,0.136,6.338,9.53,3958.1,0
26.77,36.66,66.27,1650.1,1664.7,33.8,115.2,2.22,8.252,16.7,516.4,0
26.36,36.04,57.36,1496.2,1508.2,41.65,13.6,4.68,7.716,16.34,4610.4,0
27.74,37.65,82.15,1581.0,1602.5,34.99,8.2,4.832,4.866,14.81,387.0,0
28.12,40.68,68.73,1390.6,1430.3,42.74,0.5,1.306,4.567,14.46,3320.0,0
27.63,36.88,70.5,1376.7,1321.8,41.01,78.7,2.552,7.192,15.36,3271.7,0
26.5,36.72,61.03,1623.6,1664.7,38.6,6.3,0.943,7.395,15.2,1491.8,0
25.38,36.16,58.38,1977.2,1985.8,28.44,21.9,6.819,6.303,11.82,2537.2,0
29.04,38.08,58.88,1101.5,1140.1,58.64,23.4,1.008,3.669,15.52,1970.0,0
27.55,35.96,62.17,1385.9,1388.4,45.86,10.4,0.679,5.442,19.85,5864.7,0
24.81,34.21,67.38,2471.8,2419.2,24.11,14.6,3.012,4.655,16.83,5882.0,0
26.46,37.22,70.5,1737.7,1768.6,35.8,15.4,3.355,3.653,11.51,3410.3,0
23.36,33.02,68.07,2427.5,2360.8,24.31,21.8,1.31,5.923,15.14,1593.9,0
26.92,36.69,69.14,1336.0,1362.0,47.62,24.8,2.574,4.149,7.25,1878.0,0
26.45,37.36,66.98,1543.4,1669.1,39.78,29.3,1.495,8.917,6.04,4027.9,0
25.7,34.89,67.66,1583.8,1553.8,40.04,18.7,0.076,3.93,14.34,2914.4,0
30.02,39.93,72.19,1908.6,1862.6,31.58,19.5,0.858,1.92,17.7,2629.9,0
24.54,33.02,49.7,1747.3,1756.1,36.84,181.1,0.378,5.786,18.0,4694.9,0
28.26,38.58,68.3,1212.7,1195.9,47.87,52.1,1.697,7.788,3.18,3384.2,0
31.22,41.45,77.81,1138.5,1152.8,50.56,9.4,1.968,5.741,25.3,5198.4,0
29.0,39.8,73.64,1144.3,1112.1,48.46,1.7,1.412,4.702,13.78,2055.5,0
26.79,35.64,55.66,2623.4,2568.0,24.48,61.5,0.146,3.894,15.34,3273.7,0
24.58,34.39,63.65,1576.5,1431.4,38.14,28.4,1.222,3.331,14.07,4685.5,0
24.13,32.85,70.99,1361.5,1303.5,42.53,57.8,2.618,4.608,17.74,3399.2,0
26.03,35.78,66.24,1569.6,1577.2,32.65,9.1,4.036,3.958,11.13,1054.1,0
25.48,36.96,65.44,2355.0,2401.5,23.41,58.0,1.584,5.77,8.75,5035.4,0
25.41,35.09,66.38,2200.6,2228.8,27.13,3.8,0.222,5.268,24.08,1083.5,0
26.2,34.83,62.52,1050.9,1083.5,55.0,37.1,1.047,5.605,15.79,983.1,0
26.65,35.97,65.85,2232.3,2267.4,28.09,94.9,2.233,4.156,11.96,3938.1,0
27.82,36.21,65.21,1297.8,1264.7,40.48,69.5,4.889,5.997,17.23,2079.3,1
24.37,33.08,59.45,1552.5,1454.2,38.44,6.7,4.249,6.939,22.6,1179.0,0
25.49,36.16,60.71,1537.8,1528.9,38.46,4.1,1.377,2.816,20.09,4513.6,0
26.53,35.08,62.09,1616.2,1535.1,36.8,17.0,3.904,4.222,18.76,3274.3,0
26.46,36.77,71.92,1264.1,1272.9,47.89,65.7,0.905,5.022,10.83,2916.7,0
30.52,40.55,66.65,1490.4,1483.6,40.36,33.3,0.56,4.815,12.16,1354.8,0
27.31,36.78,81.45,1818.1,1917.5,33.74,71.0,0.977,7.753,15.88,1457.6,0
23.62,33.85,66.52,1362.9,1423.8,40.51,1.1,2.49,3.028,17.39,5332.8,0
27.69,36.75,69.73,2269.4,2293.5,27.22,135.0,2.067,1.111,22.45,638.3,0
27.94,38.78,66.04,1231.4,1201.9,44.76,46.4,3.006,7.242,12.78,3227.5,0
26.6,35.9,77.15,1670.1,1596.6,33.19,24.6,3.283,3.271,16.42,3824.0,0
24.42,34.04,61.74,1685.6,1787.6,33.77,79.9,1.241,4.304,18.16,2597.9,0
30.37,39.86,73.45,1280.7,1274.0,45.13,104.6,3.562,5.966,15.82,507.8,0
24.71,35.4,61.64,1688.5,1706.8,35.93,76.6,0.318,7.385,19.42,4648.3,0
28.17,38.72,68.13,1747.7,1707.9,36.49,4.5,3.683,4.422,26.05,5373.4,0
27.25,34.63,61.93,1168.1,1252.0,51.68,39.7,7.209,5.101,18.97,5293.3,1
28.05,38.31,68.94,2035.4,1988.8,30.27,46.7,4.486,3.648,7.51,473.9,0
30.26,38.52,62.47,1228.7,1208.1,44.98,26.8,5.499,6.226,19.57,2323.6,1
27.97,37.63,67.79,1305.1,1323.8,49.5,37.9,2.057,7.755,19.35,1353.2,0
25.73,35.62,75.4,993.5,1042.9,51.67,14.9,2.686,4.538,12.08,5607.4,0
29.06,38.71,71.59,931.8,914.2,61.77,109.1,1.726,4.137,15.87,3397.3,0
25.59,36.09,65.53,1790.3,1793.3,33.58,5.8,0.96,5.291,11.26,4796.1,0
27.18,37.9,70.96,1955.2,1922.1,31.32,4.9,3.694,6.335,21.15,4007.3,0
24.26,33.49,67.15,1427.1,1422.5,48.17,28.5,1.324,6.72,20.06,4911.6,0
24.78,33.97,64.08,1170.3,1195.7,49.4,115.7,2.426,5.221,13.91,2253.2,0
26.95,36.92,66.31,1973.0,2047.6,32.09,7.2,0.632,7.863,17.37,5059.3,0
27.59,36.04,70.87,1330.8,1336.6,44.85,95.2,4.472,7.108,12.93,4551.4,1
23.45,32.97,66.37,981.9,922.5,67.24,68.0,3.368,5.515,8.16,4074.2,0
27.84,39.19,79.14,1331.4,1415.6,41.05,6.3,2.602,5.454,18.02,1128.4,0
25.21,33.7,57.35,1215.6,1251.2,49.23,39.7,6.375,3.045,10.75,4416.0,1
29.41,39.07,66.25,1006.7,1028.2,55.77,32.7,0.373,4.587,10.48,5650.0,0
26.15,35.55,59.21,867.5,958.8,65.04,76.3,2.161,3.935,14.32,882.3,0
24.6,36.61,68.64,1351.7,1430.3,42.46,253.0,0.811,5.098,13.09,5213.9,0
27.0,36.46,57.65,1152.6,1100.6,52.53,27.7,1.733,4.175,6.27,123.0,0
25.02,34.54,62.58,1900.0,1891.4,32.12,19.2,2.991,3.364,13.66,1981.8,0
29.39,38.36,77.6,1554.9,1485.0,40.25,8.6,0.355,6.793,13.19,1010.5,0
26.85,36.86,74.16,1785.4,1782.7,35.54,45.2,2.235,2.912,18.09,958.5,0
26.55,36.82,61.71,2891.9,2905.4,21.15,9.7,2.435,9.109,20.83,1505.6,0
28.03,37.15,74.17,2459.4,2371.8,23.97,109.8,0.667,3.849,18.29,3490.7,0
24.84,35.83,66.7,1366.5,1360.5,44.3,75.4,1.688,5.37,11.42,5844.1,0
24.27,34.54,68.51,1342.7,1318.9,44.5,102.7,1.464,3.376,17.59,2547.2,0
27.67,38.52,73.89,2075.4,2130.4,29.58,55.4,0.468,4.024,18.11,4509.4,0
24.65,34.32,63.23,1107.5,1191.2,55.57,10.4,0.991,6.701,14.06,5242.7,0
24.65,34.89,59.36,1970.8,2028.1,28.9,12.3,1.147,4.363,12.59,5432.2,0
28.52,38.31,61.69,1281.7,1269.9,42.57,43.6,3.127,4.484,9.27,4396.9,0
27.9,39.36,79.41,1484.4,1525.7,35.85,135.0,2.475,6.955,9.99,51.6,0
24.34,34.46,63.72,1371.0,1350.9,41.07,16.9,2.379,8.37,15.36,4436.9,0
25.61,35.62,68.87,1121.9,1079.2,48.99,69.4,2.337,4.875,17.54,2073.8,0
25.04,34.58,62.17,1281.7,1241.2,47.57,9.7,3.034,2.599,15.9,3692.6,0
30.4,39.89,68.47,1245.3,1300.4,47.08,253.0,0.589,4.963,18.71,4218.6,0
28.66,38.9,65.09,1243.1,1330.6,45.8,33.5,0.864,5.093,12.74,517.8,0
26.01,36.83,61.15,2063.3,2057.7,27.27,1.9,3.155,5.437,11.58,5018.0,0
28.0,37.32,66.28,1200.0,1233.8,51.35,19.3,1.449,6.419,15.57,717.2,0
24.14,34.26,55.99,1999.2,1968.8,29.4,44.5,1.638,6.721,18.09,107.2,0
25.5,35.69,65.1,1491.6,1535.2,38.94,51.7,0.57,4.262,13.12,2715.9,0
27.06,37.42,65.21,1597.6,1517.8,36.49,26.4,0.645,5.649,9.74,644.8,0
27.75,36.05,61.06,1356.9,1415.6,43.5,0.4,8.663,6.504,20.86,4296.6,1
26.66,35.73,54.76,1562.1,1623.7,35.15,1.3,3.937,8.152,12.87,4258.1,0
27.35,35.98,60.87,1442.4,1410.9,38.41,1.6,1.334,6.836,19.62,1006.4,0
27.01,37.04,74.76,1115.0,1184.8,56.19,47.8,8.41,4.521,17.67,4192.5,0
26.52,35.62,74.45,2137.8,1986.4,27.05,18.0,1.439,3.632,13.33,3826.8,0
26.26,35.76,59.16,1572.6,1556.8,39.98,24.2,3.557,4.786,12.42,4412.5,0
26.0,34.8,70.34,1976.3,2022.7,28.86,9.2,1.929,5.577,15.0,3930.9,0
27.31,36.91,69.97,1313.8,1308.4,46.74,91.8,1.221,5.091,5.17,5773.1,0
27.67,36.55,72.0,1929.0,1842.9,32.73,25.1,2.355,4.127,21.91,3313.1,0
27.25,38.0,67.27,1415.8,1425.0,40.39,15.6,0.549,4.185,15.72,3852.1,0
24.49,34.97,59.51,2205.2,2164.8,26.75,32.7,3.928,6.873,18.1,3621.3,0
24.85,35.0,65.0,1115.1,1182.0,52.92,15.9,1.096,2.662,9.47,167.7,0
27.65,37.35,64.4,1498.0,1410.7,40.73,6.5,1.593,7.35,21.63,3402.4,0
29.79,37.76,85.56,1400.3,1399.3,41.38,14.5,0.952,5.545,12.86,2681.9,0
27.15,36.7,62.65,1412.9,1337.0,48.29,21.8,1.819,4.251,14.13,1346.5,0
26.03,35.27,73.3,2185.8,2190.4,27.49,11.3,1.168,5.539,14.94,3235.5,0
27.3,37.55,71.98,1754.8,1699.3,33.85,9.0,1.368,6.931,11.29,5738.5,0
24.58,35.2,68.69,1399.5,1391.9,41.7,36.8,1.137,5.885,12.42,5685.9,0
29.47,39.79,79.52,2679.6,2651.4,22.38,12.7,0.227,4.614,19.49,4575.5,0
27.22,38.49,70.26,2766.0,2738.3,23.45,22.0,1.991,4.803,18.54,813.6,0
25.51,34.94,59.67,1764.5,1770.9,31.79,1.0,0.917,5.149,16.04,2723.1,0
26.52,35.91,65.9,2146.5,2183.4,28.59,80.5,2.797,6.179,10.78,3408.9,0
25.8,36.83,68.63,1690.2,1696.6,36.56,38.4,0.856,3.087,13.09,761.7,0
29.47,39.64,74.4,1248.6,1241.6,45.22,1.2,1.237,4.688,15.94,1731.9,0
26.45,36.2,70.36,1224.4,1284.4,47.5,12.3,2.225,5.383,16.2,4466.8,0
27.16,39.01,62.14,973.8,932.0,58.09,21.0,2.157,5.456,18.23,5008.0,0
28.0,38.58,70.28,1495.6,1523.7,39.77,28.2,0.012,4.899,10.21,307.0,0
25.37,35.18,63.16,1453.8,1438.0,41.54,9.9,0.739,5.647,15.62,4209.5,0
27.24,36.55,77.41,1374.2,1484.6,39.75,2.5,1.344,2.479,21.02,5693.1,0
27.4,38.73,74.89,1391.8,1351.1,43.2,6.3,0.247,2.809,15.72,5700.4,0
23.74,33.95,68.1,1550.8,1499.5,43.98,93.4,0.385,7.627,18.64,5163.6,0
27.36,37.38,60.13,1167.1,1161.4,49.22,14.3,2.166,5.419,11.15,5887.7,0
26.76,37.43,70.39,1244.0,1232.7,49.18,210.3,4.664,5.589,19.3,4092.7,1
27.11,37.99,67.89,1372.4,1381.2,45.19,40.1,3.709,2.83,14.46,3460.8,0
26.92,37.47,74.2,1161.1,1161.7,55.1,13.9,2.799,2.371,7.24,3023.9,0
27.37,38.25,63.01,1336.3,1331.6,40.27,64.6,0.766,6.053,25.39,1124.2,0
29.52,39.98,68.8,1682.9,1750.1,33.88,71.4,3.443,7.439,16.6,2388.4,0
24.49,35.05,55.56,1741.2,1808.3,35.52,0.5,2.845,4.066,20.81,4111.8,0
26.17,35.43,64.87,1615.4,1617.2,38.94,32.9,1.205,5.905,18.42,5182.6,0
28.18,39.99,73.8,2198.9,2193.7,29.16,11.7,1.487,7.12,10.27,5100.6,0
27.81,36.58,71.12,1866.3,1872.9,33.87,28.4,1.763,5.005,13.14,1691.1,0
27.77,38.08,69.0,2103.0,2125.9,28.6,96.2,1.473,7.352,15.18,2151.4,0
32.36,41.02,77.93,1552.4,1469.1,43.44,4.7,2.014,4.936,27.12,1182.8,0
28.08,37.98,69.15,1434.8,1503.5,43.54,11.4,0.274,5.875,16.35,4279.2,0
29.11,38.54,61.26,2796.8,2842.2,22.31,39.9,0.939,8.126,10.14,2196.4,0
26.24,36.37,65.19,1698.1,1682.0,33.46,3.3,0.417,6.571,11.16,3594.3,0
24.86,35.21,64.61,1070.7,1034.4,58.25,17.1,0.823,5.281,20.75,1242.8,0
26.22,35.27,62.12,1304.5,1242.2,46.3,8.5,1.943,4.554,13.47,4002.0,0
28.27,38.24,54.69,1343.4,1370.8,44.54,82.7,1.888,7.122,12.26,4726.1,0
27.66,39.06,67.17,1719.5,1812.9,33.36,39.6,1.876,6.385,15.3,5696.9,0
27.66,36.34,56.55,1385.0,1257.2,42.87,31.4,3.769,6.498,24.94,1866.5,0
26.42,35.57,70.43,1562.9,1559.6,39.85,29.8,1.723,5.715,15.74,5496.4,0
26.1,36.96,70.15,1729.4,1642.5,32.03,27.3,1.304,6.767,19.86,4680.5,0
26.49,36.57,66.53,1684.7,1661.2,35.06,27.2,1.497,4.116,17.15,3705.3,0
28.3,38.45,62.2,1641.6,1619.5,35.29,0.6,0.139,4.406,12.7,2981.6,0
28.53,39.55,64.93,2468.9,2538.1,25.11,4.9,2.045,4.127,13.98,5785.2,0
24.84,34.04,65.36,2417.8,2426.5,26.76,25.4,0.814,6.414,17.95,246.4,0
28.37,37.86,63.95,1473.2,1511.9,38.01,75.9,3.081,4.488,3.86,5001.0,0
25.55,34.91,56.47,1489.4,1462.7,31.52,24.0,0.425,4.308,11.32,5575.4,0
27.79,37.44,54.68,1670.0,1682.7,36.99,42.2,2.171,5.702,10.95,3710.7,0
26.47,37.81,66.13,2621.4,2630.4,23.94,70.0,2.344,3.977,17.23,3235.9,0
29.98,38.28,60.12,1275.2,1374.0,48.01,0.0,8.555,6.778,13.03,3015.2,1
26.01,34.82,68.22,978.5,971.8,60.8,81.8,1.855,4.648,12.89,2730.5,0
27.21,35.84,60.24,1191.9,1203.4,50.27,117.2,3.433,7.593,15.83,5659.8,0
28.06,39.46,76.05,1120.4,1177.8,51.31,19.1,0.733,7.531,7.27,1836.1,0
25.1,34.49,79.38,1290.3,1255.4,46.26,253.0,2.122,7.998,7.88,432.4,0
26.7,36.38,60.24,1482.5,1405.8,42.66,1.5,2.129,3.833,18.29,4358.1,0
26.32,34.7,54.23,1533.2,1512.7,40.87,9.6,5.322,5.092,12.7,4046.1,0
25.82,35.56,57.27,2092.9,2124.6,30.85,6.0,2.71,7.082,8.16,4454.3,0
25.97,36.84,67.84,1382.4,1365.3,46.9,39.1,3.756,8.043,16.49,3824.4,0
29.07,39.33,59.27,1310.8,1318.2,46.31,73.2,1.042,3.189,13.88,3754.3,0
25.65,35.55,64.77,1770.3,1742.9,35.37,82.8,1.71,6.495,20.1,4806.8,0
27.98,36.42,58.31,1259.6,1251.7,45.26,21.3,6.777,6.12,17.75,4300.2,1
27.48,37.15,65.67,1895.8,1833.8,33.06,64.3,4.729,5.965,10.04,5050.4,0
24.06,34.2,62.31,1717.8,1752.7,33.7,39.8,0.394,3.931,12.76,862.8,0
27.89,36.9,69.73,1274.6,1308.2,47.75,18.3,2.462,4.895,17.05,1213.3,0
24.02,34.68,65.49,1357.6,1436.2,44.31,86.6,0.801,6.989,17.6,5255.4,0
28.11,38.99,64.93,1656.1,1602.3,37.68,63.6,3.583,6.947,18.81,3319.9,0
25.84,35.31,55.98,1644.5,1744.2,36.52,33.4,1.752,5.869,12.18,5965.6,0
26.87,37.59,76.24,1372.3,1350.7,41.75,113.8,1.163,7.385,18.04,2209.8,0
24.26,34.15,60.91,2501.9,2400.2,21.65,4.1,1.78,6.881,24.07,2103.6,0
27.09,38.24,58.64,1729.0,1785.3,32.42,60.0,0.298,7.954,19.07,3154.6,0
28.7,40.74,82.29,2108.4,2165.2,27.35,26.9,3.195,6.414,17.6,3371.1,0
25.24,34.14,72.61,1573.9,1550.2,40.12,19.3,3.479,9.807,13.5,3377.4,0
25.64,36.41,76.5,1117.8,1064.1,50.89,104.8,2.63,5.056,18.63,5240.8,0
27.76,39.06,71.32,1159.3,1022.2,44.77,23.1,2.566,8.571,9.04,1539.8,0
27.81,36.84,71.3,1717.0,1646.8,34.89,4.3,1.154,4.022,15.68,2546.4,0
21.98,31.41,65.26,1754.9,1711.0,32.93,26.4,0.502,5.356,11.16,1125.4,0
30.88,40.29,76.0,1652.2,1688.3,32.46,53.8,2.046,6.584,12.71,4604.0,0
27.91,37.77,61.17,1015.4,1029.7,60.0,9.6,0.636,1.524,18.03,1018.2,0
28.24,37.89,76.29,1305.9,1313.3,40.68,0.5,0.487,4.683,5.49,517.8,0
26.56,36.36,70.19,1391.0,1367.5,42.0,54.0,1.893,8.859,9.52,2616.8,0
23.14,33.98,63.19,3060.9,3058.4,18.89,17.4,2.366,7.745,12.38,2768.4,0
28.2,36.3,56.18,1934.4,1969.0,28.19,85.3,1.765,3.273,4.5,2444.2,0
25.72,34.75,64.42,1416.8,1444.5,39.56,53.6,3.9,3.106,15.55,2289.2,0
27.94,38.61,74.76,1732.5,1746.8,35.02,30.3,2.685,3.239,12.66,703.6,0
26.41,36.97,76.03,1414.2,1464.1,41.33,9.4,0.189,4.231,17.74,288.3,0
27.33,36.27,62.14,1301.1,1239.4,41.2,36.7,0.591,5.478,15.99,4615.0,0
25.3,35.86,58.42,1370.1,1314.9,46.0,0.5,4.31,6.804,13.9,5115.4,0
28.58,39.91,65.71,2648.3,2688.6,21.31,5.5,1.965,7.121,11.68,1349.8,0
24.47,34.42,67.17,2006.6,1980.3,28.95,27.9,1.861,8.28,19.74,1283.6,0
31.34,40.33,72.03,1483.6,1468.2,39.0,16.5,0.271,7.581,17.31,4148.9,0
31.33,42.2,74.45,1782.5,1743.8,33.53,35.5,2.327,2.002,19.63,1954.9,0
30.12,41.84,73.48,1475.7,1446.4,36.9,7.3,1.113,4.794,14.16,2136.5,0
29.4,38.51,67.93,1511.8,1477.9,41.09,5.0,0.888,3.435,13.06,1022.1,0
26.68,36.72,67.92,1842.0,1919.8,32.55,54.0,0.726,9.077,12.89,3947.1,0
29.18,40.27,70.89,1362.9,1367.2,41.92,82.8,0.861,4.952,22.28,5922.9,0
26.66,36.77,69.88,1372.4,1388.9,45.44,22.9,1.506,4.415,22.52,310.6,0
23.74,32.0,59.45,1440.4,1363.9,40.65,64.8,0.753,6.684,16.09,4420.5,0
29.86,40.3,64.92,1408.2,1366.4,47.21,59.6,1.935,5.147,9.11,179.8,0
29.11,38.13,61.4,3342.3,3300.9,18.27,1.9,0.7,7.198,15.85,3265.1,0
26.79,35.52,58.72,1801.2,1821.3,34.14,107.6,2.971,4.617,16.36,796.1,0
24.4,32.67,66.06,1096.2,1056.7,48.92,3.5,6.423,7.702,20.34,4381.2,1
25.68,36.87,70.42,1758.9,1782.2,31.36,125.8,1.333,1.736,10.41,5477.9,0
23.21,32.37,64.38,1978.9,1893.8,30.0,39.5,2.239,9.353,16.71,3702.8,0
28.74,39.07,76.71,1674.1,1620.9,38.74,35.0,0.129,6.647,28.61,5177.6,0
23.64,34.22,72.46,1680.1,1601.8,39.83,3.0,0.572,6.051,10.03,3945.3,0
27.42,37.59,78.7,1655.4,1651.7,34.65,56.7,0.544,4.786,17.86,1585.6,0
25.16,35.46,75.53,1041.5,986.2,58.44,3.3,0.569,5.476,17.96,5238.1,0
24.0,34.38,62.04,1548.5,1536.2,42.86,37.5,0.515,5.446,10.48,2459.1,0
27.33,37.46,66.03,1925.6,1850.2,30.97,6.9,2.414,5.231,17.92,1643.5,0
26.18,35.42,59.53,2385.1,2303.8,25.6,67.0,0.18,5.961,14.93,3225.1,0
28.53,37.68,59.85,1371.0,1332.6,44.06,21.7,6.313,5.333,17.62,4870.0,0
24.31,34.21,57.38,2156.0,2232.5,30.73,13.4,1.975,5.432,14.27,5916.1,0
25.34,35.21,71.37,985.6,909.3,61.53,78.4,2.591,4.913,16.31,1846.2,0
22.07,32.5,62.78,1416.2,1401.4,44.28,1.4,0.623,5.314,16.37,3104.2,0
22.48,33.58,63.35,1176.2,1194.8,45.6,115.4,1.216,5.886,14.01,5976.6,0
30.45,40.79,66.79,1528.0,1533.5,42.49,70.4,2.704,5.743,14.05,3067.4,0
31.02,40.21,75.14,1169.7,1126.1,51.22,29.7,3.038,5.404,14.67,153.4,0
27.04,34.85,50.97,3342.3,3288.3,16.05,67.0,1.924,5.122,13.53,4079.4,0
25.2,34.43,60.37,2254.5,2253.3,27.97,20.4,0.923,6.379,13.65,4432.9,0
26.25,34.91,66.19,1219.8,1272.3,50.34,88.3,3.261,4.56,9.39,5045.9,0
28.6,37.87,70.48,1059.8,1036.4,55.01,52.7,0.753,2.918,12.08,5119.2,0
25.82,36.06,62.62,2142.2,2156.3,27.65,79.3,0.947,5.384,8.62,3214.4,0
27.33,37.41,65.27,2660.3,2656.0,21.81,50.1,0.495,6.873,19.18,4576.3,0
26.82,38.68,62.76,1473.0,1549.1,41.68,41.0,2.187,6.278,16.87,1420.9,0
25.71,36.2,69.3,1434.0,1377.8,44.85,19.4,1.062,6.737,16.98,44.7,0
25.8,37.71,69.28,1521.2,1572.5,41.47,32.4,1.598,4.914,12.99,806.7,0
27.44,38.15,66.4,1598.8,1542.8,39.4,78.4,0.762,6.182,11.38,5490.4,0
24.9,35.98,64.93,2660.7,2642.4,21.48,75.5,1.643,8.635,13.14,5073.2,0
27.75,37.39,69.53,1688.5,1740.2,36.25,45.3,2.915,3.747,11.94,542.2,0
25.91,34.83,59.86,1528.2,1570.7,37.74,3.3,0.977,6.257,8.1,2846.8,0
27.1,36.66,68.82,1695.8,1629.8,34.52,119.5,1.976,4.974,14.85,5064.8,0
29.62,39.61,76.08,3021.3,3020.9,20.81,91.8,1.534,7.47,12.37,227.2,0
26.51,35.89,65.39,1447.3,1499.9,45.85,40.3,2.268,5.509,15.16,5045.7,0
28.69,37.69,71.49,1162.5,1189.1,48.66,19.5,2.424,5.098,11.04,4501.2,0
23.27,33.68,62.61,1893.1,1833.0,32.05,9.0,0.427,3.418,9.44,2634.5,0
25.91,34.9,73.46,1548.9,1534.5,38.14,16.3,2.778,4.109,14.92,4131.6,0
26.91,35.37,65.45,1710.7,1732.3,35.03,12.9,1.512,4.963,6.63,4584.6,0
30.7,39.57,77.68,1656.6,1642.8,35.13,44.7,2.512,6.912,19.37,3891.3,0
22.93,32.7,60.74,1308.8,1248.8,44.93,9.9,0.11,7.828,15.42,1115.0,0
26.66,35.67,62.34,1431.6,1436.6,45.17,4.9,2.251,5.315,13.18,3140.7,0
29.76,39.54,75.7,1338.1,1435.5,50.75,210.0,2.401,5.307,15.79,409.2,1
25.28,35.88,72.73,1265.6,1267.9,50.54,49.2,1.804,6.052,20.38,3880.7,0
26.42,37.0,71.89,1640.8,1553.8,38.28,41.7,2.104,5.833,14.35,4305.2,0
27.51,36.85,74.86,912.3,847.5,68.42,63.7,5.12,5.257,15.17,2026.1,0
27.22,35.92,54.85,998.6,1045.6,55.5,34.9,1.703,5.465,12.02,1604.0,0
29.98,39.41,66.21,1830.6,1852.3,33.42,7.8,1.586,5.95,20.57,3512.1,0
27.75,38.4,65.6,1292.8,1310.7,41.27,29.0,0.586,7.285,16.5,4904.0,0
29.51,40.39,64.98,2955.4,2980.1,20.14,31.8,1.374,4.461,20.19,3485.6,0
26.13,36.48,66.94,1482.5,1564.4,40.27,7.9,0.658,3.572,6.85,1017.8,0
25.37,36.57,65.32,1181.2,1211.7,56.74,3.5,2.442,5.79,10.49,2264.9,0
26.4,38.13,66.71,828.4,813.9,67.81,0.2,2.184,4.145,15.1,839.6,0
24.53,34.05,61.47,1861.5,1850.4,38.79,32.8,2.706,7.645,18.07,328.4,0
27.82,39.3,70.39,1401.4,1421.5,43.35,38.0,1.156,6.057,19.14,695.6,0
26.08,35.82,61.83,1175.1,1071.9,46.05,20.5,0.394,5.316,14.96,5390.7,0
25.51,36.53,66.73,850.6,953.1,59.8,71.4,1.185,5.451,11.51,3041.9,0
27.85,38.56,74.26,1958.5,1942.9,30.17,44.9,1.677,6.122,11.59,1845.1,0
24.56,32.59,66.4,904.6,850.9,66.56,26.7,8.717,7.334,21.51,1897.0,1
28.39,37.42,69.47,1557.7,1555.5,36.83,2.0,4.617,9.245,17.22,630.1,0
25.89,34.67,76.05,2185.2,2155.4,28.3,17.8,0.827,3.926,19.03,2957.9,0
29.17,37.39,56.66,1664.7,1763.9,36.85,23.8,1.474,6.974,22.62,5499.0,0
26.06,36.94,68.24,1798.7,1800.4,31.9,141.0,0.451,8.893,2.67,2506.6,0
28.11,40.18,61.66,1354.1,1369.2,44.19,28.0,0.322,6.093,10.87,2996.8,0
27.21,36.95,68.63,2233.8,2270.4,23.48,2.2,2.989,5.626,9.98,154.8,0
28.34,39.19,73.98,1237.6,1207.9,41.42,1.4,0.32,4.974,6.48,584.9,0
27.07,38.55,69.51,1353.2,1348.8,46.64,111.2,2.916,5.4,16.85,375.5,0
23.52,33.73,54.23,1100.2,1113.9,54.83,6.1,2.879,5.466,10.32,2981.1,0
28.87,38.84,78.07,1330.3,1357.7,46.81,97.6,0.803,7.29,12.24,2688.5,0
26.67,36.43,57.37,1082.3,1024.4,54.21,14.3,0.691,7.421,14.87,12.1,0
28.43,38.97,64.46,1788.9,1750.9,33.94,13.9,1.237,4.758,14.95,5440.5,0
28.23,39.11,76.21,1465.9,1323.2,43.94,53.9,1.589,7.474,21.06,3734.1,0
25.3,35.77,67.24,3152.1,3121.2,17.71,49.1,1.586,5.804,16.66,2078.4,0
25.02,35.45,52.24,1531.0,1539.9,38.86,18.2,1.039,5.882,6.34,2630.7,0
28.16,38.11,68.59,1404.2,1454.5,43.87,115.5,0.226,6.94,12.18,5998.6,0
26.24,34.65,66.54,1289.9,1322.7,44.77,65.9,5.002,5.867,12.9,2866.3,1
28.72,39.62,75.45,2526.9,2486.3,24.26,8.7,3.431,5.736,22.66,4708.5,0
26.49,35.21,71.81,1624.5,1603.4,36.1,56.3,1.392,6.056,20.76,2493.3,0
28.9,39.52,73.45,1578.6,1621.1,37.49,38.7,1.088,7.74,14.59,3106.9,0
27.7,38.45,69.16,1453.0,1435.0,35.71,4.2,4.037,2.708,11.93,4249.0,0
27.43,36.29,63.11,1262.4,1250.0,47.25,20.8,0.775,5.812,16.7,1663.8,0
26.1,35.49,69.38,1696.7,1761.9,37.83,113.7,1.567,4.045,16.91,5167.5,0
27.31,39.44,69.37,1380.7,1419.6,40.99,36.7,3.48,7.391,14.49,1700.3,0
29.24,39.16,75.91,1646.7,1597.7,35.1,60.7,1.814,3.822,4.92,4553.8,0
26.74,35.52,70.8,1172.5,1143.6,50.65,5.7,3.747,7.21,13.02,4632.1,0
27.91,38.71,58.49,1126.3,1211.0,51.39,49.6,1.128,4.717,12.66,220.2,0
26.94,36.17,82.14,1382.1,1399.9,36.92,117.3,3.43,8.563,12.13,2689.0,0
27.1,35.18,65.56,839.6,902.2,68.51,86.8,4.513,4.861,9.39,5251.3,1
30.3,40.82,74.53,1734.2,1677.0,32.34,3.5,2.505,5.808,18.34,5414.9,0
29.25,38.34,58.54,1192.8,1216.7,50.07,67.4,1.009,6.243,14.87,1385.8,0
27.01,37.33,67.53,2002.8,2034.9,30.49,47.4,1.804,5.262,12.03,3554.1,0
27.28,36.47,62.46,1171.2,1232.4,47.73,24.3,1.343,3.501,9.45,932.6,0
25.45,36.15,72.77,1113.6,1177.3,46.95,142.8,1.332,6.07,12.03,4715.7,0
26.5,36.69,64.03,2201.1,2180.8,29.88,30.2,2.069,2.863,16.06,653.9,0
27.47,34.88,64.71,1696.3,1712.0,38.69,0.9,1.28,5.997,19.54,5319.3,0
28.55,38.93,55.52,1134.3,1123.1,58.68,44.3,0.677,5.788,19.67,4568.5,0
28.35,38.06,65.96,1805.7,1838.6,31.86,50.3,0.294,4.703,11.23,2801.8,0
24.63,36.05,81.57,1430.1,1355.9,44.02,49.2,0.973,1.795,25.04,3361.6,0
28.8,39.2,72.98,1239.4,1142.2,43.35,28.8,2.254,2.302,24.25,3054.4,0
26.67,37.43,65.32,1525.9,1540.1,39.58,135.1,2.185,4.147,9.66,1176.3,0
24.88,34.17,69.68,2721.1,2720.6,22.69,114.8,2.753,5.131,10.53,2528.3,0
29.52,38.73,65.24,1066.8,1080.5,48.29,12.8,0.561,6.196,14.32,3231.4,0
29.78,39.75,70.69,1493.1,1477.0,40.12,30.3,1.209,5.721,19.49,617.2,0
27.38,37.02,72.02,1095.5,1149.7,51.04,52.8,0.56,3.467,20.44,223.8,0
28.27,39.61,74.66,1543.5,1569.2,42.32,39.5,1.106,7.744,16.77,1172.1,0
28.38,38.23,86.13,1556.8,1533.2,40.64,43.5,1.259,7.264,17.96,5362.9,0
29.64,38.42,58.85,1228.8,1221.5,43.73,60.1,2.614,5.296,15.45,1551.1,0
28.31,37.48,67.93,1796.4,1705.1,30.12,44.4,2.154,6.851,16.56,3877.7,0
24.19,35.16,70.08,1213.1,1327.4,55.58,10.9,1.268,4.231,16.8,5199.8,0
30.87,40.7,75.79,1601.6,1588.4,36.25,15.3,0.344,5.033,12.52,1260.2,0
28.98,38.76,75.07,1670.8,1701.4,36.37,30.7,0.821,2.459,23.88,4400.9,0
25.83,36.89,61.94,1163.7,1177.1,52.92,183.5,1.231,4.386,19.49,3533.3,0
24.79,33.88,60.41,1601.1,1599.7,42.47,61.4,4.405,4.972,18.43,5449.1,0
27.86,35.62,71.96,1466.4,1476.2,37.64,20.7,1.994,6.66,14.04,2350.5,0
26.29,35.44,73.74,1450.9,1340.9,44.14,56.5,0.743,6.746,12.58,301.4,0
27.51,37.75,60.56,1484.8,1517.8,46.26,106.7,0.669,3.754,8.46,5424.5,0
28.34,38.09,56.89,1426.0,1400.7,38.82,15.5,1.412,4.122,13.88,5526.9,0
25.72,34.16,67.69,1231.3,1267.2,49.22,99.2,5.264,5.675,17.18,1586.1,1
24.62,35.63,67.87,2105.3,2136.4,27.29,27.1,0.722,7.492,10.08,2522.7,0
27.62,37.79,65.73,1273.5,1268.7,42.62,2.2,0.926,6.908,13.42,2700.4,0
25.78,36.17,73.54,1312.6,1372.8,48.0,32.2,1.231,5.988,13.51,316.4,0
27.14,37.56,71.92,1362.8,1457.4,46.22,48.4,3.149,6.15,18.04,2598.3,0
24.16,32.86,72.42,3342.3,3301.0,17.59,1.1,2.64,5.669,17.77,990.7,0
26.35,36.65,65.41,1614.9,1588.1,38.73,92.5,2.238,6.097,11.77,2465.9,0
28.28,39.19,75.27,2028.7,1937.2,27.86,52.9,2.732,4.215,13.54,2615.3,0
28.06,39.2,67.76,1136.7,1132.6,52.86,35.8,2.195,4.617,13.08,2518.2,0
25.27,35.99,79.53,1658.3,1673.8,36.09,18.5,3.04,4.22,10.87,3605.3,0
24.51,35.03,73.29,1170.8,1127.8,51.75,53.8,0.767,7.248,12.93,4387.6,0
26.88,35.14,54.39,2202.0,2190.4,27.83,26.2,0.507,8.082,15.91,2238.3,0
27.97,37.96,64.83,1549.8,1651.5,43.91,53.9,1.743,5.486,8.79,4655.2,0
27.66,36.7,65.98,1461.7,1478.0,40.08,9.8,2.509,7.895,16.93,5020.7,0
25.83,37.11,63.54,775.0,769.7,67.64,98.6,1.564,6.611,11.13,1965.3,0
27.45,38.58,67.94,1141.1,1160.2,51.78,54.0,0.807,5.348,9.35,1083.3,0
29.85,38.9,67.62,1022.7,1040.1,51.14,11.6,2.255,2.557,12.36,2738.3,0
27.26,37.21,53.86,988.7,884.7,60.28,20.0,1.759,8.897,14.29,2123.9,0
23.58,33.83,63.31,1337.3,1328.8,42.84,28.3,1.022,6.947,16.76,1699.3,0
27.26,38.16,69.52,1485.5,1463.5,39.0,48.6,1.05,5.392,12.44,4834.8,0
30.94,39.26,61.21,1702.4,1765.9,37.86,43.4,0.261,5.61,16.8,5649.5,0
24.28,32.07,61.82,1416.3,1400.9,43.28,16.5,0.492,7.722,15.7,2729.1,0
26.91,36.95,70.48,3342.3,3426.7,12.3,4.6,0.452,5.018,19.66,423.9,0
26.4,33.87,62.0,1386.3,1429.9,40.02,8.0,0.392,3.36,13.98,2559.1,0
27.04,37.2,71.17,1506.9,1576.1,42.27,70.8,2.433,7.613,12.7,1983.5,0
27.24,37.83,71.25,1530.7,1493.3,38.44,27.9,0.179,4.631,25.56,3453.9,0
29.13,40.37,57.39,2523.3,2531.3,24.69,5.6,0.14,4.831,18.94,1427.3,0
27.02,36.4,62.03,1597.1,1693.7,38.5,65.8,5.431,2.951,11.92,4197.7,0
29.4,39.57,74.74,2382.1,2306.0,24.66,8.0,1.13,7.657,18.96,5779.6,0
26.61,37.27,65.13,909.1,938.8,57.74,83.0,0.555,6.868,23.08,1269.7,0
26.15,34.97,73.59,1632.2,1689.0,37.43,27.2,0.741,2.823,15.67,2586.7,0
25.51,36.43,56.59,3061.4,3055.2,19.37,90.7,2.542,6.931,15.64,4486.2,0
23.22,33.49,56.28,1638.0,1652.3,37.93,48.0,1.169,6.596,12.12,1648.0,0
27.4,36.8,75.38,1259.4,1327.1,48.95,85.7,0.36,7.395,19.51,4290.5,0
30.96,41.1,75.87,1407.4,1492.3,41.76,99.1,0.098,4.637,16.89,3207.5,0
27.77,37.63,64.65,2009.1,1930.3,30.86,24.5,1.265,2.821,8.7,3503.1,0
28.22,39.0,65.68,1938.4,1996.2,33.22,10.8,0.711,4.687,14.39,2063.6,0
26.02,35.66,76.79,1640.5,1583.1,37.13,84.2,1.269,3.259,14.62,963.4,0
26.36,36.59,64.86,1527.8,1560.9,35.6,19.7,2.587,7.171,13.88,3438.5,0
28.82,38.2,58.6,2090.5,2009.3,27.4,16.8,1.842,1.804,13.99,2927.6,0
30.87,39.93,79.35,1465.2,1389.4,39.32,17.7,3.368,5.082,8.18,2171.1,0
29.83,40.0,58.69,2352.7,2468.0,26.66,16.9,0.364,4.024,23.49,5391.5,0
28.46,37.56,63.0,1029.0,1073.6,49.49,3.1,1.189,4.56,14.07,4749.3,0
26.92,37.72,58.26,1193.0,1084.0,50.71,37.8,4.532,5.052,21.16,600.6,0
27.27,37.86,79.04,2212.9,2159.3,29.97,25.6,0.303,6.121,13.13,4521.4,0
25.34,34.58,63.18,1722.7,1678.0,32.83,22.5,0.791,5.533,9.21,4321.1,0
23.95,34.17,53.9,1821.0,1799.6,35.77,99.6,1.377,5.418,15.3,4579.3,0
24.6,33.83,69.12,1447.0,1402.0,39.68,135.4,0.098,5.074,18.8,4895.0,0
26.95,35.35,70.6,1374.8,1302.9,42.57,105.2,7.815,7.845,13.54,486.0,1
26.27,35.67,58.69,1181.2,1149.8,44.63,27.4,4.945,6.588,19.62,5991.0,0
23.91,33.86,74.77,1221.3,1211.2,44.4,3.2,1.151,4.489,12.99,5444.7,0
26.78,37.3,56.16,996.6,948.2,55.54,38.4,1.691,3.399,10.19,1358.7,0
26.21,36.36,69.48,1523.6,1568.7,40.6,44.8,1.178,5.751,16.25,1853.4,0
24.5,35.41,74.92,2276.0,2219.9,26.98,5.4,2.355,5.672,20.59,1884.8,0
26.11,35.13,76.72,2384.4,2409.5,23.91,10.7,1.625,4.306,23.3,3997.9,0
26.21,35.83,71.59,1092.0,1109.6,56.36,68.9,4.557,4.399,9.38,4131.9,0
25.62,37.26,62.6,1397.3,1370.8,45.1,13.2,1.429,6.108,12.26,438.9,0
28.7,36.77,69.25,1306.1,1274.4,42.06,18.5,5.946,9.237,14.12,1357.1,1
23.04,32.59,56.99,1407.4,1455.8,44.49,5.6,1.506,7.524,13.15,4256.6,0
22.88,31.81,69.52,1490.4,1448.6,41.6,9.4,0.496,4.297,15.67,2226.5,0
26.86,36.66,71.68,1251.3,1303.3,44.33,113.9,2.839,5.608,23.95,2592.4,0
27.04,36.61,76.28,1667.1,1666.9,36.27,24.9,0.401,6.086,24.05,3199.9,0
27.66,38.26,69.75,1194.4,1256.6,50.55,30.2,2.208,6.372,25.78,65.1,0
25.77,36.03,64.19,1687.0,1608.9,34.75,116.0,1.37,8.047,19.1,2584.3,0
25.01,33.71,72.47,1913.8,1905.5,30.97,13.6,1.342,5.104,14.68,4987.8,0
26.84,36.25,61.26,2531.2,2495.2,23.09,34.2,2.708,4.161,10.19,4100.5,0
25.97,35.97,70.03,1490.7,1571.2,37.62,38.5,3.189,5.751,7.01,3277.6,0
29.95,40.69,71.03,1173.9,1182.8,52.68,85.7,2.216,4.182,18.95,1318.5,0
26.2,38.63,75.39,1696.1,1669.0,35.43,39.0,3.677,5.595,15.39,5251.4,0
26.74,37.45,68.38,2249.8,2193.0,26.21,36.0,1.117,4.519,22.5,1520.0,0
31.8,40.79,73.73,1331.3,1284.8,42.85,104.0,1.163,6.562,14.11,5122.1,0
26.46,36.37,58.31,1526.4,1547.4,33.49,5.6,0.306,7.511,20.67,140.3,0
27.96,38.14,64.07,1143.6,1176.4,55.48,49.7,1.168,3.834,19.57,2521.1,0
28.14,37.62,65.61,1069.1,1151.1,50.75,4.9,0.973,3.985,4.74,1382.1,0
28.31,38.78,73.12,2191.6,2193.0,27.29,29.3,1.422,3.985,16.15,2090.7,0
27.43,35.16,63.59,1415.6,1315.0,38.26,7.6,1.612,5.019,14.49,1368.4,0
27.24,37.79,66.13,1868.1,1888.1,32.45,3.5,1.555,6.875,9.63,635.9,0
27.05,36.57,76.08,1976.5,2001.4,28.39,5.1,0.939,3.267,23.25,2124.7,0
25.7,35.59,68.92,1557.1,1535.1,39.44,45.3,1.532,5.942,17.26,5201.5,0
27.5,38.97,67.0,1228.8,1259.1,48.18,29.1,1.578,8.005,23.14,5495.3,0
30.91,39.65,73.33,1490.4,1498.6,39.18,28.9,2.859,4.158,16.08,2223.1,0
29.27,39.54,64.8,1703.3,1731.9,34.84,36.1,0.429,4.539,16.21,3944.2,0
27.46,38.25,74.63,3312.5,3242.6,17.94,3.2,1.055,4.563,16.44,2808.6,0
28.56,38.73,69.94,1704.3,1726.0,33.34,196.9,0.741,7.692,15.77,1023.9,0
25.11,33.5,68.59,1348.2,1277.0,45.52,0.4,6.167,6.514,20.55,1442.6,1
26.33,37.68,60.14,2305.9,2254.4,26.58,46.8,0.251,6.807,15.9,5283.1,0
28.75,38.53,67.12,1112.9,1117.6,52.83,1.1,3.122,4.598,8.84,1647.2,0
29.82,39.3,59.6,1760.2,1731.2,34.16,6.3,0.594,6.844,22.79,3744.3,0
25.31,35.0,57.73,1383.5,1354.7,41.94,62.4,3.224,5.315,11.42,1587.2,0
25.88,35.5,56.89,1670.6,1673.9,36.01,2.1,0.769,8.048,13.68,5479.1,0
31.21,40.02,79.06,1812.3,1811.1,28.24,26.2,2.188,6.791,14.69,4854.6,0
27.04,37.21,76.04,1369.2,1295.1,44.4,62.5,0.721,8.001,8.34,5032.3,0
30.5,39.9,64.69,1530.4,1517.7,34.02,31.7,1.774,7.151,14.18,4431.5,0
27.26,37.93,72.01,1945.2,1989.0,31.67,4.5,1.7,4.203,12.52,4276.2,0
27.34,37.86,66.39,3342.3,3354.8,16.24,35.7,0.84,7.997,16.73,668.7,0
26.24,37.86,75.78,1106.6,1209.1,53.03,109.3,1.374,7.985,19.36,952.8,0
28.74,38.52,80.15,1393.1,1418.0,40.06,0.6,0.966,3.48,8.89,407.1,0
29.57,38.76,62.39,1228.1,1306.1,51.07,5.7,0.677,5.401,12.42,5599.8,0
24.78,33.31,59.09,1317.0,1251.0,46.2,30.7,10.242,5.218,15.25,1947.4,1
26.15,38.34,58.85,1243.8,1238.9,51.06,34.6,0.095,6.068,23.3,4757.7,0
28.68,39.34,76.06,1913.1,1856.7,34.36,27.4,1.872,5.778,13.45,5925.8,0
26.59,35.9,67.21,2373.9,2334.0,26.28,2.2,1.061,6.273,5.23,1394.7,0
25.86,37.56,60.88,1160.1,1246.3,47.63,6.9,1.033,4.565,15.25,3416.5,0
28.87,40.23,78.64,1575.3,1486.2,41.3,19.5,1.103,3.291,18.26,560.8,0
29.06,37.71,61.42,1541.0,1588.3,35.34,26.6,1.642,3.767,11.35,1765.4,0
25.95,35.2,59.65,1350.9,1374.9,47.43,131.3,4.878,6.588,10.87,2303.1,0
27.27,37.14,69.6,1424.3,1457.5,43.08,48.7,1.847,4.248,13.71,3070.4,0
24.43,33.36,53.4,1470.5,1454.6,46.39,41.9,0.937,3.236,16.06,1852.2,0
25.06,34.96,60.48,1979.9,2050.0,29.78,10.1,0.969,4.203,12.96,3100.7,0
27.1,37.81,72.69,1158.2,1167.2,49.78,31.1,0.329,6.8,19.58,1471.6,0
26.91,35.54,55.74,1516.7,1545.8,39.95,29.6,0.783,4.14,14.02,3695.1,0
24.92,35.21,67.96,1113.0,1012.0,50.85,40.0,1.863,6.196,19.15,5823.9,0
25.42,36.59,76.55,1235.2,1177.4,49.68,12.8,2.196,5.522,11.9,2875.8,0
24.72,35.12,67.75,1210.4,1189.0,46.86,48.7,5.756,5.687,19.65,3208.3,0
27.76,37.68,69.72,1591.2,1618.9,38.89,33.1,1.994,6.082,10.43,3178.7,0
22.91,32.25,65.73,1418.2,1353.4,47.1,38.9,1.048,3.295,17.17,1731.6,0
24.83,35.66,63.67,1165.7,1077.2,51.11,24.7,1.495,5.909,14.24,3739.3,0
23.12,31.95,63.35,1189.4,1191.2,46.07,5.1,3.013,4.905,8.72,1208.6,0
27.69,37.93,72.2,1393.4,1341.8,42.03,40.4,2.496,4.961,17.23,3461.5,0
23.24,33.27,64.02,1200.8,1210.6,47.12,6.0,1.071,4.767,17.59,5522.7,0
26.91,38.04,73.73,1710.5,1690.1,34.74,22.5,1.069,5.068,14.18,1719.4,0
30.13,39.55,71.57,1031.4,1057.5,55.14,11.0,3.303,5.998,18.39,1385.2,0
30.2,39.7,63.0,2337.5,2260.4,23.18,35.0,1.191,6.621,18.66,5396.7,0
23.24,32.0,58.23,1503.1,1470.6,40.34,41.0,0.759,6.799,13.93,158.4,0
27.45,37.88,64.11,1816.4,1796.1,35.94,44.1,2.245,10.602,13.83,3308.8,0
24.87,34.45,61.9,1670.8,1714.0,33.59,31.9,2.884,5.603,19.92,1512.1,0
24.46,33.6,63.48,1323.2,1294.0,43.05,10.9,0.828,7.326,12.03,5997.5,0
26.62,35.86,54.72,2184.9,2182.0,28.75,9.7,3.062,4.622,24.66,3755.6,0
29.31,39.84,76.76,947.6,891.2,61.52,14.8,4.232,4.13,12.77,5954.6,0
28.05,36.95,69.56,2374.5,2397.6,26.48,24.4,2.428,4.759,21.55,816.5,0
25.42,34.41,63.8,2322.3,2351.9,30.49,28.5,0.263,4.217,12.77,4691.2,0
28.26,39.16,72.33,2084.2,2075.0,29.54,28.0,1.393,7.183,10.99,2605.7,0
22.36,32.2,60.29,1454.0,1419.5,41.98,7.8,3.628,8.149,18.19,729.7,0
25.34,36.3,68.96,1239.4,1206.5,50.15,24.6,2.937,6.441,13.38,2410.4,0
25.2,34.84,67.68,1267.0,1248.8,45.26,3.2,0.051,5.46,5.22,2997.6,0
27.01,37.01,66.39,1083.4,1107.2,54.72,86.9,1.804,5.599,18.94,2289.1,0
26.44,36.6,65.12,1638.0,1618.1,31.73,46.9,1.943,6.041,17.34,3243.4,0
26.57,37.95,72.6,1232.1,1287.6,46.59,20.3,2.931,8.154,8.02,1697.8,0
26.5,37.81,73.03,1597.5,1587.2,36.96,62.6,0.696,6.987,10.1,1151.8,0
26.89,38.05,70.85,1382.2,1323.2,42.28,64.0,2.278,8.298,14.52,1360.6,0
27.93,37.3,69.35,1205.3,1289.8,51.09,80.5,2.635,5.129,13.28,4297.4,0
27.15,36.16,74.51,2683.3,2646.5,23.08,38.2,1.283,5.302,19.35,2218.3,0
26.28,37.04,69.45,1055.0,1007.2,59.91,26.2,1.234,6.001,17.16,2435.1,0
27.65,39.03,61.94,1526.0,1503.9,38.55,54.3,3.454,4.263,13.44,2090.1,0
28.5,39.67,66.53,2286.8,2343.0,23.93,53.6,1.254,6.865,10.62,536.3,0
25.74,35.75,70.29,1747.8,1791.2,33.07,1.3,0.93,4.625,9.4,5740.5,0
26.73,37.46,63.87,1323.0,1347.9,41.02,55.1,0.441,3.597,18.54,1908.3,0
29.17,39.92,78.24,1646.5,1665.0,33.07,8.9,1.753,8.882,10.48,4438.3,0
24.64,34.79,71.13,3077.1,3091.4,19.52,48.9,1.124,7.505,14.13,2521.7,0
30.46,40.65,65.57,1500.9,1513.5,40.97,21.6,1.145,6.341,14.78,5295.0,0
24.17,34.27,56.0,1707.0,1726.5,32.78,25.7,1.601,6.847,9.5,2740.7,0
26.16,35.37,66.88,1268.5,1247.4,46.51,4.2,3.165,6.7,16.16,5394.5,0
24.95,34.26,52.52,2025.5,1981.5,29.32,26.3,2.845,5.324,18.73,2673.7,0
31.23,40.52,69.34,937.6,972.7,62.62,17.1,2.527,8.092,14.85,1515.0,0
25.84,34.24,73.58,1304.9,1250.8,45.14,32.9,6.094,8.382,10.9,907.4,1
25.85,35.99,57.81,1511.6,1509.2,41.97,138.6,2.159,6.744,18.07,2898.0,0
26.11,36.07,56.09,1209.9,1173.7,46.23,75.7,0.354,3.376,12.28,3299.8,0
27.04,37.8,68.57,2482.4,2439.5,21.78,26.5,1.829,3.449,11.33,4733.9,0
26.19,37.45,62.88,1498.8,1527.4,35.03,25.9,0.873,6.313,23.63,4026.6,0
26.58,37.91,64.64,1084.7,1095.7,57.83,24.3,1.711,7.484,7.82,2564.8,0
19.79,31.21,70.12,1554.0,1612.1,36.8,9.0,1.115,3.876,10.22,5848.9,0
26.96,36.21,65.56,1387.5,1366.1,39.37,2.0,1.472,7.188,16.43,4941.3,0
26.89,35.45,67.66,1631.8,1654.6,35.34,50.9,0.191,4.681,14.39,4917.7,0
28.93,39.86,77.19,1021.5,980.1,54.65,23.4,6.209,6.183,15.88,22.8,0
29.47,40.85,65.42,1283.2,1295.1,37.55,16.8,1.732,5.287,15.8,1189.0,0
26.47,38.03,65.04,2167.0,2106.8,27.48,9.9,3.121,4.914,14.41,2476.7,0
28.48,38.97,77.0,933.7,892.2,65.79,2.7,1.995,5.256,19.29,4684.8,0
24.65,32.65,63.12,2321.0,2338.8,26.25,83.4,0.188,6.346,18.35,5830.0,0
28.38,38.75,76.56,1515.5,1430.2,39.03,3.2,1.789,7.683,14.18,5736.9,0
25.71,36.26,62.51,2076.1,2132.3,31.58,166.2,0.266,4.685,14.06,3308.9,0
24.48,35.73,63.68,1821.1,1826.0,32.98,46.9,0.955,5.014,16.27,559.8,0
26.48,37.91,74.91,1850.4,1825.1,29.4,157.9,1.494,6.368,14.29,4598.2,0
29.65,40.56,84.2,1774.8,1787.0,34.6,1.4,1.192,6.315,20.24,4870.9,0
27.21,36.62,58.8,1218.3,1248.3,49.84,20.4,0.45,4.094,18.86,1377.3,0
29.84,38.81,79.71,2854.8,2949.5,20.98,49.9,0.45,1.959,17.2,1740.1,0
25.35,35.89,65.93,1036.4,962.1,52.61,94.0,2.777,3.675,20.55,5482.4,0
28.95,38.15,74.94,1228.4,1195.3,50.88,43.7,3.173,4.683,17.21,5452.6,0
25.55,37.02,65.93,1321.6,1379.2,45.09,15.5,2.273,5.427,15.6,4493.6,0
27.3,35.6,68.34,1367.5,1355.8,41.26,40.3,8.614,7.521,16.38,4150.9,1
27.28,37.85,78.32,1470.2,1488.1,42.77,1.6,6.204,3.408,15.84,5797.7,0
28.17,38.49,81.94,1029.4,929.6,54.23,10.4,1.857,5.181,21.21,3471.7,0
27.35,37.14,69.8,2821.5,2842.0,22.54,38.1,2.836,7.801,16.29,1261.7,0
25.37,34.45,60.5,1206.4,1201.7,47.27,46.1,1.351,4.66,9.83,3488.2,0
28.61,36.55,66.44,1963.3,1964.8,32.54,36.4,0.689,7.252,12.35,5331.3,0
30.31,39.78,51.94,1204.8,1212.7,48.26,9.0,0.294,6.83,18.96,5942.4,0
25.68,35.17,76.05,1649.3,1592.9,33.86,79.6,4.202,7.494,12.12,5072.3,0
23.18,34.29,68.09,1301.7,1258.8,47.07,57.1,0.735,4.543,15.95,4803.2,0
27.85,37.07,65.59,2359.9,2424.8,24.52,24.2,0.047,5.507,17.44,4324.8,0
26.19,36.64,65.49,2635.0,2618.4,23.07,91.3,0.939,4.843,15.83,1256.8,0
26.59,35.3,59.9,1476.3,1572.8,38.87,28.9,1.436,7.392,14.58,3057.7,0
27.96,38.44,75.28,1123.1,1177.8,54.36,55.0,6.165,5.499,11.35,5445.0,0
25.94,33.7,62.66,1237.1,1240.9,45.36,21.6,5.237,6.179,19.06,5472.3,1
26.31,38.41,71.56,1357.3,1356.8,45.29,29.5,1.102,1.828,10.94,5767.3,0
26.65,36.51,63.58,1143.5,1135.4,48.6,40.9,2.906,3.095,16.87,1726.7,0
29.79,37.0,64.32,1526.0,1508.0,36.03,10.4,1.499,7.056,6.96,5177.2,0
26.91,36.19,69.08,1212.2,1197.1,46.11,6.5,1.323,6.901,11.91,251.3,0
24.38,33.5,66.91,1669.1,1783.0,34.2,44.8,2.262,5.817,15.26,3888.9,0
24.46,33.8,65.35,1631.9,1625.7,36.86,43.9,1.175,9.675,14.59,2225.2,0
27.13,36.76,63.48,1599.3,1655.1,38.1,149.5,4.426,5.117,17.96,5721.8,0
24.59,33.93,54.81,1803.7,1782.8,34.54,44.4,4.246,6.62,7.57,1339.8,0
23.73,32.91,63.92,1518.0,1436.1,39.34,56.2,3.053,6.402,11.88,2080.4,0
28.12,36.96,64.4,1635.7,1599.3,37.45,162.6,0.795,7.067,10.82,426.7,0
28.22,39.04,64.92,1865.4,1859.4,32.92,46.9,1.274,6.732,19.21,391.0,0
26.11,37.31,82.47,1559.4,1549.5,38.59,5.8,2.628,3.82,11.47,1492.0,0
27.44,37.18,66.45,1335.7,1348.9,41.55,3.4,1.252,3.942,14.22,4532.9,0
27.23,37.21,58.46,2026.4,2010.5,29.0,89.3,1.15,5.387,15.75,709.2,0
28.05,36.93,65.97,1328.0,1238.0,44.17,23.4,1.915,6.567,12.65,3200.9,0
28.06,38.13,65.54,1765.7,1795.5,35.06,56.5,0.747,8.344,17.07,4661.9,0
21.64,31.87,60.39,1407.4,1396.0,41.98,57.0,1.377,6.614,12.56,1738.2,0
26.37,36.15,70.01,1844.0,1827.3,33.35,114.2,0.993,4.968,7.8,3641.8,0
27.89,38.28,58.82,1089.6,1097.9,50.5,43.0,0.542,5.263,11.08,3330.5,0
26.03,36.34,70.21,1137.0,1175.3,49.56,104.9,2.107,6.837,7.58,5036.7,0
26.92,35.87,69.5,2033.1,2064.4,29.51,29.9,0.619,5.064,15.57,789.0,0
28.35,39.54,64.87,1327.2,1331.0,45.25,3.1,0.412,6.598,14.48,562.6,0
27.01,36.8,59.77,1083.2,1134.7,54.46,1.4,0.314,2.565,13.89,5441.9,0
29.87,41.54,77.2,2055.0,2085.1,30.52,37.0,2.177,3.803,17.06,5449.4,0
29.1,39.52,68.94,1936.5,1891.3,31.31,140.2,0.59,6.295,17.32,938.4,0
26.61,38.58,69.7,1302.1,1273.8,47.35,47.3,0.741,8.755,10.98,1493.8,0
26.45,37.63,68.23,2229.1,2216.0,26.93,60.3,2.958,4.627,16.26,2339.0,0
21.15,31.38,70.88,1985.7,2075.4,32.22,1.7,0.264,6.389,10.71,4248.8,0
26.2,35.47,58.63,2039.4,2044.2,29.85,53.0,1.139,7.649,8.54,4360.9,0
24.14,33.44,69.34,1159.9,1103.0,47.47,29.0,0.8,6.212,19.68,5058.5,0
27.29,37.83,67.68,1806.1,1851.7,33.08,22.1,2.746,5.519,14.45,164.4,0
27.16,37.3,57.42,1667.5,1636.9,37.15,61.5,1.061,7.635,17.0,633.6,0
28.24,37.65,65.63,1658.8,1772.1,32.52,37.2,0.754,3.708,10.14,3266.5,0
29.64,40.48,76.6,1137.2,1154.2,51.49,3.6,1.231,2.387,16.4,4516.3,0
26.8,36.84,71.73,1869.5,1770.4,31.41,9.3,1.537,3.446,14.02,3652.6,0
31.41,42.25,69.02,2269.3,2257.1,25.92,12.6,0.331,2.911,14.73,4721.0,0
27.31,36.34,67.55,2374.4,2363.8,25.53,50.3,0.777,4.2,21.5,4313.5,0
24.23,35.23,68.66,1146.9,1131.0,46.94,43.6,2.774,5.29,7.47,1825.7,0
25.73,36.23,62.86,1361.9,1403.9,47.66,33.2,1.114,4.666,17.2,3216.5,0
26.1,37.3,70.89,1288.2,1312.8,52.49,52.3,3.144,1.856,19.65,5524.5,0
28.03,39.01,77.81,2142.9,2200.5,27.39,1.2,4.135,5.11,16.99,5294.5,0
24.96,34.87,61.34,1587.0,1613.2,37.69,11.5,3.193,5.391,19.22,5743.3,0
26.25,36.09,63.78,907.8,927.9,64.27,13.3,3.398,6.528,11.81,4382.5,0
26.53,38.31,72.48,1490.4,1428.3,36.98,6.3,1.522,7.172,14.87,1613.8,0
25.95,35.66,70.41,1778.5,1790.6,34.37,3.7,0.604,6.506,18.37,2497.4,0
28.47,39.22,73.4,1480.1,1508.7,39.79,10.7,2.932,1.48,12.61,4195.2,0
28.13,37.75,72.38,1172.0,1192.5,45.3,2.1,3.628,4.423,9.13,2175.3,0
29.18,37.32,66.02,1221.5,1245.1,45.13,32.6,6.726,5.149,25.0,151.4,1
26.19,34.96,67.28,1571.2,1492.1,33.86,0.5,0.968,3.805,17.65,1274.0,0
29.26,39.66,57.68,1737.8,1751.1,34.15,5.9,0.971,7.87,17.99,1653.6,0
24.12,34.82,65.72,1750.6,1727.4,37.04,44.5,3.499,4.85,15.12,4959.9,0
24.07,34.48,73.05,1864.9,1892.5,32.7,41.4,0.494,3.985,17.4,843.5,0
24.42,35.57,63.23,2264.5,2316.2,27.65,24.7,0.187,6.252,13.07,4803.4,0
26.87,37.26,69.73,1046.6,1085.9,58.08,27.5,2.132,3.152,15.46,1915.4,0
29.25,38.48,65.15,1646.3,1633.9,35.93,68.0,1.414,4.039,15.75,1271.0,0
25.65,36.24,73.15,1555.9,1514.2,36.5,2.9,2.827,6.085,16.61,2409.6,0
25.9,36.07,76.82,1727.7,1727.4,36.81,5.9,1.629,4.044,13.41,4780.1,0
26.42,35.84,64.3,1420.0,1413.0,39.19,48.5,2.166,8.039,13.87,4613.0,0
28.0,38.47,64.16,1340.7,1384.1,44.35,20.2,2.871,6.399,17.71,3483.8,0
25.89,35.97,64.2,1702.6,1749.2,35.35,98.4,2.623,5.628,16.31,1072.3,0
25.78,35.18,68.37,1214.1,1248.5,51.39,41.0,1.745,5.91,18.53,4700.4,0
24.16,33.98,57.54,1280.5,1259.9,45.98,42.7,4.427,3.38,10.27,4399.8,0
25.71,37.12,61.78,1659.1,1703.8,38.09,3.0,3.727,5.429,17.6,2807.3,0
29.2,40.59,62.74,1589.6,1609.8,33.34,9.4,3.269,3.638,11.14,1058.2,0
27.03,37.22,65.23,1148.7,1071.7,50.85,19.6,1.34,7.334,20.74,964.5,0
25.37,35.43,72.78,1380.4,1326.9,38.38,36.3,1.213,8.634,15.27,580.8,0
29.32,37.89,73.48,2215.0,2156.2,27.57,13.5,0.488,3.622,14.83,3233.7,0
25.68,37.4,67.04,1153.9,1122.9,50.21,1.3,2.216,4.734,15.79,1686.5,0
29.69,40.73,71.35,1881.1,1919.9,32.74,6.7,1.442,5.772,16.53,3786.8,0
29.66,40.41,73.66,1263.7,1327.2,48.69,23.4,4.514,7.296,18.69,2825.2,0
26.96,34.69,61.07,3342.3,3328.5,14.86,9.9,4.023,8.532,19.91,3098.8,0
23.85,33.89,61.03,1629.1,1624.5,36.31,1.7,0.633,5.48,8.16,4712.1,0
31.43,41.3,57.18,1201.0,1172.8,51.6,87.7,0.327,7.704,14.09,5685.0,0
27.62,38.31,64.92,1509.4,1519.3,40.05,104.4,0.782,5.69,13.13,1006.8,0
26.2,35.75,72.4,1123.7,1091.9,45.98,16.0,4.741,4.911,12.21,5497.0,0
28.76,38.53,64.5,1938.6,1952.5,30.98,5.7,6.185,3.212,9.92,35.3,0
28.25,38.87,68.26,1389.4,1449.7,43.48,33.8,2.615,4.471,15.2,3845.8,0
29.47,38.7,72.86,1460.3,1449.9,40.04,14.8,2.777,5.492,10.06,5083.9,0
25.53,34.95,66.82,1321.5,1300.9,42.43,30.0,0.479,4.849,18.83,5547.6,0
27.49,37.68,69.24,1020.0,1016.8,60.39,17.0,1.625,9.582,12.07,134.0,0
24.48,35.82,52.74,1099.7,1080.6,53.05,13.1,4.712,5.922,16.6,2174.6,0
28.18,38.99,82.52,1186.8,1201.3,47.92,84.1,0.847,5.127,11.88,4627.5,0
26.8,37.88,77.61,1266.4,1311.1,48.05,17.4,2.431,3.211,11.68,505.7,0
27.41,37.48,63.65,1913.6,1857.4,30.91,2.8,2.777,4.913,13.44,4249.3,0
26.56,38.05,63.13,1547.5,1481.2,35.29,32.0,0.796,4.644,11.14,3178.9,0
26.35,34.61,62.47,2428.5,2393.9,24.67,93.9,2.256,5.366,19.36,1756.3,0
25.11,37.14,68.55,2069.7,2091.3,27.3,6.9,0.275,8.361,16.26,2618.1,0
28.43,40.58,81.16,1926.1,1954.1,31.13,4.1,1.114,6.509,18.0,602.3,0
29.83,40.29,72.59,1453.6,1538.9,39.71,16.4,1.243,6.01,13.64,1790.5,0
25.74,36.57,69.46,2132.9,2164.9,27.75,1.9,1.231,5.111,19.26,1362.2,0
27.96,37.92,71.4,1536.7,1529.7,39.61,26.0,1.238,4.956,17.25,4232.2,0
27.71,37.5,65.25,1612.7,1556.8,38.46,21.0,3.606,5.977,11.51,5625.7,0
26.87,36.26,74.68,2103.9,2105.2,28.66,30.8,1.041,6.397,15.57,4921.8,0
23.8,33.75,69.71,1068.0,1076.8,55.26,13.4,8.189,6.467,18.0,2886.2,0
24.25,34.8,73.68,2141.9,2134.8,26.75,19.2,1.175,6.812,13.13,1729.5,0
25.29,35.71,64.71,1157.9,1145.1,51.17,17.8,0.496,6.86,17.87,1259.2,0
22.57,34.56,63.65,3342.3,3359.8,17.46,89.6,0.925,3.491,9.26,822.7,0
29.67,39.77,62.11,1589.9,1597.7,38.58,16.8,3.057,5.92,14.47,527.7,0
27.59,36.1,74.09,2418.8,2496.1,28.02,42.1,1.657,7.269,13.37,4787.2,0
26.79,38.43,72.4,2006.0,1979.4,33.46,5.9,1.937,4.729,20.81,4781.3,0
22.47,31.25,66.1,992.7,1013.9,58.1,14.2,1.1,4.262,11.38,5487.5,0
23.2,32.64,60.43,1466.7,1449.9,36.53,115.8,0.417,2.83,15.34,5046.8,0
26.85,37.12,65.08,2144.3,2127.0,28.95,34.8,0.161,4.116,20.59,4138.8,0
30.79,41.21,66.99,1418.8,1421.8,44.88,104.8,0.823,5.171,16.04,91.7,0
25.45,34.01,68.89,1527.8,1594.6,36.44,253.0,1.277,7.184,11.65,3010.0,0
28.58,37.83,65.8,1506.6,1551.1,41.51,0.1,1.202,3.307,18.01,4165.1,0
25.89,34.41,60.83,1803.4,1746.8,30.86,102.1,0.998,7.245,22.48,5933.1,0
26.96,37.58,65.35,1780.7,1793.1,31.35,5.5,1.419,5.625,15.34,735.9,0
29.28,40.46,76.05,1858.7,1772.7,32.12,93.5,2.956,3.259,21.59,5661.9,0
26.16,34.94,58.35,1290.7,1272.3,47.98,21.2,0.98,6.465,17.32,429.2,0
25.47,36.47,65.17,1537.0,1588.9,37.73,129.1,2.354,6.492,22.92,2773.8,0
29.69,40.62,66.07,2083.5,2059.0,29.52,4.4,1.367,5.841,17.27,3229.2,0
26.94,36.28,67.54,1438.2,1410.7,41.62,144.4,5.11,6.127,23.65,2988.7,0
29.03,37.05,57.07,1600.4,1694.6,40.79,55.1,2.074,6.607,13.48,2449.4,0
25.48,34.41,64.49,1275.9,1298.3,45.74,1.5,0.489,5.761,15.77,4707.9,0
29.66,39.07,64.18,1600.4,1654.2,35.18,69.0,1.096,6.9,11.16,544.0,0
27.4,38.94,73.04,1632.2,1694.9,39.22,14.5,1.666,3.654,18.21,3983.6,0
27.72,37.6,68.79,1401.5,1398.2,44.22,79.7,2.377,6.047,15.97,2835.8,0
27.11,36.11,58.43,1992.1,2040.0,29.91,9.4,1.706,6.067,17.86,3861.7,0
25.84,35.99,68.54,1257.6,1254.8,48.86,105.2,0.571,7.14,17.28,2228.6,0
26.85,35.55,57.42,1388.4,1382.5,40.16,16.2,1.056,6.548,17.05,5112.3,0
25.96,36.48,68.04,2013.0,2033.5,28.99,19.8,1.654,4.905,18.54,2507.0,0
28.77,37.79,62.91,2079.2,2127.2,28.92,26.0,2.703,6.399,19.03,1337.2,0
26.44,35.61,66.84,1595.1,1588.4,39.01,11.0,4.692,4.255,16.81,1672.4,0
23.86,34.23,62.06,1822.4,1857.0,34.5,121.9,2.463,4.114,16.23,4655.3,0
23.49,35.24,57.84,1277.8,1233.3,47.55,17.4,2.914,5.382,11.87,1609.1,0
23.4,35.59,73.9,1506.8,1527.2,37.13,54.6,0.769,4.003,19.41,3933.8,0
28.09,37.05,69.73,1450.1,1359.2,43.03,0.4,2.944,5.126,11.7,4935.3,0
24.55,33.95,63.41,1830.8,1841.0,31.51,17.6,2.615,6.489,14.32,1915.1,0
27.45,37.97,65.45,1424.7,1352.7,39.77,70.6,1.751,6.882,15.36,5614.1,0
27.12,38.29,68.44,1027.7,1078.7,53.16,25.4,3.55,3.905,9.85,3962.5,0
26.72,34.56,63.13,1622.0,1613.8,38.52,82.7,1.761,2.389,10.14,5435.2,0
27.73,37.81,74.32,1698.8,1692.2,34.47,100.1,1.653,4.056,12.14,4827.9,0
27.17,36.68,86.85,1913.8,1924.8,31.36,93.2,1.506,4.973,17.09,5300.2,0
21.43,29.51,60.94,1455.8,1435.7,39.81,65.2,2.882,8.947,16.47,5555.4,0
26.2,34.87,62.36,1150.8,1129.8,54.09,36.9,0.93,4.424,12.84,1564.0,0
27.7,37.13,66.36,2377.2,2369.6,26.36,15.2,1.876,8.113,20.51,61.1,0
30.13,40.19,77.04,1552.9,1502.2,39.5,57.4,3.346,6.62,13.57,277.9,0
30.22,41.23,71.17,2502.1,2416.5,22.86,6.9,0.576,5.416,21.26,2499.0,0
24.12,34.48,62.03,1664.4,1638.5,35.9,2.5,1.315,5.264,13.95,4771.2,0
26.15,37.1,67.03,1399.7,1372.7,42.63,58.0,0.936,7.271,12.4,1862.2,0
23.72,33.74,70.09,2561.0,2470.0,24.2,43.7,1.157,4.653,25.68,455.8,0
29.89,39.18,61.06,1625.2,1643.5,35.55,20.0,0.657,8.372,6.91,300.1,0
28.88,38.69,71.61,1473.0,1459.3,42.91,91.4,0.585,6.4,16.34,4509.4,0
27.55,38.25,73.33,1250.2,1284.5,41.31,5.2,0.957,5.053,12.06,2561.0,0
27.18,38.21,66.87,1469.3,1469.3,43.39,20.7,0.439,5.748,10.19,1276.8,0
29.61,39.46,67.78,2119.2,2103.7,30.25,78.7,1.069,7.203,14.89,3329.3,0
29.27,38.34,62.55,1298.7,1300.4,42.9,0.3,4.105,8.188,21.44,1701.3,0
29.17,39.5,66.02,1764.4,1684.2,34.0,17.3,0.199,6.112,17.33,5695.1,0
27.76,38.24,72.94,1183.0,1160.1,47.14,23.9,1.898,4.815,8.71,4236.9,0
26.15,37.38,63.77,3342.3,3381.3,16.89,0.4,0.595,5.901,10.35,688.5,0
28.38,37.71,61.95,1355.7,1464.8,37.1,47.7,1.033,3.84,12.88,1761.5,0
28.48,37.81,69.08,1442.9,1403.6,40.99,89.8,0.683,6.649,11.25,3485.4,0
26.47,37.22,63.34,1144.9,1174.5,53.49,8.9,0.506,4.557,20.62,2233.5,0
26.15,35.74,65.83,1517.8,1498.1,40.87,10.4,1.303,4.835,17.29,1343.8,0
29.12,38.67,65.63,1507.8,1537.6,41.88,14.9,0.716,6.901,13.17,1247.1,0
30.18,41.43,71.46,1426.0,1438.3,43.75,18.4,2.59,6.841,14.81,5600.1,0
25.35,33.98,66.71,1313.9,1243.7,52.53,75.0,0.905,4.237,11.32,2532.1,0
26.32,38.38,68.6,1741.6,1744.4,36.18,62.8,6.533,5.897,12.96,1185.4,0
27.55,36.94,76.37,2324.2,2333.9,25.97,82.2,1.125,5.661,10.22,5157.6,0
27.82,38.69,76.8,2594.4,2589.9,24.05,43.0,2.024,4.589,15.44,2936.4,0
25.81,35.7,58.8,1177.0,1097.7,46.64,1.3,2.918,5.866,13.44,4740.4,0
30.62,40.89,68.17,1482.0,1480.6,42.23,15.8,1.25,5.509,15.06,673.9,0
27.69,37.43,62.43,1586.3,1574.7,37.44,31.4,2.481,5.153,19.31,3825.9,0
27.91,38.77,80.71,1704.4,1702.1,34.14,72.0,0.867,6.889,14.43,5846.7,0
30.37,40.02,68.64,1238.0,1268.2,41.81,60.5,1.026,3.569,5.34,1930.1,0
25.95,35.38,62.46,1424.2,1392.2,42.1,11.0,2.07,4.921,22.07,3299.4,0
26.67,38.49,76.8,1421.0,1429.0,44.8,14.0,1.413,4.625,15.95,5448.5,0
24.34,34.37,62.08,2100.2,2105.5,28.91,62.9,3.278,3.559,10.11,4580.2,0
26.51,35.83,82.04,2598.4,2541.6,22.36,58.8,1.355,5.779,14.42,1300.0,0
23.87,32.38,67.0,1750.5,1659.4,30.86,10.7,5.234,4.207,18.72,3342.6,0
28.35,40.21,75.04,2060.3,2055.2,26.49,12.8,2.292,4.619,13.68,5460.3,0
27.69,37.14,53.95,2406.3,2395.1,25.97,24.9,4.325,6.508,14.76,5082.4,0
26.3,38.36,61.55,1095.5,1067.0,55.7,31.2,0.593,3.148,14.31,4082.3,0
26.65,37.05,75.06,3342.3,3356.6,17.33,53.8,1.046,6.347,21.57,1577.6,0
28.37,38.52,67.28,1535.1,1551.3,44.7,120.1,1.157,7.666,24.8,1175.8,0
24.58,34.75,65.11,1105.3,1074.6,49.07,36.8,1.333,5.979,18.87,1573.9,0
27.26,39.47,71.43,1223.8,1285.7,49.87,4.5,1.496,6.702,21.84,4803.7,0
28.25,36.06,67.46,1457.1,1422.8,42.77,163.2,7.88,9.457,9.1,2091.3,0
23.29,33.5,67.07,1164.3,1253.5,53.2,18.3,2.921,5.883,13.56,4029.3,0
28.22,37.95,72.47,1082.7,1118.8,57.83,28.7,0.564,6.126,11.67,2856.2,0
23.5,33.29,62.47,1479.3,1480.7,36.98,42.3,4.212,7.097,17.78,745.7,0
26.61,36.76,62.18,1410.5,1338.2,44.47,6.1,1.086,4.776,19.86,615.5,0
24.52,34.26,67.68,970.6,907.7,52.76,35.6,1.409,4.427,14.21,4171.3,0
29.71,39.9,68.47,1863.9,1875.9,31.38,61.7,1.027,5.481,13.91,3365.3,0
24.54,34.51,64.1,1555.7,1543.9,37.55,2.8,2.205,5.076,15.43,5185.3,0
23.55,32.24,65.33,1736.1,1699.5,33.74,36.9,0.506,3.689,12.06,5695.7,0
27.12,37.5,73.6,1320.8,1346.0,44.61,33.3,5.844,3.58,8.35,1760.6,0
26.02,36.74,71.26,2873.4,2871.6,21.02,69.9,0.838,3.448,18.95,2614.8,0
23.84,33.3,72.91,1075.3,1022.3,54.37,48.2,1.435,4.743,13.0,2359.3,0
27.9,39.77,69.74,1416.5,1397.4,45.34,46.3,0.898,3.89,14.01,5215.8,0
22.87,34.2,60.03,1296.8,1285.0,45.9,37.2,0.37,6.354,17.75,4410.4,0
24.78,35.62,68.69,3342.3,3371.3,16.37,42.3,0.261,7.656,10.78,2470.4,0
25.7,36.53,65.27,2091.9,2091.4,29.6,8.9,2.778,6.246,22.48,5384.9,0
28.45,38.48,64.7,1108.2,1109.7,54.9,24.9,2.019,4.431,16.97,2303.1,0
29.44,40.58,74.26,1688.6,1743.7,38.23,98.4,1.079,8.723,12.24,3849.4,0
29.06,40.63,61.64,2705.5,2622.2,22.76,81.4,1.991,4.623,19.58,1669.1,0
26.54,37.35,67.45,1391.5,1478.8,42.22,37.1,0.766,4.873,21.54,1368.8,0
22.0,31.43,58.1,1465.0,1390.5,46.79,4.7,1.004,5.101,7.92,3273.6,0
27.63,37.59,62.37,1331.4,1261.6,45.31,85.3,0.679,6.942,1.94,3477.4,0
29.79,40.36,71.59,1542.8,1528.4,38.5,17.4,0.467,4.286,14.19,4627.4,0
29.32,40.16,67.37,1121.6,1086.1,51.36,48.6,0.657,8.057,15.11,4167.9,0
27.78,37.7,64.94,1891.3,1984.2,32.98,28.6,0.632,2.665,16.07,662.1,0
24.47,33.9,58.51,1448.8,1400.9,45.4,69.2,1.925,4.468,21.12,3293.4,0
25.8,37.38,62.9,1362.5,1325.0,41.35,12.7,1.426,6.861,16.2,5939.2,0
30.72,39.65,68.76,1599.5,1594.4,38.67,17.6,1.177,9.168,14.14,1145.6,0
24.02,33.08,67.15,1461.8,1540.1,36.21,6.0,1.718,7.876,18.57,1712.0,0
24.55,33.23,67.7,1563.4,1618.9,36.56,9.4,0.82,6.43,20.94,2307.2,0
28.74,37.79,57.1,1442.8,1453.0,40.32,5.4,0.534,4.312,8.11,3311.6,0
25.99,37.24,60.17,1603.8,1541.0,37.07,73.0,0.769,4.59,20.04,4571.7,0
24.49,35.77,66.79,1280.8,1192.5,47.33,59.2,1.62,6.698,13.74,2553.1,0
29.91,39.83,68.26,1581.8,1532.6,34.64,17.6,0.829,6.719,19.45,5063.8,0
27.77,38.27,74.74,1129.9,1030.8,55.68,15.9,1.412,4.916,11.72,4894.8,0
26.09,36.08,70.09,1751.0,1688.7,34.19,70.2,1.244,4.913,11.52,4121.1,0
24.56,33.37,56.36,1064.9,968.2,49.2,62.1,1.029,7.171,18.17,5897.6,0
30.94,43.16,54.18,1282.2,1300.1,49.63,40.8,0.348,6.724,19.66,997.3,0
26.8,38.18,68.95,1501.0,1437.5,41.66,67.7,0.898,6.111,20.93,4221.2,0
29.64,40.0,69.24,1472.6,1521.4,40.77,4.6,1.762,4.462,9.0,3663.2,0
28.64,37.78,65.73,1843.6,1849.8,32.71,67.3,2.717,6.185,16.6,2061.7,0
25.81,35.58,59.49,1670.2,1667.7,34.83,36.3,2.598,4.871,18.49,2629.1,0
25.82,35.13,66.74,1204.1,1236.9,42.2,26.4,2.437,5.496,8.83,1719.6,0
29.74,39.84,73.17,1744.0,1722.4,39.55,1.4,0.465,5.846,8.58,1160.3,0
29.78,40.08,71.47,1126.3,1129.9,51.83,82.2,3.332,6.404,16.2,1917.0,0
23.1,32.76,59.44,1852.0,1805.6,35.45,14.3,0.705,2.573,15.81,1179.6,0
27.95,36.5,65.07,1618.6,1668.0,36.06,7.8,0.966,7.08,16.16,2105.3,0
26.61,38.74,61.85,2763.6,2830.1,23.35,40.3,1.582,6.977,13.27,742.5,0
24.78,35.02,58.3,1260.5,1237.1,46.44,10.5,3.131,6.626,12.88,1225.4,0
27.37,37.83,74.66,1350.5,1414.4,45.53,15.4,0.642,6.1,22.53,2611.8,0
24.15,33.73,65.52,1244.4,1241.3,49.77,111.4,7.717,3.585,13.49,4870.7,0
25.92,34.36,64.53,1081.6,1116.6,50.33,3.3,4.465,7.652,17.28,1705.6,1
25.25,35.17,63.06,1290.3,1286.2,47.89,24.1,1.278,4.703,10.69,4984.0,0
25.85,35.53,69.84,1235.4,1223.8,48.31,5.8,1.481,4.507,19.14,281.5,0
26.71,37.42,78.18,1301.8,1276.6,46.1,50.5,2.654,8.474,15.07,1386.8,0
24.82,35.72,62.93,1139.1,1166.5,47.64,25.6,2.399,5.938,17.33,4504.0,0
30.0,40.76,73.06,2802.9,2741.7,21.58,8.7,0.56,5.152,21.0,5609.3,0
27.84,38.82,61.33,2081.3,2091.7,29.0,80.9,2.059,4.813,14.91,315.6,0
30.44,42.24,75.25,2181.9,2232.0,27.37,10.0,2.096,5.791,25.19,5031.1,0
26.53,36.92,70.5,1169.9,1117.8,52.7,14.5,3.535,4.416,20.98,3278.5,0
25.75,36.85,63.21,1873.1,1911.7,32.17,9.7,0.224,1.846,14.86,2665.0,0
30.37,40.86,71.38,1654.7,1711.2,33.77,13.4,3.8,3.807,12.46,1796.4,0
25.69,33.79,64.87,1489.4,1446.7,40.07,52.3,3.24,5.499,10.99,2162.0,0
26.49,36.34,74.38,2206.4,2191.9,27.56,49.2,3.015,6.66,12.55,5139.3,0
28.29,37.42,70.66,1283.9,1246.6,43.81,88.2,4.321,6.47,9.17,5836.8,0
24.37,34.61,70.69,3330.7,3337.1,18.7,11.6,3.319,6.482,18.95,4574.5,0
28.27,37.48,70.53,2018.3,1962.3,28.23,4.7,2.208,4.172,17.85,314.3,0
28.02,38.62,66.63,1488.1,1530.4,41.99,11.7,1.304,5.84,15.4,3948.2,0
29.39,40.37,57.91,2188.1,2155.2,27.58,10.2,0.542,6.523,18.42,758.0,0
28.63,39.83,77.65,1265.4,1210.4,52.99,23.2,0.7,6.569,14.78,5633.1,0
29.45,41.07,71.06,1470.2,1492.1,40.46,10.1,3.937,4.692,13.42,2206.3,0
26.63,34.95,62.51,1331.7,1279.1,51.32,67.3,5.637,7.116,18.68,4230.6,1
25.12,33.93,72.77,1360.9,1358.1,43.58,54.0,1.291,5.694,13.14,2814.0,0
31.07,44.0,84.15,1443.8,1498.4,39.88,169.0,1.97,4.986,19.6,4290.3,0
23.8,34.81,67.54,2162.9,2205.4,30.03,72.0,1.142,3.904,15.74,2924.5,0
24.0,34.22,68.73,1167.3,1217.9,49.29,10.4,1.919,5.15,23.94,707.4,0
27.98,38.01,52.36,1334.5,1320.0,44.41,140.9,1.25,4.537,16.43,251.7,0
30.1,40.04,77.2,1037.4,1033.9,60.85,74.5,1.636,3.997,11.34,696.7,0
27.23,35.3,57.44,1156.2,1178.9,48.28,30.7,5.254,5.643,17.52,2543.6,1
28.85,38.08,65.72,1629.1,1613.7,36.03,5.3,0.894,4.841,16.49,3673.3,0
22.86,32.75,55.65,1334.8,1362.7,42.89,18.8,1.964,8.851,14.64,2163.4,0
25.85,35.14,62.54,1360.1,1292.4,44.22,49.3,1.133,6.842,18.35,5331.2,0
23.1,32.52,67.99,1157.0,1153.2,51.63,40.7,4.643,4.541,20.13,4792.2,0
28.41,40.97,83.76,1121.3,1179.4,53.22,16.4,0.211,7.166,15.89,3817.6,0
23.76,33.5,55.06,1680.4,1662.8,38.38,76.4,3.338,6.146,18.78,2801.3,0
24.29,34.57,69.7,2236.2,2237.1,27.84,106.6,1.151,3.474,15.62,3073.0,0
27.88,38.12,69.25,2886.7,2996.9,21.46,51.7,2.562,5.626,12.43,282.3,0
28.97,39.56,75.31,1955.7,1924.1,28.6,4.9,1.262,5.863,7.61,2011.9,0
26.53,36.05,61.68,1810.7,1804.9,34.08,16.5,2.23,5.089,21.76,5524.0,0
27.99,39.24,73.73,1057.2,964.6,55.04,94.4,1.965,2.798,21.68,978.5,0
27.93,38.37,64.62,972.2,991.8,55.2,105.4,1.265,2.312,11.41,3746.8,0
26.42,35.13,72.96,1329.9,1362.1,49.6,58.2,0.74,6.606,8.35,3776.1,0
24.66,34.55,67.19,1006.7,1035.8,52.3,73.3,0.315,5.611,13.96,1575.1,0
27.98,37.81,80.32,1848.2,1933.1,32.93,7.8,2.047,4.457,14.62,1694.8,0
28.08,37.86,62.01,2361.6,2389.2,24.85,21.7,2.692,7.088,10.4,1386.4,0
28.64,39.15,73.27,1991.7,1988.3,29.93,48.0,0.339,5.594,13.52,4202.2,0
27.47,38.11,63.31,3073.8,3110.9,19.65,19.0,1.476,3.713,20.58,1774.1,0
24.51,35.03,68.97,2213.0,2189.2,28.86,12.2,0.556,5.743,15.48,3729.2,0
28.23,38.57,71.97,1742.5,1773.0,34.94,33.5,2.426,6.794,12.06,1602.8,0
26.85,36.93,67.87,1547.7,1690.7,41.67,11.0,0.217,2.204,17.02,888.9,0
25.88,33.73,64.52,1458.6,1560.6,41.35,21.9,0.741,7.097,13.71,3579.6,0
26.26,37.04,78.08,1737.4,1818.4,33.1,9.1,1.14,7.22,11.24,1925.9,0
25.47,35.96,68.27,1115.1,1134.5,45.69,13.3,1.669,6.333,8.61,2384.7,0
28.63,37.64,70.64,1762.2,1718.8,33.3,18.5,1.456,5.408,17.56,4401.3,0
24.01,34.29,63.46,1688.7,1670.7,40.1,20.4,3.377,5.899,9.6,727.2,0
24.86,35.51,71.11,2106.8,2221.3,28.9,36.7,3.855,4.097,16.33,5086.2,0
26.19,37.36,67.96,1156.3,1146.3,50.89,41.9,2.741,4.191,23.37,3338.7,0
30.08,40.59,79.04,1619.9,1680.8,40.21,23.6,1.175,7.68,18.41,500.5,0
28.96,39.28,69.46,1161.2,1117.7,46.79,35.1,1.562,4.682,15.72,2784.6,0
23.57,34.52,65.5,2337.9,2359.5,27.84,37.8,1.024,4.898,20.76,1197.4,0
29.55,39.25,70.88,1432.1,1463.7,41.74,9.5,1.274,6.582,19.97,756.6,0
29.55,39.96,61.21,1476.1,1444.3,45.72,20.7,3.724,2.552,22.29,5746.6,0
24.5,33.88,53.46,2959.1,2897.0,19.56,33.0,4.485,4.613,12.65,2768.6,0
21.81,32.92,67.52,1098.1,1065.4,51.68,5.8,3.007,4.766,11.26,2551.0,0
26.71,35.1,60.22,2169.1,2215.6,27.51,83.7,1.927,5.546,9.15,2486.9,0
29.09,39.91,68.5,1347.8,1419.1,42.11,3.4,1.591,6.375,18.68,1099.2,0
30.03,40.05,69.72,1123.5,1092.1,57.88,84.0,1.799,5.374,19.57,5186.4,0
25.11,36.07,66.45,1120.1,1082.5,49.55,51.7,3.53,5.538,5.21,3032.0,1
30.35,39.57,61.87,2292.3,2242.4,25.1,9.4,3.024,3.305,19.65,938.6,0
22.39,32.48,54.91,1413.2,1473.2,38.22,29.6,2.062,1.517,16.75,4013.9,0
26.11,36.17,64.58,1079.4,1051.3,52.33,0.0,1.407,5.112,12.15,4297.3,0
26.02,36.45,65.08,1852.2,1777.4,31.83,17.4,2.575,4.17,19.23,1046.3,0
29.15,38.11,72.73,1596.2,1584.0,36.4,40.8,1.501,5.078,16.42,5763.6,0
29.45,40.08,69.08,1598.2,1561.9,36.12,41.4,0.897,6.144,17.51,3799.0,0
28.76,36.91,70.78,1301.0,1370.0,45.7,78.8,4.808,4.319,12.49,2620.1,1
24.15,33.48,61.06,2669.6,2710.1,24.63,25.7,0.342,7.564,11.21,3157.6,0
28.58,37.01,74.7,1280.6,1293.9,46.26,46.7,10.4,6.922,16.63,3688.1,1
27.87,38.7,74.6,1784.2,1855.7,33.77,108.3,2.169,5.248,14.05,5965.9,0
23.51,33.91,64.68,1659.2,1669.5,39.89,57.8,1.864,6.011,14.11,5585.7,0
22.72,33.17,54.06,1826.7,1811.8,37.75,2.1,0.539,4.598,20.64,324.0,0
28.93,40.4,63.75,1267.4,1226.1,46.0,63.6,0.652,4.574,16.69,5935.5,0
26.49,36.17,68.94,1550.6,1532.9,39.79,11.6,1.851,2.565,12.36,837.1,0
24.28,34.89,68.21,1139.3,1064.6,54.4,8.4,1.318,1.903,15.45,446.9,0
26.43,36.5,56.92,1253.2,1320.2,49.89,69.7,0.54,5.371,22.83,66.3,0
27.58,37.49,70.25,1930.6,1898.0,32.05,17.5,0.7,2.936,12.34,5743.1,0
26.68,37.99,71.27,1100.2,1023.8,53.65,29.9,1.01,6.54,9.76,4276.0,0
23.75,35.83,82.46,1484.1,1536.3,43.19,30.3,1.836,5.112,14.33,1530.0,0
30.62,40.19,70.66,1493.8,1488.2,41.7,7.3,0.937,4.632,12.47,1468.7,0
28.86,39.69,74.55,1151.9,1058.2,48.48,30.2,1.101,4.409,16.25,2090.3,0
26.18,36.5,57.54,2164.9,2094.6,29.59,34.7,0.238,2.335,14.82,3300.1,0
26.26,36.59,64.86,2299.8,2237.8,26.21,75.8,1.835,6.204,16.9,4418.5,0
27.57,37.82,63.94,1474.4,1394.3,40.25,54.3,0.895,6.279,13.6,807.5,0
24.59,34.26,69.77,1864.4,1845.2,33.94,1.7,3.707,3.631,12.86,5864.7,0
27.5,33.91,65.84,1025.1,1067.3,60.74,50.5,6.901,7.047,16.35,5247.5,1
24.19,35.72,61.44,1694.5,1702.6,32.36,45.7,1.916,3.485,9.88,3725.7,0
26.71,36.01,61.11,1566.1,1473.8,40.4,45.4,2.393,3.125,18.5,1321.6,0
24.51,34.27,68.26,1383.6,1351.2,41.92,65.0,4.037,7.444,26.54,2246.5,0
24.61,34.39,73.27,985.7,1005.3,52.31,17.9,2.526,2.795,13.97,5518.1,0
30.14,39.36,78.63,1947.4,1936.6,30.05,24.9,1.665,2.72,20.97,3947.4,0
26.97,37.21,63.74,2362.5,2383.4,23.88,33.5,0.769,4.227,20.04,3416.4,0
27.26,37.22,67.6,1106.5,1112.2,53.94,54.7,2.059,6.258,16.59,2647.3,0
22.83,32.11,68.35,1565.8,1511.3,40.81,51.1,0.715,4.842,9.11,1861.1,0
25.66,35.81,59.28,1294.9,1231.9,48.1,10.8,4.013,7.032,9.53,4572.0,0
27.77,37.74,74.07,1160.9,1151.9,48.57,21.3,0.69,7.305,10.15,4181.5,0
27.24,38.17,63.54,1165.6,1131.3,50.3,78.3,1.302,5.371,9.06,3236.1,0
22.54,31.2,56.49,1833.7,1842.6,36.22,50.0,0.511,4.724,10.74,5953.5,0
27.26,36.46,61.12,1544.1,1596.9,33.51,13.7,0.286,6.803,9.49,5792.0,0
27.58,38.31,69.29,3010.2,3064.0,20.04,31.6,3.704,7.127,13.74,880.8,0
29.42,38.78,67.69,1880.0,1816.0,30.05,10.5,1.347,3.627,21.51,1981.1,0
25.54,34.64,67.32,1561.1,1535.5,40.62,30.3,4.757,6.943,10.14,5538.3,0
22.37,31.78,62.33,1807.6,1752.7,32.99,19.9,2.386,4.755,13.11,3871.6,0
24.86,34.76,68.52,2022.2,2053.1,28.59,29.5,0.638,5.323,13.76,4454.8,0
24.66,34.56,65.63,1556.5,1573.1,40.5,71.7,6.476,6.927,12.55,4471.2,0
28.32,38.11,63.15,1033.5,1101.1,53.43,2.2,1.432,4.289,13.48,5321.2,0
21.42,30.39,46.45,1315.5,1288.4,39.44,29.6,3.697,7.137,17.77,2319.1,0
25.95,36.73,63.17,2233.7,2213.4,28.67,17.1,1.582,3.64,12.27,3810.9,0
29.7,41.03,77.01,1201.1,1179.3,52.72,32.6,0.803,5.554,11.87,561.1,0
26.86,34.95,63.38,1856.3,1880.1,32.26,83.0,1.938,3.261,16.33,1327.0,0
28.64,37.09,75.36,935.4,955.2,54.79,10.5,6.304,5.233,18.59,2354.5,1
23.57,34.57,65.19,1737.4,1678.7,37.37,70.3,1.783,7.038,16.05,561.9,0
23.65,35.22,69.44,1495.6,1406.5,41.03,19.5,1.407,2.722,12.4,1840.8,0
29.72,37.6,73.1,1076.1,1064.9,55.61,1.0,5.817,3.384,10.31,1858.1,1
27.05,37.87,66.44,2195.2,2136.2,26.49,127.0,3.036,6.975,8.96,3123.6,0
27.06,38.69,73.01,2066.1,2045.8,29.5,84.8,2.93,4.699,11.13,2681.1,0
24.61,33.75,62.67,1825.7,1844.6,36.73,65.6,2.06,5.067,16.98,4420.6,0
27.05,38.63,69.7,1576.2,1513.9,38.6,131.7,2.047,6.607,17.45,4158.4,0
24.56,34.38,71.74,1011.2,957.4,66.42,49.9,1.137,6.508,15.78,3951.7,0
29.22,39.54,66.52,1713.7,1705.3,31.12,10.3,1.437,3.563,13.7,1357.0,0
32.31,41.59,63.46,2052.2,2175.0,26.96,97.2,1.315,5.368,11.91,5176.0,0
27.82,38.82,65.69,1904.0,1873.3,30.64,20.0,2.501,5.606,10.92,3888.8,0
25.58,36.41,60.11,1363.9,1392.2,42.32,24.9,2.964,5.244,14.33,3480.5,0
21.78,33.51,53.33,1295.5,1224.7,44.92,21.1,1.113,4.419,15.33,4781.6,0
23.48,34.92,74.83,1680.9,1752.1,32.93,36.8,2.005,6.025,15.44,1801.2,0
29.96,39.95,72.29,1409.8,1399.4,40.21,1.6,0.466,4.616,13.01,2322.0,0
24.79,37.9,65.55,1015.6,1018.0,59.45,16.5,1.893,5.684,13.88,1448.6,0
26.11,37.46,69.76,1387.7,1352.5,40.35,61.0,0.112,5.419,15.64,23.5,0
28.16,38.7,71.48,1412.7,1393.0,43.21,23.0,0.705,6.115,15.28,1274.7,0
29.81,38.82,65.42,937.1,1019.5,58.89,65.5,0.509,2.914,13.4,748.4,0
26.45,34.92,59.16,1724.6,1686.9,33.02,20.4,0.155,5.751,14.95,4227.1,0
26.04,34.6,58.18,1839.9,1820.8,32.37,21.7,1.021,7.718,22.12,989.9,0
26.99,36.06,57.24,1542.3,1548.7,35.3,27.0,3.024,7.187,9.28,5043.4,0
25.59,36.97,57.28,1635.0,1635.8,34.72,82.6,0.294,4.55,18.43,1036.3,0
25.7,36.19,77.48,2927.6,2916.7,21.79,1.8,2.093,6.021,15.57,3404.8,0
27.67,37.06,62.83,1393.8,1387.4,41.38,7.2,3.364,4.762,13.9,776.3,0
27.22,37.08,65.68,1539.0,1594.7,42.17,73.8,3.744,4.441,14.76,4187.0,0
31.11,40.86,74.23,1543.9,1577.7,38.14,182.6,1.038,5.768,9.4,2726.0,0
27.73,38.53,66.29,1425.3,1401.2,42.47,19.7,0.989,5.141,9.88,1073.6,0
29.15,38.27,68.37,1320.7,1328.7,42.58,88.6,0.751,2.547,14.64,2022.7,0
24.71,35.06,57.85,2161.5,2199.8,26.84,4.3,3.234,6.904,22.55,1794.1,0
27.9,38.2,68.25,1412.7,1414.7,42.89,4.7,1.574,6.111,11.51,4541.2,0
25.4,34.56,65.82,1474.6,1399.7,45.59,19.6,0.826,6.771,14.46,1654.3,0
27.64,39.23,60.2,2640.6,2708.1,24.03,27.0,0.61,6.363,18.59,5677.4,0
28.23,37.93,65.82,1192.5,1114.2,54.63,84.5,1.913,7.188,10.52,974.1,0
26.95,35.96,64.56,2071.7,2173.3,27.64,120.9,0.762,6.23,12.71,1690.2,0
31.66,42.52,75.33,1990.8,1983.5,28.62,1.4,1.992,3.833,14.61,5827.0,0
29.71,39.76,64.27,1485.5,1564.5,42.02,8.7,1.375,3.791,13.8,1731.5,0
29.2,39.61,63.32,1316.6,1289.7,45.35,37.0,5.582,4.833,18.17,1680.3,0
28.38,37.19,78.34,1190.1,1224.8,47.78,6.0,0.91,4.178,21.09,2382.3,0
30.38,41.19,77.78,1262.9,1197.2,45.61,95.6,1.735,2.031,10.95,5464.4,0
23.98,36.15,76.79,1753.3,1763.1,34.8,6.1,1.782,3.936,13.83,3222.8,0
29.59,38.33,73.92,1235.8,1185.7,41.09,20.6,1.839,7.178,18.92,5984.1,0
24.87,35.22,64.57,1381.0,1398.1,36.83,69.4,0.754,3.876,23.69,587.0,0
25.72,34.94,71.95,1294.7,1392.1,41.74,16.4,0.49,5.848,19.01,1797.1,0
27.97,40.66,69.74,1440.0,1481.7,40.68,99.7,1.561,4.222,15.15,3595.2,0
29.32,40.56,69.16,1806.1,1837.3,34.95,185.8,2.997,5.524,18.53,5566.8,0
24.54,34.82,69.86,1737.7,1737.0,36.53,20.8,1.727,4.942,14.31,3734.5,0
25.82,34.6,66.49,2774.7,2728.8,21.48,1.4,0.867,4.334,19.33,2839.5,0
27.05,36.06,68.54,1180.0,1289.9,48.3,44.4,4.067,6.081,14.64,167.1,0
26.48,37.22,73.98,1347.9,1263.3,42.98,42.5,1.059,4.716,13.52,3227.3,0
28.56,37.2,65.16,3342.3,3411.8,16.93,48.8,2.167,3.718,16.81,1016.8,0
33.72,42.39,67.72,1248.7,1275.4,47.93,3.7,0.762,5.334,13.01,1141.6,0
27.69,37.7,62.01,1609.0,1590.2,39.47,109.6,2.477,7.711,19.77,346.1,0
25.38,35.51,66.38,1613.3,1649.8,30.63,3.8,0.886,4.388,20.2,109.8,0
24.26,34.64,63.9,2117.5,2131.4,29.75,8.5,0.633,5.339,16.25,5344.8,0
26.2,35.76,70.61,1882.4,1888.9,33.12,17.8,2.203,6.607,17.44,5307.6,0
24.97,35.89,67.79,1990.1,1967.4,30.68,20.1,0.95,5.516,16.27,1864.5,0
27.79,36.92,68.78,2021.3,1951.0,32.03,2.5,1.422,3.274,9.8,2114.4,0
27.75,38.38,60.52,920.0,868.3,57.01,148.0,0.844,3.642,18.36,1890.8,0
25.92,36.14,71.85,1235.5,1264.4,43.71,18.1,0.581,2.638,8.14,819.7,0
30.82,41.42,68.54,1005.6,984.9,60.36,48.0,1.324,5.151,19.83,3772.5,0
25.38,36.56,71.71,1213.6,1231.6,42.26,12.9,1.228,3.443,14.19,4823.0,0
26.61,36.16,67.09,1307.3,1250.2,45.79,27.5,1.774,4.337,11.01,4896.5,0
28.13,37.47,67.01,2008.3,1957.7,31.19,6.3,1.584,5.866,15.19,2093.5,0
28.63,36.95,69.48,1583.3,1554.6,38.32,12.2,2.015,5.176,18.75,2260.5,0
29.41,37.39,69.91,1545.1,1639.2,39.18,39.4,0.402,2.9,19.66,2622.4,0
27.71,37.53,70.16,1313.8,1288.2,46.2,5.4,0.956,5.23,19.46,2919.0,0
28.95,38.84,64.24,1474.0,1423.5,39.51,11.7,2.068,5.327,12.01,1412.8,0
25.52,34.43,60.91,1312.3,1381.3,43.51,12.9,2.901,7.641,11.12,1389.5,0
28.69,37.82,71.08,1445.3,1538.4,43.16,40.8,3.512,5.668,13.81,2148.2,0
28.66,40.18,78.83,1509.8,1432.7,36.97,103.9,2.856,6.809,14.56,2608.9,0
29.88,40.75,67.49,1802.9,1760.1,35.94,23.3,0.735,8.282,14.91,5196.6,0
23.51,32.25,71.46,1761.7,1867.7,33.31,25.4,1.628,7.303,9.42,5389.7,0
25.04,34.59,67.4,1214.3,1207.1,50.82,2.5,0.762,3.809,15.04,3144.6,0
28.5,38.9,70.64,1600.6,1629.9,36.98,80.1,1.801,5.155,17.58,3829.2,0
21.55,30.92,66.18,1267.0,1258.3,43.29,22.2,1.75,9.765,13.17,5000.0,0
27.83,37.03,67.05,1644.1,1668.3,38.43,24.8,2.851,4.196,15.15,435.9,0
28.97,38.63,63.14,1267.7,1262.1,50.63,22.2,1.696,5.375,19.44,1275.3,0
25.7,36.79,69.4,2773.1,2754.1,20.12,42.9,0.71,6.895,9.75,1014.2,0
25.99,37.17,68.27,1390.4,1348.5,43.03,86.8,0.202,6.083,16.56,2808.3,0
24.7,33.97,59.27,2216.0,2218.0,27.45,30.2,5.456,4.765,7.72,2014.7,0
25.81,36.27,62.57,1160.9,1160.7,43.91,40.1,1.854,6.934,10.07,2281.9,0
25.86,35.86,73.15,1364.6,1407.7,38.53,115.4,1.681,3.412,21.79,4502.6,0
25.48,34.48,60.09,2310.6,2300.3,25.22,6.9,1.956,4.881,12.07,867.4,0
25.37,35.08,68.52,1241.5,1197.5,43.38,5.9,1.565,6.178,15.81,5414.4,0
26.31,35.04,72.29,1350.2,1307.2,42.24,7.1,0.551,3.909,9.09,268.1,0
26.28,37.45,72.98,1486.8,1473.7,37.69,95.8,1.278,7.446,13.83,5888.3,0
30.6,42.15,69.31,1516.6,1437.1,38.95,26.2,0.906,6.505,16.62,5477.3,0
26.06,35.65,62.38,1411.6,1446.8,41.62,0.1,2.952,7.413,17.83,3713.3,0
27.54,36.89,63.34,1227.2,1253.8,51.78,12.2,2.285,8.441,17.22,1826.0,0
25.7,36.75,72.79,1564.7,1663.2,36.86,42.7,2.44,5.902,14.23,3384.3,0
25.67,36.89,74.71,1265.5,1193.0,50.13,49.5,0.23,3.418,18.27,2171.0,0
23.44,32.33,66.22,1355.1,1334.9,39.63,41.6,3.656,6.063,15.94,2004.6,0
23.71,33.56,69.63,1014.9,975.5,52.96,111.6,0.502,5.956,8.44,5414.5,0
24.44,34.38,63.89,1638.2,1690.9,37.65,14.9,0.844,7.171,14.04,2555.9,0
27.22,36.45,70.89,1761.3,1803.2,33.34,163.9,1.785,4.33,10.91,491.8,0
29.0,39.39,70.55,1972.1,1981.6,29.02,33.6,1.007,3.558,10.73,553.2,0
23.28,32.58,64.26,1485.4,1500.3,39.66,12.2,0.041,5.01,14.94,2072.6,0
25.75,35.21,68.5,1821.9,1882.2,32.07,31.7,0.456,7.637,11.15,5106.9,0
24.12,34.01,51.62,1052.8,1038.7,54.04,24.0,3.046,5.888,17.11,5290.4,0
26.32,34.83,60.36,2048.8,2079.3,31.29,12.2,1.477,5.175,17.59,4956.7,0
29.0,36.95,69.32,1786.7,1813.8,33.1,164.4,2.477,5.359,4.92,5057.6,0
25.96,36.87,62.01,1243.6,1203.5,45.81,4.3,0.083,5.534,19.03,3488.2,0
26.75,36.01,69.71,1074.1,1031.2,51.86,18.7,0.663,7.214,14.87,529.8,0
29.76,41.9,80.5,1155.5,1119.4,47.31,62.8,2.053,5.827,16.83,5535.5,0
27.77,39.74,75.83,1088.7,1153.9,50.59,18.3,0.807,8.283,18.86,4107.4,0
25.33,34.82,55.41,1588.7,1623.1,39.2,3.3,4.758,5.518,10.2,2491.5,0
27.17,39.51,66.26,1465.8,1531.7,39.34,69.9,8.458,5.441,15.1,454.2,0
25.19,36.13,70.69,1000.7,966.1,60.12,24.4,1.297,6.857,17.52,1693.1,0
27.69,37.05,66.39,1032.1,1113.4,56.9,67.7,1.354,5.561,15.44,5004.9,0
27.88,35.3,73.32,1237.1,1194.8,47.14,18.5,5.627,9.748,22.45,5139.4,1
24.12,34.8,59.94,1230.4,1149.2,51.07,38.4,2.458,4.584,11.67,724.9,0
27.2,37.23,65.49,1151.1,1027.7,48.59,26.8,1.553,5.069,15.11,1370.5,0
26.61,37.05,67.05,2057.3,2040.6,27.94,21.1,5.072,2.923,14.9,1710.9,0
27.94,37.71,71.15,1431.2,1422.6,39.6,44.5,0.782,7.452,21.8,4890.8,0
28.51,37.37,60.25,1006.7,969.3,54.97,78.3,1.985,8.331,16.78,977.4,0
27.8,37.38,74.2,1185.9,1080.2,47.2,62.0,2.874,6.053,15.11,1615.2,0
26.24,36.95,73.1,1386.9,1430.2,39.36,10.2,2.246,7.732,23.6,1917.2,0
28.72,38.36,70.41,1096.6,1101.5,55.09,21.9,5.052,3.348,18.43,5388.1,0
25.1,34.74,57.5,1329.6,1357.4,43.69,29.1,2.481,6.742,12.89,2049.3,0
24.21,32.69,77.84,1363.8,1432.3,47.56,11.9,6.003,7.204,15.79,838.6,1
20.46,30.55,59.45,1272.7,1182.9,43.75,3.4,4.622,8.515,18.49,3974.4,0
26.71,35.6,55.55,1186.9,1234.5,45.41,38.9,1.275,6.515,11.77,1599.2,0
25.21,36.13,61.25,1366.1,1383.4,46.13,133.8,0.601,6.479,18.51,5063.2,0
27.65,36.91,54.51,1157.2,1208.5,53.0,35.6,3.23,5.069,20.14,4023.5,0
22.91,32.61,55.82,958.0,1020.1,54.3,51.4,0.542,7.015,17.44,4285.2,0
25.56,37.72,66.55,1800.8,1792.9,35.49,11.5,1.151,3.548,12.81,2311.5,0
27.79,37.48,80.59,1406.8,1563.2,43.56,119.7,2.082,4.974,13.79,5330.8,0
24.79,34.35,57.07,1049.3,1114.7,52.71,97.2,0.217,5.17,17.73,1248.1,0
27.67,38.25,76.11,1575.5,1558.6,38.68,1.2,0.852,2.655,16.76,3255.6,0
25.74,33.95,66.43,2113.2,2076.1,26.91,1.0,0.395,6.473,24.81,5916.7,0
26.78,38.04,63.51,1875.3,1814.0,30.91,19.5,1.571,3.211,11.96,2569.3,0
28.04,39.03,52.73,1642.0,1614.7,31.6,16.3,1.257,7.236,17.67,1553.0,0
28.76,39.28,67.93,1726.6,1743.1,35.42,24.6,2.615,4.019,14.09,2279.1,0
27.03,33.66,59.62,1797.8,1779.5,32.54,8.0,4.565,5.409,5.69,5110.3,0
25.22,34.96,78.63,1185.1,1240.5,50.29,7.4,1.166,6.735,20.26,1127.2,0
25.93,34.66,59.11,1619.7,1683.8,37.23,18.0,2.706,8.781,14.17,4670.3,0
28.12,39.25,71.05,1043.0,1074.2,52.61,46.0,0.561,4.736,20.4,4013.7,0
24.81,35.86,61.71,1950.5,1940.4,28.7,106.2,3.362,4.538,18.47,315.2,0
26.49,36.88,67.35,1677.7,1744.0,36.47,72.0,4.866,7.166,18.41,4392.6,0
26.08,34.88,69.27,1535.4,1541.5,41.04,10.5,1.315,5.883,13.74,3333.4,0
26.64,38.14,61.44,1365.4,1467.4,48.11,59.5,0.867,6.449,12.98,230.9,0
24.83,34.57,67.3,1095.4,1008.6,51.44,3.3,1.047,6.122,23.71,1716.3,0
23.15,34.95,62.35,1572.6,1583.7,34.62,5.0,0.706,5.46,16.71,1889.7,0
27.89,38.16,66.11,1040.4,1068.3,49.93,47.4,2.316,5.225,23.57,2009.8,0
28.78,39.29,70.52,2525.3,2618.3,23.18,55.7,1.876,8.063,15.33,752.2,0
23.27,32.81,71.44,1359.2,1347.7,48.71,37.0,0.623,3.566,17.06,5618.8,0
27.59,38.99,77.15,2121.2,2161.7,26.59,103.6,1.487,3.379,17.75,470.7,0
29.02,39.62,63.11,1336.4,1228.8,44.47,114.4,1.433,4.139,19.92,20.0,0
28.04,39.48,68.37,1146.6,1141.2,51.29,8.7,0.861,8.129,6.24,4881.7,0
26.02,36.19,71.14,1146.0,1185.6,48.87,20.0,3.061,8.627,13.64,5807.3,0
24.96,34.92,65.9,2684.8,2708.9,23.61,48.7,1.714,6.927,17.62,1928.2,0
27.01,37.61,65.53,1695.3,1682.9,35.53,41.6,2.045,2.767,21.47,1088.7,0
27.35,38.79,67.99,1324.1,1274.6,47.17,25.4,2.335,6.554,19.01,5790.4,0
27.04,38.06,67.44,1232.8,1231.2,46.88,47.4,2.78,5.433,13.72,3134.3,0
26.49,36.63,64.55,1484.1,1490.0,42.76,13.2,4.99,4.149,17.15,2820.4,0
24.68,32.83,52.37,3318.8,3321.2,17.98,33.1,2.079,7.74,26.21,3267.2,0
27.7,38.51,62.46,1161.5,1265.4,51.98,40.1,1.629,7.674,16.34,4932.1,0
27.79,36.35,62.16,1149.4,1109.3,53.76,25.4,6.217,4.913,15.62,1324.2,1
27.25,37.29,60.1,1439.4,1497.3,41.64,148.9,1.54,7.093,18.52,3801.4,0
27.07,36.96,76.43,1519.2,1544.4,42.29,253.0,4.08,4.696,14.73,3747.6,0
30.21,38.79,71.99,1207.2,1189.2,45.03,2.7,5.919,6.308,18.23,3723.8,1
25.6,35.97,68.89,1121.9,1161.8,54.6,2.9,2.911,3.538,17.48,4037.9,0
29.41,41.57,70.97,1381.8,1462.4,42.51,6.7,0.874,4.41,13.14,656.8,0
25.38,35.07,72.22,1471.8,1400.2,38.09,30.5,0.671,3.413,13.19,1317.2,0
29.07,39.83,66.07,1500.7,1616.7,43.82,5.9,0.829,4.891,23.09,2347.6,0
29.32,41.67,80.03,1616.6,1714.0,39.89,3.0,0.325,2.952,11.06,5706.4,0
26.26,37.13,68.61,1477.3,1532.1,40.0,2.5,0.227,9.607,11.42,4169.8,0
30.17,39.53,69.58,2900.8,2887.2,22.34,39.7,0.373,4.69,15.89,3890.0,0
27.79,38.03,63.66,1316.0,1286.2,45.23,49.4,0.781,6.08,11.75,649.4,0
25.1,35.58,72.93,1290.6,1416.4,51.71,45.0,1.829,6.382,17.79,2867.1,0
26.1,37.54,60.7,1222.5,1271.9,50.2,114.9,0.764,3.179,16.53,693.8,0
29.12,40.33,78.56,1133.6,1199.9,49.51,59.0,5.15,6.335,18.41,3077.2,0
28.7,35.93,56.16,1603.1,1715.5,39.47,49.2,0.255,4.473,20.07,2284.4,0
24.73,33.88,58.2,1391.9,1476.4,41.46,127.8,3.156,5.875,17.07,1087.0,0
26.57,36.5,62.47,1194.3,1185.9,51.91,75.7,2.151,5.471,20.08,592.7,0
27.26,36.24,61.5,1157.6,1121.1,48.67,0.0,0.858,5.099,8.19,3696.8,0
25.83,32.13,60.49,965.3,929.3,54.86,23.9,3.814,4.687,16.74,2279.3,1
31.57,40.84,70.24,1763.8,1757.9,33.27,98.9,4.33,7.464,8.14,3794.6,0
27.32,37.31,63.6,1976.4,1920.2,33.21,10.8,1.391,7.742,16.71,1197.3,0
26.73,36.2,66.22,1718.5,1731.1,36.67,9.1,0.619,6.467,20.77,4271.0,0
29.23,38.23,66.87,1870.3,1801.2,30.57,52.2,0.725,6.102,10.2,5496.8,0
26.12,36.16,77.11,2307.2,2380.0,26.79,78.1,1.213,4.155,7.58,1406.3,0
28.86,39.21,79.18,1355.4,1444.0,44.69,23.9,5.229,6.241,12.51,1256.8,0
23.51,33.05,59.37,1310.3,1343.4,44.01,56.8,0.825,4.912,18.62,1381.9,0
25.94,37.31,64.85,1493.0,1525.7,42.46,16.4,3.499,2.853,16.13,4328.6,0
28.95,39.01,58.45,1359.0,1409.2,43.54,35.7,0.984,4.749,13.05,3184.2,0
29.99,39.12,62.26,2145.0,2100.6,25.36,25.3,0.733,5.278,16.2,5663.5,0
25.3,34.18,66.78,1665.8,1628.1,35.2,25.5,1.336,6.962,9.32,162.2,0
25.07,34.86,69.36,1640.1,1666.4,37.07,47.7,0.244,5.824,16.0,2336.1,0
27.98,39.1,60.64,1499.7,1400.4,40.49,33.2,2.248,5.32,12.48,1350.8,0
25.6,34.78,56.71,2265.8,2282.2,25.4,92.3,1.455,5.353,18.57,263.0,0
26.31,36.91,58.8,1923.8,1984.3,30.72,106.5,1.851,6.938,9.57,5285.1,0
28.6,38.7,68.27,1635.3,1598.0,35.64,49.6,3.793,4.009,15.6,4850.7,0
25.76,37.76,68.92,1031.9,1080.9,50.58,110.2,1.217,5.73,14.03,2016.4,0
22.92,33.31,63.59,1416.6,1442.1,42.62,5.7,1.328,7.235,19.47,2780.0,0
24.25,33.55,54.44,1179.7,1174.7,50.22,124.3,2.518,5.686,12.16,3919.9,0
26.87,37.61,70.56,1535.4,1496.4,38.78,21.1,0.54,5.245,7.22,1571.8,0
23.12,33.89,70.28,1576.8,1576.9,40.01,0.3,0.257,5.235,17.72,3243.9,0
26.26,35.86,58.93,1327.5,1321.0,44.99,24.5,0.453,2.695,10.16,3052.4,0
24.07,32.9,60.65,1557.8,1568.2,38.23,41.6,0.593,5.794,14.67,4658.4,0
30.13,40.67,69.49,1873.3,1856.6,33.75,38.2,3.339,3.656,16.74,2336.9,0
31.18,41.24,65.32,2532.1,2505.4,25.1,6.4,1.374,5.652,6.17,4622.6,0
24.73,33.22,59.97,1804.4,1799.5,34.02,45.5,1.622,4.647,10.66,1307.5,0
27.36,37.62,66.56,1190.5,1209.9,48.36,32.2,1.824,8.461,19.49,3484.0,0
24.93,34.29,73.59,1115.9,1188.6,52.61,23.8,3.504,5.045,18.99,849.0,0
26.23,34.72,77.16,1809.7,1851.2,32.27,10.6,1.505,2.203,14.71,2920.1,0
30.46,40.1,73.97,2740.7,2688.3,22.66,23.2,0.472,5.401,10.82,5377.2,0
25.92,37.2,61.09,1148.6,1172.3,49.27,47.8,1.596,3.404,25.7,1869.9,0
26.28,37.49,57.52,1424.5,1472.2,40.69,7.9,5.088,6.128,16.49,2901.2,0
24.96,35.91,64.46,2158.3,2222.3,26.53,42.8,1.07,6.86,18.58,2126.3,0
29.14,39.41,72.38,3342.3,3338.3,8.89,52.8,5.61,4.516,13.71,5801.2,1
20.32,30.92,52.97,1860.1,2005.2,30.37,18.8,1.936,5.986,10.87,1922.5,0
25.96,36.06,74.58,1650.8,1674.3,35.37,51.7,3.944,5.874,19.33,1853.6,0
26.76,35.65,71.59,2133.0,2116.0,28.48,28.9,0.88,3.932,14.37,3966.8,0
25.53,34.62,65.43,1302.0,1231.8,46.92,10.6,0.751,4.77,16.07,1148.0,0
28.58,37.97,59.91,1940.9,1988.2,31.87,34.7,0.12,7.601,14.44,417.8,0
29.25,40.66,72.94,1453.4,1432.8,40.12,17.2,1.124,5.25,20.96,2597.1,0
24.03,35.1,57.64,943.4,876.4,63.73,59.2,0.635,5.004,14.34,589.7,0
31.04,39.96,76.0,1531.9,1526.5,41.17,83.5,0.95,5.75,17.26,4907.3,0
24.0,34.06,54.06,1620.6,1718.0,38.84,1.3,2.027,5.035,15.74,5098.7,0
29.43,39.02,73.62,1562.0,1554.6,39.07,31.4,0.116,5.264,9.29,3486.6,0
27.15,36.99,65.27,1245.1,1219.3,46.69,1.4,2.151,6.209,11.75,1185.3,0
25.84,35.31,55.82,1289.7,1249.9,45.45,17.3,0.927,5.741,16.27,2796.2,0
26.03,37.44,73.39,2002.0,2110.8,29.96,1.7,3.164,9.493,13.44,4711.3,0
26.78,36.76,71.03,1546.5,1526.4,35.89,9.8,3.204,7.965,14.08,2917.1,0
27.27,37.48,59.34,1769.6,1772.9,33.33,141.0,1.173,5.585,21.01,4117.6,0
25.01,35.23,68.24,1414.6,1450.2,37.17,23.2,0.84,5.944,13.82,3890.9,0
26.38,35.35,57.35,1018.5,939.5,58.27,21.6,1.569,3.872,23.79,956.1,0
25.31,35.42,66.38,1305.8,1264.5,46.17,25.6,3.121,4.591,14.14,659.0,0
24.42,35.48,64.28,1360.7,1352.1,39.2,6.8,2.606,5.487,12.7,3691.2,0
25.22,36.69,60.98,1220.0,1191.5,52.45,61.2,5.39,7.061,21.2,3541.0,0
24.55,33.4,67.64,1447.4,1432.9,41.88,13.3,0.77,6.047,16.25,2070.4,0
26.01,34.49,64.78,2206.3,2324.5,23.62,135.5,0.863,5.879,20.64,296.7,0
27.71,37.78,58.27,976.9,1057.8,56.64,18.9,3.293,4.956,10.36,4979.4,0
27.09,38.2,50.87,1530.1,1452.4,38.44,11.0,1.186,3.638,6.87,4758.9,0
30.8,41.16,67.95,3342.3,3330.1,17.44,26.8,0.596,4.471,4.57,2643.0,0
22.43,33.11,52.75,2568.6,2632.6,24.0,15.0,0.84,4.681,9.25,2782.4,0
27.79,36.43,73.58,1092.9,1082.3,51.28,9.2,1.705,6.393,9.58,2421.4,0
26.86,36.29,78.88,2509.8,2461.4,24.17,87.7,4.901,7.833,17.21,515.8,0
28.48,36.29,59.74,1143.2,1202.5,53.49,21.8,7.294,4.649,15.41,1818.5,1
28.28,38.14,55.35,1424.1,1436.5,40.81,74.5,3.058,5.724,13.71,295.6,0
26.52,34.36,65.84,1197.5,1144.8,47.14,4.0,5.422,8.555,10.89,254.2,1
27.2,38.53,65.49,1562.6,1531.4,37.43,7.5,1.052,5.244,18.56,905.3,0
25.36,36.92,71.79,1266.4,1253.0,45.23,40.5,4.784,6.806,17.82,4229.4,0
28.08,38.22,67.47,1283.1,1249.4,43.17,4.6,0.94,3.521,8.58,3175.9,0
23.09,31.58,58.35,1293.5,1244.7,39.61,0.5,6.283,9.026,14.78,5183.8,1
28.4,38.78,69.7,2059.5,2095.6,29.35,9.2,1.999,4.525,11.76,2678.8,0
26.8,38.66,55.68,1455.6,1423.5,43.59,74.4,0.866,4.301,22.01,5196.6,0
25.88,36.35,67.96,2682.5,2595.7,21.83,83.3,2.338,8.201,15.88,3899.3,0
26.38,37.57,59.1,1281.3,1325.2,49.32,52.1,2.097,6.913,14.96,1086.2,0
26.53,36.05,63.69,1480.9,1490.1,41.97,1.3,0.198,4.292,15.84,225.6,0
29.44,38.57,69.78,1217.7,1190.5,44.64,20.4,1.254,6.179,15.77,1661.8,0
33.32,43.25,68.17,3342.3,3384.6,13.83,92.8,1.674,6.367,16.09,3486.7,0
29.29,37.36,67.64,2039.9,2042.3,28.74,63.8,1.886,3.719,6.51,4908.3,0
25.72,37.98,58.9,1762.1,1778.9,34.94,82.3,0.816,3.868,15.01,5347.8,0
28.11,38.25,64.01,1308.1,1308.6,46.74,7.2,1.286,6.94,26.72,817.4,0
28.2,39.06,65.52,1871.4,1882.1,30.57,120.9,1.056,6.493,11.17,9.6,0
25.0,34.54,73.96,880.2,888.1,65.48,3.2,1.113,3.806,18.72,5347.2,0
24.33,32.79,65.88,1607.0,1642.2,37.37,27.8,4.339,5.346,17.44,3782.2,0
26.72,38.15,62.6,1911.7,1870.8,29.84,32.5,4.076,6.599,14.61,1633.8,0
28.47,37.34,65.27,1574.6,1569.8,38.13,2.8,0.459,5.738,11.24,5631.5,0
23.63,33.98,60.28,2038.9,2063.3,30.49,80.5,1.474,5.035,17.17,3460.2,0
25.41,35.85,66.64,2036.0,1971.2,28.16,56.9,2.677,4.363,13.48,5846.0,0
28.0,38.07,77.8,1265.9,1280.0,50.11,32.3,0.777,6.271,14.59,3949.9,0
26.93,36.15,53.51,1475.8,1466.4,45.13,105.7,1.454,5.382,16.76,695.6,0
29.68,39.53,53.61,1309.2,1345.2,45.16,39.0,0.562,5.337,11.2,4397.7,0
24.03,33.08,64.84,1067.1,1073.4,52.77,26.5,0.479,5.665,13.52,2188.0,0
31.55,42.36,77.41,1374.0,1411.5,44.87,67.2,1.525,6.865,17.85,1960.3,0
23.77,34.35,69.32,2043.1,2098.3,29.33,12.8,0.467,2.532,14.85,1153.5,0
22.79,32.77,59.45,1350.9,1283.7,47.09,33.8,1.78,4.737,7.69,2061.0,0
26.73,36.16,66.62,2071.3,2099.6,28.73,32.2,1.62,5.999,16.57,5091.3,0
24.58,36.69,67.93,1683.7,1761.1,35.22,26.2,2.037,5.798,17.31,917.0,0
26.77,35.47,69.89,1504.5,1510.5,39.54,1.7,0.435,8.444,17.73,602.0,0
26.7,35.16,68.99,1496.3,1518.0,38.53,25.9,0.28,6.004,14.16,5091.8,0
26.46,36.38,66.62,2815.0,2809.1,22.09,4.0,5.849,7.391,11.18,1333.9,0
25.17,34.91,76.02,1961.8,2000.1,30.32,82.3,1.334,6.764,10.09,2061.2,0
27.72,38.81,72.95,1441.8,1454.3,39.77,14.8,2.264,7.198,13.42,5631.6,0
26.22,36.86,59.72,1840.8,1919.2,33.89,3.3,1.563,5.214,17.91,4386.0,0
29.06,39.09,73.78,1333.7,1357.9,51.26,9.3,1.252,3.837,12.19,2850.3,0
26.49,36.99,68.02,1193.8,1114.9,52.97,36.1,1.602,8.438,22.23,2220.2,0
24.92,35.4,72.54,2052.5,2076.4,28.8,74.5,0.782,5.624,12.64,289.8,0
23.47,35.58,62.76,1370.2,1352.3,40.6,26.2,1.447,5.254,20.6,3192.3,0
26.51,36.76,70.9,1017.5,1016.9,55.83,3.5,2.928,3.941,16.6,2242.6,0
24.31,33.63,68.27,1673.8,1605.6,38.66,0.7,1.265,6.508,12.87,330.3,0
24.15,34.35,71.64,1474.7,1402.0,35.93,25.9,4.626,1.414,10.32,354.6,0
27.9,35.29,60.13,1079.9,1083.3,48.6,46.7,6.153,3.798,18.04,756.3,1
23.29,33.26,71.49,1517.4,1612.7,37.26,12.2,0.645,2.946,14.47,1619.9,0
29.67,40.77,58.41,1095.7,1007.2,52.71,6.4,2.322,3.722,12.01,4303.1,0
27.17,37.77,58.55,1826.4,1774.9,34.05,27.8,3.205,5.004,15.22,4922.3,0
26.76,37.06,65.52,1796.8,1797.6,35.25,3.3,1.04,6.521,15.93,5143.5,0
24.78,35.43,75.39,1243.0,1318.8,47.9,80.0,1.833,5.129,11.44,5754.5,0
28.38,39.48,70.68,1383.4,1392.2,41.01,116.4,0.436,6.938,15.42,3723.4,0
26.84,38.27,50.41,1387.3,1310.1,41.08,41.3,1.712,8.867,6.25,4637.3,0
25.48,35.93,67.85,2713.6,2659.1,20.91,0.5,0.998,5.877,9.56,3703.0,0
27.25,36.93,64.07,1702.3,1658.6,36.47,37.4,0.475,7.064,18.66,1316.9,0
23.48,31.17,64.66,1408.0,1404.6,48.64,29.0,1.053,6.718,13.43,2051.0,0
23.58,34.56,69.3,1854.1,1902.2,32.16,15.9,1.786,6.124,17.6,1618.6,0
24.61,35.12,66.42,1270.1,1331.5,47.01,84.7,5.306,3.577,17.13,5216.9,0
27.55,37.7,67.16,1289.5,1257.5,42.68,19.8,2.822,5.508,18.82,3935.9,0
26.84,36.16,72.52,1623.9,1641.9,38.0,13.0,3.891,4.201,17.68,617.8,0
28.95,39.91,72.94,1136.0,1164.2,53.58,2.3,3.25,6.149,18.46,3665.0,0
25.01,34.75,66.62,1629.9,1721.0,36.6,62.5,2.461,6.08,9.03,4205.9,0
28.0,37.96,65.46,1522.3,1571.9,37.3,81.4,1.157,4.837,21.48,4729.9,0
26.62,36.57,64.44,1643.4,1566.3,37.89,8.2,1.908,6.572,17.34,440.6,0
24.96,35.41,62.29,1364.3,1477.1,40.81,30.2,0.613,4.989,24.92,4107.9,0
27.62,36.47,66.32,1221.8,1256.5,47.67,46.7,1.875,6.061,14.32,8.0,0
26.72,37.28,65.18,2443.0,2493.1,25.27,8.2,1.892,3.746,11.56,2700.6,0
25.59,34.87,66.16,1254.9,1273.5,48.68,33.3,1.337,3.16,19.5,4560.9,0
26.93,36.25,63.08,1457.1,1442.2,40.68,11.5,1.349,7.752,18.38,1730.6,0
26.59,37.48,70.59,1400.1,1424.9,45.54,0.9,1.241,7.15,8.11,5248.6,0
26.54,35.55,61.14,747.1,764.5,63.92,9.5,2.228,6.272,14.67,5536.6,0
26.02,36.91,65.55,1818.5,1734.3,34.88,113.3,1.892,4.238,12.45,378.5,0
24.24,34.34,64.89,2159.9,2194.7,27.75,176.8,3.607,4.104,12.92,5016.7,0
27.0,35.35,71.59,1428.6,1413.6,41.94,47.7,4.134,3.521,15.27,3605.0,0
25.24,36.61,60.6,1476.2,1498.0,43.52,75.7,1.686,5.301,11.28,1722.6,0
24.81,35.12,63.82,1297.1,1381.2,48.72,19.8,1.122,6.137,19.32,1282.0,0
26.37,36.76,75.26,1657.9,1587.6,34.62,34.8,1.169,4.808,11.78,3042.3,0
28.32,39.33,70.96,1876.8,1751.3,31.7,26.1,0.592,7.803,11.78,4956.4,0
27.22,38.72,72.74,2172.9,2150.8,24.67,14.3,0.92,2.216,9.91,3054.5,0
25.79,35.99,54.66,2075.3,2040.2,26.33,31.4,2.705,6.728,16.19,55.0,0
25.71,36.32,64.6,1705.6,1693.9,35.84,22.3,2.303,5.32,10.28,4083.8,0
28.12,38.49,61.72,1485.5,1557.0,38.83,57.0,1.29,5.608,17.26,3325.1,0
22.06,31.71,57.84,957.3,925.2,60.65,54.5,3.465,1.189,19.42,815.3,0
28.44,36.86,65.87,2573.3,2588.1,23.07,21.4,1.514,4.395,12.96,1626.5,0
23.1,33.32,64.14,1420.4,1410.4,43.35,27.2,2.142,3.689,20.78,3746.8,0
24.02,35.4,64.21,1679.8,1724.6,32.74,39.3,0.774,7.446,13.87,2527.5,0
25.82,36.4,65.03,1392.1,1433.5,42.23,9.8,2.437,4.568,19.61,582.2,0
31.19,40.12,71.57,1839.4,1905.2,34.47,35.5,0.316,2.644,18.28,5011.6,0
30.2,41.3,70.77,1096.0,1041.1,50.35,31.5,1.417,5.98,12.44,3428.1,0
28.26,37.95,71.84,1107.3,1162.6,50.29,57.9,1.233,6.97,15.42,1723.2,0
27.56,35.47,62.12,1730.9,1739.4,38.87,43.2,1.766,6.508,15.91,3659.1,0
23.13,34.14,71.72,1018.8,985.5,54.39,28.5,5.228,5.436,11.46,3358.9,0
27.16,36.22,72.55,1272.4,1264.5,47.6,12.7,0.949,6.626,10.56,458.8,0
25.75,37.53,61.91,1151.1,1165.0,53.93,15.1,2.139,3.991,12.69,2346.2,0
25.22,36.36,67.84,1447.3,1458.3,39.57,9.4,2.407,5.936,12.14,3496.0,0
27.16,36.93,72.35,1231.7,1248.6,49.52,7.1,2.504,6.195,5.12,152.2,0
25.91,36.37,67.61,1787.6,1840.6,32.32,16.1,1.28,5.502,23.63,4518.3,0
28.59,41.01,77.77,1907.4,1987.7,31.3,36.0,0.53,4.911,13.07,3049.2,0
22.98,33.98,67.35,1058.0,1095.1,61.8,0.6,1.846,4.076,20.17,5412.6,0
27.0,37.24,70.29,2010.9,2000.1,29.14,30.6,1.118,4.568,17.35,965.6,0
25.09,37.98,70.28,1571.2,1543.1,35.64,126.8,1.942,7.123,11.97,518.2,0
26.03,36.15,74.22,2925.7,2924.5,21.02,125.7,0.923,4.396,18.3,1454.7,0
27.46,38.04,69.03,1722.3,1766.7,31.54,34.7,2.127,4.949,11.57,4010.2,0
24.62,33.68,73.39,2219.0,2279.4,30.06,27.0,3.878,6.487,22.73,4532.0,0
27.18,35.5,71.22,1913.5,1892.0,33.3,52.2,0.82,3.45,12.37,2046.0,0
26.43,36.14,65.21,1402.0,1345.4,43.0,4.1,2.076,4.236,11.94,3418.5,0
25.53,35.57,54.12,1292.5,1283.1,45.41,33.6,1.464,2.729,19.81,2125.5,0
25.91,36.24,64.25,2083.4,2096.4,29.93,11.7,2.48,8.656,14.74,88.9,0
26.54,35.12,57.69,1839.4,1802.1,32.1,27.8,0.71,4.996,21.39,665.9,0
25.31,35.98,68.82,1170.8,1130.5,50.84,18.4,0.269,6.406,11.46,5861.1,0
26.86,36.03,58.55,1093.2,1026.6,57.05,12.8,1.143,8.782,23.36,655.7,0
26.29,36.9,65.87,1064.1,1028.8,52.56,141.2,2.333,3.457,10.35,5631.8,0
25.63,36.56,58.66,2418.0,2439.8,23.54,3.6,1.283,5.322,17.12,2179.1,0
30.03,39.63,68.76,1158.5,1142.8,51.89,108.7,0.5,4.604,12.2,5616.3,0
27.68,36.72,67.25,978.9,1002.1,58.54,53.1,1.933,4.994,14.8,2680.4,0
26.08,37.63,59.94,2326.2,2317.7,23.04,11.8,1.177,5.556,20.14,321.8,0
27.14,38.01,64.66,1208.4,1137.3,50.83,38.6,1.141,7.612,11.85,3791.5,0
24.8,34.95,51.99,1430.9,1406.9,42.25,60.6,1.704,6.367,22.06,3749.6,0
25.98,37.44,67.03,1585.1,1619.2,36.73,23.5,3.832,7.976,18.0,746.9,0
26.21,36.29,77.04,1399.1,1410.7,41.06,83.3,0.521,5.63,7.52,4844.3,0
24.36,33.74,66.62,1443.1,1333.9,44.43,5.9,1.392,4.649,13.62,925.9,0
27.62,36.62,68.11,1109.7,1156.4,51.58,15.9,2.906,7.177,15.5,153.6,0
25.84,35.73,75.27,1126.6,1081.6,51.06,12.4,3.986,4.602,15.74,5123.6,0
26.14,36.91,66.31,2621.8,2580.8,24.93,72.1,3.353,5.618,11.03,5970.5,0
25.71,37.1,63.7,1881.5,1962.2,33.51,6.7,0.636,6.346,12.54,5546.2,0
32.77,42.79,67.41,1631.0,1531.0,40.94,46.9,1.265,6.828,10.03,560.1,0
25.52,36.74,66.55,1120.9,1087.0,55.72,56.1,1.137,5.394,21.15,1992.7,0
22.71,32.5,59.65,3342.3,3433.7,12.73,26.0,0.562,6.609,7.98,5790.9,0
23.65,32.87,58.82,1696.0,1757.9,33.89,106.4,1.602,4.495,8.07,5951.6,0
28.37,37.06,70.19,2319.3,2472.6,24.72,12.9,0.862,4.999,11.59,4402.1,0
29.52,39.02,79.07,2297.6,2286.8,26.31,20.5,0.883,6.282,12.66,2964.5,0
25.49,34.22,62.2,1096.8,1113.8,49.86,50.8,8.413,5.525,12.41,2473.0,0
29.41,41.42,68.32,1682.5,1736.7,34.68,33.0,1.107,4.465,14.04,2924.7,0
28.33,38.77,69.52,3342.3,3274.3,16.66,37.5,2.241,6.8,19.58,3187.6,0
26.47,36.38,68.91,1677.3,1677.5,38.42,15.3,0.89,5.814,11.56,4997.3,0
26.33,38.05,67.93,1034.1,1001.3,60.36,4.3,0.696,3.271,12.61,3810.1,0
27.21,35.91,65.38,2881.8,2827.1,21.93,1.1,0.97,6.136,17.76,706.4,0
28.6,38.47,74.25,1241.2,1199.3,45.33,2.4,1.238,6.278,21.37,1732.4,0
27.64,39.64,69.39,1015.3,1040.3,55.68,19.9,1.854,5.43,18.18,4540.3,0
25.5,35.35,57.54,1482.7,1455.3,39.51,12.1,1.875,5.878,6.24,2222.3,0
26.5,38.95,72.0,1065.9,1077.7,59.28,4.7,1.367,7.276,15.26,4521.9,0
30.81,41.6,75.07,1803.6,1808.0,33.4,26.9,0.227,2.889,20.2,511.9,0
27.35,38.66,66.35,1010.8,1030.9,54.46,21.3,3.117,6.808,6.82,3678.9,0
28.59,39.92,64.25,1157.3,1229.4,52.1,2.7,0.475,1.816,15.05,5317.7,0
27.93,37.93,58.86,1362.2,1315.2,39.67,91.4,2.72,4.407,13.73,885.3,0
27.4,36.91,74.4,2500.5,2517.6,25.13,53.4,1.692,2.795,23.41,2852.0,0
27.07,36.95,71.27,1698.2,1743.0,29.98,33.4,2.426,7.65,16.41,1607.4,0
28.64,37.66,71.88,3342.3,3315.0,16.56,21.5,3.778,5.027,17.35,264.7,0
28.29,38.22,74.74,1349.1,1425.8,45.94,36.6,3.54,5.464,19.62,5318.7,0
27.38,37.37,58.56,1348.9,1306.4,44.74,7.3,1.639,5.04,3.88,2910.4,0
25.46,37.15,63.97,1455.9,1521.8,40.79,13.1,2.55,5.267,17.24,4959.7,0
27.62,38.21,66.69,1529.8,1571.4,38.77,112.1,1.432,5.296,11.95,201.5,0
26.72,39.08,66.65,1088.6,1070.6,53.58,1.2,1.419,6.834,10.49,2689.0,0
26.23,34.07,63.95,1312.6,1408.3,42.98,82.4,6.083,6.635,14.94,4298.0,1
32.21,40.99,66.71,1773.5,1716.2,34.45,50.6,3.122,4.346,14.07,1297.3,0
23.77,33.42,70.29,1333.4,1352.5,41.47,14.6,2.272,2.934,16.32,1268.4,0
28.77,40.26,64.05,960.7,893.1,60.48,80.6,2.31,7.304,18.46,1374.9,0
25.12,35.02,59.09,1242.8,1244.6,46.22,57.8,1.152,6.207,21.1,1231.8,0
27.11,35.64,59.57,1596.3,1575.0,36.1,68.2,2.875,5.055,11.84,5217.0,0
31.99,41.74,75.52,1514.3,1479.6,39.56,38.3,2.918,7.035,14.9,5743.7,0
24.93,33.73,61.67,1237.1,1260.7,44.63,19.9,0.405,8.772,4.24,5751.9,0
25.4,34.01,57.39,1803.2,1814.4,35.79,42.8,5.137,5.564,11.43,1180.5,0
26.81,38.81,61.58,1885.2,1910.6,34.9,84.9,1.095,7.512,16.68,1729.2,0
25.16,34.8,60.47,1465.4,1454.4,39.89,8.7,2.332,5.564,18.07,2454.2,0
28.62,38.79,65.3,1180.4,1129.3,55.19,55.4,0.764,8.18,25.87,1120.5,0
25.78,35.69,63.18,1365.0,1404.6,47.91,28.1,1.172,5.691,14.13,1542.5,0
28.16,37.91,71.77,1548.9,1606.4,35.9,16.3,3.735,4.872,11.77,2458.0,0
24.19,33.35,76.26,1214.9,1206.9,48.69,2.4,0.728,7.526,14.49,4610.5,0
23.24,32.93,62.41,1567.3,1625.0,40.09,4.6,2.03,5.709,14.16,2053.0,0
26.39,36.73,62.16,1432.9,1535.2,43.45,174.1,1.379,5.565,10.81,3291.0,0
23.71,35.13,52.58,1475.5,1549.7,42.54,56.8,0.321,6.784,16.91,4485.8,0
29.89,40.83,62.7,3342.3,3362.3,18.9,28.6,2.51,5.38,9.57,4985.5,0
23.79,32.57,54.45,3342.3,3315.4,9.53,15.6,4.729,3.357,17.37,4786.9,1
24.77,35.76,62.84,1199.2,1143.2,42.27,42.3,1.603,4.991,15.6,1631.0,0
27.68,38.15,65.51,1963.5,2003.2,31.47,145.0,2.89,4.584,16.26,3734.3,0
25.68,35.05,65.17,2488.9,2462.7,23.61,63.9,1.23,4.205,17.76,777.2,0
23.81,34.0,70.4,2143.3,2183.8,31.78,1.4,1.186,7.082,21.0,888.4,0
30.93,41.5,83.54,1311.8,1265.6,49.25,0.8,3.013,4.779,15.23,503.8,0
24.85,34.89,63.6,1347.2,1416.2,43.58,57.3,1.218,4.803,15.21,5903.5,0
26.46,36.94,68.59,1269.9,1246.0,47.72,3.8,3.614,5.392,16.38,1351.0,0
26.43,35.57,71.9,1308.1,1255.6,44.53,14.1,4.612,6.004,13.62,5081.5,0
28.27,40.26,65.57,1813.9,1820.8,30.81,44.2,1.504,6.22,19.65,3542.9,0
27.77,35.85,65.25,1276.6,1235.7,47.77,3.5,5.398,6.114,10.85,5251.2,1
25.2,35.77,60.51,1155.9,1114.4,45.86,32.3,3.894,5.734,16.76,5252.6,0
26.2,36.57,74.0,1625.6,1668.0,38.83,12.0,0.427,3.767,13.86,547.5,0
26.4,37.04,65.58,1434.6,1411.2,40.59,7.4,1.096,6.243,17.35,3563.4,0
28.35,37.64,70.08,1105.4,1148.9,47.92,118.7,2.204,4.038,11.8,5687.5,0
24.51,35.68,79.86,1809.5,1835.4,32.51,16.8,2.112,7.217,23.75,2036.9,0
30.89,40.78,68.99,1046.0,1044.2,50.88,80.2,2.372,5.092,17.61,2901.0,0
25.33,34.15,64.71,1349.3,1344.3,45.65,0.2,1.497,3.551,13.86,45.2,0
26.83,35.74,70.9,1531.4,1505.1,40.02,31.6,1.509,5.84,15.92,650.7,0
24.53,34.65,72.27,1070.6,1041.4,55.31,110.5,2.936,6.662,15.55,5263.8,0
24.25,32.66,60.11,2229.4,2245.2,27.06,96.2,2.501,4.997,17.03,1194.5,0
25.1,36.9,69.57,1698.6,1735.2,35.4,31.7,0.108,6.468,15.15,266.6,0
24.91,35.96,71.22,1804.6,1838.8,33.18,93.2,2.69,7.633,19.69,3364.9,0
26.02,37.85,72.03,1143.5,1216.8,43.58,10.8,1.509,5.997,4.0,4093.2,0
24.89,36.61,63.94,1182.0,1187.5,51.82,83.5,2.019,3.564,12.43,1857.7,0
28.24,37.89,66.26,1863.4,1949.5,30.17,50.0,0.254,5.465,15.27,3036.3,0
25.28,34.41,59.42,867.4,871.0,73.05,8.2,2.352,4.768,9.39,1509.4,0
25.06,32.38,57.43,1842.6,1859.0,33.37,63.4,0.263,2.593,16.78,729.5,0
26.06,35.66,67.43,1355.6,1483.5,43.61,7.5,3.08,3.444,18.67,4263.6,0
28.84,40.6,71.78,1506.9,1560.6,40.03,9.0,2.722,8.218,22.68,4283.5,0
27.28,36.45,55.7,1558.7,1572.3,40.46,71.9,0.716,4.936,18.83,4648.6,0
26.65,36.44,69.01,1777.9,1819.0,32.08,18.9,0.941,5.206,17.04,1565.8,0
23.98,33.43,65.99,1175.8,1193.4,50.68,40.4,1.335,3.66,17.59,5088.1,0
24.56,34.94,69.07,1808.3,1913.4,31.46,0.6,1.475,8.512,13.38,2900.7,0
24.29,35.58,62.15,2340.8,2328.0,22.31,42.8,2.263,6.102,12.83,4811.6,0
29.46,37.92,55.6,2014.7,1954.5,28.78,32.5,0.699,4.987,15.29,2478.3,0
27.91,36.56,76.54,1208.0,1206.2,54.45,63.1,1.282,6.684,17.51,5744.1,0
25.13,36.61,63.44,1091.2,1071.2,52.5,12.6,2.84,7.446,11.56,674.0,0
25.72,36.45,47.15,2972.2,2953.6,19.93,62.1,0.25,2.397,18.82,3785.5,0
25.2,34.94,66.37,1319.6,1257.5,48.14,60.3,2.844,7.343,16.53,5602.9,0
25.08,36.79,71.39,3100.9,3157.7,20.18,23.7,0.726,4.167,16.55,3657.4,0
27.77,36.41,60.07,1568.9,1605.8,39.73,29.7,3.143,3.03,12.06,3548.5,0
26.27,37.21,70.27,2170.6,2268.8,27.92,46.6,0.797,8.566,16.01,234.7,0
31.01,40.94,71.48,1243.2,1271.0,48.91,25.5,0.816,6.015,20.6,5419.3,0
29.35,39.96,69.2,1276.6,1331.5,45.55,15.4,1.494,4.512,19.08,1247.8,0
29.47,37.08,62.88,1302.8,1302.4,49.8,11.3,5.185,9.164,17.88,755.1,1
28.19,37.93,77.94,1466.7,1443.7,37.05,44.8,1.384,4.79,12.34,1614.5,0
26.0,36.74,65.22,1614.0,1574.0,38.09,71.2,1.041,3.982,13.61,5257.3,0
28.05,37.98,73.08,2424.0,2484.3,25.01,29.3,2.565,6.831,15.04,937.9,0
26.15,37.41,63.49,2033.2,2074.5,29.7,32.3,0.728,3.122,13.79,1073.4,0
30.11,41.33,77.17,1235.3,1269.8,49.49,75.8,2.488,5.562,18.68,282.5,0
27.66,36.7,67.64,1562.9,1536.5,43.67,82.7,1.122,3.345,8.05,232.6,0
27.37,38.2,78.49,1568.7,1656.0,41.04,1.0,2.38,3.826,11.96,1060.5,0
27.1,36.11,62.24,1164.5,1153.7,52.62,21.2,0.663,6.379,15.75,5260.9,0
30.33,40.38,73.2,2084.7,2085.7,27.0,103.8,1.728,4.048,10.99,110.2,0
23.98,34.64,61.48,1076.5,1060.8,47.2,117.4,0.579,6.708,10.89,1631.8,0
30.53,39.69,61.07,2202.1,2218.5,28.21,83.4,1.141,2.255,17.97,3089.8,0
26.48,37.26,61.91,1159.7,1219.8,54.78,29.9,2.145,5.169,13.13,1177.5,0
24.04,33.53,59.39,1391.2,1400.9,45.44,31.5,1.336,4.668,10.51,3659.2,0
25.35,34.76,74.64,1095.4,1092.8,49.65,8.3,4.025,5.129,12.72,120.2,0
23.55,34.26,62.22,1832.5,1783.9,32.98,23.1,1.072,4.844,12.35,2718.3,0
28.16,37.32,64.6,959.3,1043.9,61.82,13.6,2.347,6.055,21.6,1361.9,0
24.77,33.89,69.35,1035.5,966.5,59.99,50.9,0.764,6.124,10.22,5704.0,0
27.19,38.23,80.39,1527.2,1465.2,44.3,11.2,3.999,4.893,17.41,4161.2,0
29.12,39.23,74.71,1142.3,1170.3,51.75,8.7,3.238,4.715,19.63,3701.1,0
25.51,34.05,71.88,1698.7,1693.4,36.98,16.5,1.825,6.113,14.34,1808.1,0
26.31,37.17,61.62,2169.9,2195.7,27.32,126.0,1.628,6.292,9.79,2139.5,0
24.24,33.84,64.17,1306.1,1303.6,47.96,37.3,1.371,2.172,20.17,4898.8,0
26.07,34.67,49.94,1954.8,1883.0,30.81,63.5,2.25,3.421,15.16,167.0,0
32.0,39.49,78.9,1033.1,957.8,53.1,30.9,7.092,4.345,17.1,2805.6,1
28.41,39.31,71.12,1241.0,1156.0,50.48,41.4,0.43,4.794,10.94,3621.6,0
26.32,35.46,69.9,1346.8,1461.8,42.35,34.5,1.909,2.553,15.02,5506.8,0
25.63,34.38,75.02,1434.9,1381.5,41.79,14.8,0.211,6.167,11.38,637.8,0
26.76,37.4,62.67,1043.0,1021.4,49.89,23.7,2.153,4.001,6.13,2499.4,0
27.11,37.92,67.63,1300.6,1355.4,42.75,20.6,1.994,6.546,9.43,5606.2,0
26.01,35.22,61.48,1737.9,1787.2,35.96,61.5,0.458,4.464,7.77,784.0,0
27.91,38.82,74.08,2483.1,2445.3,24.85,52.3,0.657,6.791,15.72,2777.4,0
24.94,37.0,71.69,1299.8,1272.2,49.59,128.8,1.21,4.932,12.37,3581.5,0
24.93,36.28,69.83,1362.4,1358.0,43.66,26.0,0.767,5.158,20.73,1055.7,0
27.59,38.78,68.74,894.3,861.3,67.56,9.0,0.355,6.475,17.29,4355.9,0
24.51,34.83,67.14,1433.4,1467.4,39.04,74.8,0.71,4.736,16.11,722.2,0
28.31,37.86,63.09,1415.5,1561.7,43.02,42.4,2.809,2.982,21.87,3413.2,0
26.82,36.77,70.87,1436.2,1414.4,43.26,129.3,2.049,3.003,9.18,3035.2,0
23.19,33.63,69.64,1339.0,1308.7,46.51,118.8,1.796,6.924,23.58,4002.6,0
27.07,35.81,62.53,2027.7,2064.8,30.33,8.3,1.717,3.543,11.29,5116.3,0
23.48,32.71,54.17,1276.4,1151.5,39.23,14.1,1.205,4.817,20.05,435.7,0
28.24,36.81,75.99,1109.3,1120.1,48.28,2.2,3.949,8.237,10.8,4386.1,1
26.35,36.59,75.42,1651.9,1605.8,36.67,42.4,1.486,4.567,15.92,2342.8,0
30.55,40.64,72.5,1268.5,1348.5,47.9,70.6,0.226,4.316,20.55,2595.7,0
28.99,38.34,70.49,1395.0,1351.2,40.97,21.8,1.3,5.809,17.31,161.0,0
24.73,35.55,59.38,1300.7,1297.8,44.02,27.7,0.812,7.46,15.36,2612.2,0
22.81,31.76,63.06,1175.1,1168.2,51.51,100.1,0.679,7.951,22.82,2134.5,0
25.34,34.65,60.4,1505.6,1524.1,37.73,22.7,2.359,4.29,10.2,2801.6,0
24.41,35.19,59.15,2563.2,2601.0,25.48,1.9,1.207,6.302,15.28,3532.2,0
30.5,41.43,74.93,1741.3,1765.5,37.34,142.0,6.472,5.282,10.16,2602.0,0
26.83,36.03,76.79,1927.9,1873.9,31.74,0.5,2.198,5.341,14.53,3794.0,0
28.72,38.95,69.14,3055.5,3068.1,18.74,159.3,3.148,6.149,11.24,530.3,0
26.28,35.5,58.14,1575.0,1628.0,38.93,78.9,2.997,5.961,14.46,364.9,0
26.49,36.29,63.79,1449.5,1415.9,41.99,13.5,1.248,3.896,11.88,1512.7,0
26.78,36.93,70.63,1338.0,1317.8,50.21,1.8,1.692,3.906,12.18,3686.4,0
29.06,39.62,81.57,2056.4,2091.1,28.61,40.0,1.538,7.908,14.04,1539.2,0
27.47,37.79,53.54,1443.4,1385.8,40.89,0.2,0.513,4.645,17.29,3405.6,0
24.74,35.01,61.7,1190.7,1219.5,51.28,11.8,3.025,6.333,13.02,5911.0,0
30.1,39.02,66.86,1836.5,1865.1,34.25,40.0,1.245,7.709,13.15,508.3,0
26.26,36.65,61.33,1243.8,1183.5,45.36,34.6,1.017,5.192,12.21,3604.4,0
25.94,36.49,67.37,1136.4,1161.2,55.98,92.0,0.658,7.577,14.01,246.4,0
21.19,31.88,55.56,3013.1,3006.0,21.38,61.3,4.485,4.481,5.6,1610.8,0
28.12,37.4,67.47,1350.5,1323.9,42.73,23.9,1.516,7.048,12.73,3791.7,0
27.05,37.97,56.96,1102.7,1141.7,51.63,31.6,2.021,5.637,16.87,3748.8,0
27.05,35.73,68.45,1547.8,1505.2,36.49,15.5,1.282,5.106,8.52,4037.6,0
26.04,35.61,67.65,1111.5,1121.3,53.87,22.0,1.528,6.662,16.04,2150.7,0
25.7,35.42,72.31,1276.1,1291.0,46.34,73.8,0.786,5.132,20.63,1651.7,0
26.11,34.85,65.97,1103.1,1128.3,57.69,88.9,0.838,4.42,15.58,4742.9,0
27.78,37.49,63.47,1272.5,1339.9,45.82,26.2,0.954,2.965,14.42,3328.0,0
28.13,38.35,64.21,1133.4,1159.9,58.53,1.5,3.848,6.351,19.22,601.3,0
26.39,34.56,68.34,1241.8,1251.1,43.0,6.6,9.009,7.336,16.3,3775.9,1
28.75,38.35,71.8,2155.8,2127.6,26.32,32.2,2.014,8.166,19.73,4214.5,0
26.69,34.94,60.87,1891.0,1929.1,33.69,3.4,1.967,6.147,12.97,3724.1,0
25.84,37.88,52.92,1264.2,1291.9,50.18,53.7,0.955,4.265,21.49,3088.7,0
27.25,37.46,69.94,1214.9,1169.6,49.99,25.7,2.379,5.658,14.86,5654.0,0
24.13,34.26,58.73,1593.7,1582.3,36.89,68.4,2.028,5.253,17.81,4868.3,0
27.32,37.55,63.03,1165.0,1121.8,58.04,5.7,2.077,7.201,15.6,5405.2,0
23.77,34.37,72.14,1679.3,1701.0,36.46,65.8,0.463,7.26,19.43,3216.7,0
24.79,35.77,65.45,1422.8,1421.2,44.62,10.1,4.719,9.085,22.05,867.3,0
22.81,31.25,64.68,1344.1,1368.8,44.34,5.5,3.859,5.618,15.47,2741.2,1
26.5,37.81,80.69,2320.6,2307.9,26.7,31.6,1.015,7.276,11.67,5371.1,0
30.07,41.32,74.65,1463.6,1476.1,38.9,77.3,1.424,7.729,7.39,4248.6,0
26.62,36.55,72.3,907.2,924.8,63.8,0.1,0.923,6.629,15.24,5608.3,0
28.14,38.02,76.99,1972.9,2002.5,30.78,151.3,1.541,4.757,15.1,5405.5,0
31.55,38.45,72.61,1253.1,1257.2,46.25,5.7,7.018,5.285,22.55,5721.0,1
27.66,36.41,73.82,2048.7,1995.0,28.46,67.5,2.425,6.688,16.72,269.8,0
25.32,35.84,62.18,1928.2,1977.1,30.67,24.4,0.776,6.381,7.16,37.3,0
25.59,36.8,61.28,2247.1,2297.6,25.86,186.7,1.045,3.637,12.81,3793.3,0
26.85,37.58,69.5,1228.2,1300.2,49.41,71.2,1.221,3.854,13.66,777.2,0
25.58,35.51,58.53,1946.6,1900.2,31.29,19.5,0.974,6.261,14.76,2616.2,0
25.73,37.66,72.24,1119.0,1091.4,52.67,57.8,4.028,2.091,17.27,5529.6,0
28.82,39.83,74.83,1716.1,1666.8,34.69,29.5,1.29,5.781,12.94,4185.7,0
28.9,38.51,56.56,1334.1,1229.3,41.28,26.8,3.27,4.583,18.37,1495.9,0
23.56,35.74,60.27,1427.8,1470.6,44.11,25.7,2.037,4.134,20.77,2672.7,0
25.21,34.12,62.63,2718.7,2646.5,23.83,49.1,2.415,4.711,11.41,5220.6,0
25.92,34.45,67.99,1469.2,1502.1,42.04,83.3,0.838,5.778,25.03,3749.0,0
28.05,37.63,72.47,1493.5,1424.3,43.5,11.2,2.821,5.44,18.23,2861.6,0
29.14,38.38,56.18,1173.1,1089.3,51.4,16.5,1.611,3.577,13.35,179.9,0
32.25,41.89,75.59,1857.4,1836.5,30.4,6.5,0.653,2.794,12.05,3125.0,0
25.92,36.72,73.35,1736.3,1757.9,31.83,33.9,0.672,5.726,18.41,4570.8,0
26.02,35.98,61.57,1289.9,1201.6,46.6,21.7,0.317,6.178,20.68,656.2,0
28.03,38.02,62.39,1247.1,1219.8,54.12,26.8,2.267,6.559,15.77,3769.9,0
25.49,35.54,62.38,1597.0,1521.8,34.07,54.3,1.235,2.951,20.18,4049.5,0
26.57,34.26,55.71,2041.3,2076.2,27.65,14.0,2.086,5.858,22.0,4834.8,0
26.02,34.5,67.14,1647.3,1646.8,36.83,9.3,3.166,6.348,20.77,2936.9,0
21.61,31.22,59.22,1924.6,1925.6,29.87,2.4,0.368,4.66,20.72,5689.6,0
27.1,36.25,68.35,1395.9,1440.1,43.98,42.5,1.2,4.857,14.53,4311.8,0
26.49,36.25,79.74,2032.4,2021.0,29.2,151.6,0.452,4.727,13.5,3203.2,0
29.39,40.8,69.59,1236.4,1258.3,49.73,60.5,1.007,4.568,13.47,2193.1,0
26.86,36.79,73.82,1447.5,1528.0,42.13,45.3,0.539,7.329,13.36,1111.4,0
24.34,33.02,63.63,1154.9,1156.8,50.04,30.4,4.059,4.537,12.75,5996.3,0
26.33,35.54,59.85,3342.3,3253.0,15.77,37.1,1.15,4.275,9.49,4799.1,0
22.67,34.38,63.27,2610.0,2632.9,22.42,27.1,4.723,2.088,23.33,1317.9,0
24.43,35.96,70.11,1112.0,1069.7,52.93,1.0,2.096,6.399,12.3,274.8,0
28.12,38.72,75.69,1797.9,1776.8,32.8,11.3,2.139,4.181,14.04,879.1,0
26.36,34.79,65.31,2346.7,2312.8,25.34,70.8,0.773,4.173,14.74,1615.3,0
28.7,39.0,69.55,1428.7,1438.4,37.97,132.3,0.958,7.723,14.58,4693.2,0
22.92,33.3,67.41,1384.1,1376.3,42.42,106.4,1.206,3.595,13.91,1755.0,0
26.37,36.39,53.88,1511.4,1502.1,38.42,8.5,2.173,3.157,16.61,1139.8,0
25.9,35.33,72.85,1243.8,1275.8,44.68,157.0,0.215,3.176,16.51,5497.6,0
28.76,38.4,70.25,1230.6,1218.7,43.33,33.9,0.443,3.173,16.66,4301.4,0
28.2,37.56,63.91,1468.1,1476.7,42.8,7.2,1.974,4.304,12.97,1962.2,0
28.13,36.99,68.32,1140.2,1200.7,53.48,30.6,0.416,5.243,12.79,1966.3,0
29.93,41.3,67.55,1488.5,1556.5,39.86,34.3,1.868,4.884,20.61,1438.3,0
26.11,37.0,62.93,1607.7,1703.9,39.56,19.4,3.95,6.681,17.42,1004.1,0
29.52,39.24,68.74,1045.2,1117.3,48.03,17.9,0.867,6.045,17.69,2934.9,0
24.76,35.11,66.87,1209.5,1134.8,45.53,16.0,2.632,5.702,15.45,1806.1,0
24.69,35.08,63.43,1740.2,1702.8,30.97,0.5,1.807,5.896,13.62,1606.0,0
28.36,40.7,79.34,1491.2,1523.0,39.08,60.2,0.57,6.262,20.76,2975.1,0
23.84,34.71,53.98,1367.2,1391.2,44.38,43.6,0.175,5.156,18.12,4323.7,0
28.0,38.83,62.35,1723.5,1713.9,34.13,37.6,1.408,7.798,21.22,2303.2,0
27.05,37.09,58.66,1744.7,1785.9,34.61,20.9,4.151,4.395,12.57,3426.0,0
28.99,38.56,72.08,2367.2,2316.4,26.09,2.3,1.663,4.512,16.22,1979.0,0
26.73,38.11,65.05,3342.3,3378.4,11.17,54.7,3.52,4.061,16.09,5767.1,0
26.96,37.61,62.28,1599.0,1649.9,36.26,24.0,4.95,4.137,15.88,1328.7,0
27.87,37.04,63.66,1434.5,1352.9,41.27,3.8,1.89,3.568,19.58,2696.3,0
25.52,35.98,60.06,2068.0,2073.4,29.05,132.9,2.745,3.63,9.14,3383.1,0
25.44,36.27,65.26,1220.9,1233.3,53.78,66.6,0.5,5.09,4.81,1306.4,0
27.8,35.7,59.57,1916.7,1866.8,29.53,67.2,2.458,5.054,19.48,2666.5,0
26.79,35.87,69.37,1223.6,1158.0,49.13,4.6,3.138,4.626,15.18,5908.5,0
26.04,36.4,65.12,1344.6,1357.1,44.19,36.9,1.225,4.123,19.26,3442.6,0
26.68,34.76,63.35,860.5,886.3,61.76,17.6,3.973,7.936,15.6,3917.6,1
30.04,38.27,62.03,1122.2,1114.1,45.4,77.2,6.054,8.283,12.48,4246.9,1
25.96,35.69,58.48,2278.1,2257.8,25.54,9.7,1.023,6.436,14.88,4217.7,0
25.91,36.4,63.31,1205.2,1227.5,50.54,60.2,1.924,5.847,14.16,5757.3,0
23.44,33.97,65.53,1048.2,974.2,56.98,176.8,1.612,7.666,13.45,967.7,0
26.77,38.35,66.96,2785.6,2851.7,22.28,16.9,4.59,5.867,21.85,3832.2,0
28.16,38.25,62.98,1278.1,1389.2,46.39,26.5,2.496,3.341,17.34,1735.8,0
28.52,38.15,66.15,1256.8,1262.1,48.6,88.7,1.346,3.927,12.29,4062.5,0
27.07,35.76,68.72,1658.0,1725.5,37.87,51.2,1.638,5.535,13.55,3454.1,0
28.76,38.38,73.0,3342.3,3387.2,15.78,53.9,0.202,6.399,19.58,2793.3,0
28.31,39.02,65.35,1525.7,1653.1,37.04,74.5,3.477,7.4,13.85,3845.1,0
29.08,39.83,75.09,1772.6,1652.8,34.19,13.3,2.129,7.362,16.71,2782.8,0
28.82,39.08,75.47,1001.7,1034.4,55.3,86.8,1.152,6.796,19.36,4094.2,0
29.99,40.54,72.0,1498.3,1372.5,39.11,64.4,2.167,6.976,23.55,1451.2,0
26.51,37.79,60.03,1639.1,1591.6,35.88,11.1,2.494,4.947,12.77,382.6,0
24.2,34.27,66.76,1698.4,1695.2,34.13,51.8,1.765,4.875,18.91,850.0,0
28.18,39.54,63.58,1308.7,1289.9,43.26,30.5,1.824,4.778,15.42,2878.8,0
28.41,37.68,63.66,1711.3,1770.9,40.57,31.9,0.341,5.561,15.98,977.7,0
29.99,39.92,75.73,1754.3,1843.1,32.1,2.8,2.22,6.627,16.11,1792.5,0
29.41,38.93,71.89,1625.0,1647.3,42.64,17.9,2.246,10.274,17.13,5238.5,0
30.74,41.53,75.21,1580.3,1709.7,34.43,9.0,3.245,4.851,23.14,5776.6,0
28.09,37.08,74.63,3342.3,3282.5,14.08,58.5,2.838,4.526,15.95,5907.4,0
27.31,36.99,62.79,1437.4,1390.9,46.68,40.2,1.15,6.468,19.55,1973.6,0
24.08,32.22,59.68,1210.2,1154.2,45.73,83.5,7.258,5.507,15.39,1198.9,1
27.47,38.06,77.69,1434.0,1486.5,42.0,69.5,1.973,7.443,16.16,5765.5,0
25.74,36.99,64.2,1671.1,1734.6,35.58,26.4,2.561,7.659,7.22,4788.9,0
27.27,38.18,73.99,1487.9,1411.5,39.28,82.1,1.205,8.34,5.42,1652.8,0
26.96,37.77,73.55,1288.3,1246.0,48.19,11.3,2.167,6.215,24.77,3180.9,0
27.79,38.63,72.71,1639.3,1628.0,33.68,23.7,3.256,7.889,19.44,698.1,0
26.66,37.36,68.69,1063.7,1034.2,48.6,31.7,1.69,3.594,12.11,4996.7,0
28.72,39.33,78.96,2420.2,2388.9,25.25,72.6,1.656,7.489,17.09,5097.4,0
21.4,32.08,64.61,1313.6,1299.3,41.68,43.3,0.703,6.741,18.43,2770.5,0
27.23,36.57,60.62,1388.5,1340.6,40.26,10.2,2.669,5.889,17.73,4783.4,0
29.25,39.05,73.6,1297.9,1349.4,50.03,19.8,1.427,5.249,5.48,1503.3,0
30.59,40.66,73.19,2012.7,2095.0,30.81,0.9,1.226,1.221,10.26,5450.1,0
28.31,37.98,69.48,1683.2,1611.7,31.9,83.7,1.638,6.603,13.76,615.5,0
30.22,38.65,66.49,2210.1,2225.8,26.06,55.0,0.828,4.712,11.64,4799.6,0
27.19,35.95,65.88,1542.9,1575.2,34.33,39.7,2.806,5.019,13.4,83.9,0
26.86,37.09,64.39,1487.7,1441.7,42.55,25.0,2.366,5.882,10.45,1012.1,0
27.91,38.81,65.7,2798.6,2715.0,22.02,58.6,1.736,6.049,18.33,1327.0,0
26.84,36.85,63.0,1504.0,1495.0,35.57,76.4,1.147,4.361,15.74,4156.8,0
25.29,38.05,61.77,1293.9,1264.8,46.11,12.0,1.836,4.277,12.1,45.4,0
25.82,34.9,61.84,1539.2,1518.7,38.97,96.1,1.87,4.094,13.83,5814.9,0
24.63,35.07,62.47,1366.9,1396.7,40.75,26.7,4.067,5.657,15.5,2631.9,0
27.91,39.2,65.64,2345.2,2404.5,24.94,40.3,4.204,7.305,21.03,4670.8,0
26.87,37.94,78.63,1375.3,1509.1,39.0,19.7,0.992,5.785,12.93,4575.0,0
26.13,36.78,70.45,1542.3,1562.4,40.29,43.4,1.072,5.986,16.47,5492.3,0
25.72,36.79,76.91,1492.8,1489.0,38.36,253.0,3.159,5.188,11.56,5948.7,0
27.86,37.92,64.33,1481.7,1415.3,41.53,28.8,1.02,4.815,9.33,4160.3,0
28.41,40.07,66.1,1561.0,1586.9,36.91,4.5,2.582,4.545,22.54,5672.7,0
24.59,35.87,55.82,1621.2,1631.4,35.44,10.7,2.422,4.917,11.88,3337.3,0
24.27,33.42,64.97,1902.9,1896.3,29.6,37.6,1.044,3.382,9.75,1593.1,0
28.76,39.08,66.32,1229.1,1236.5,49.74,33.6,1.83,7.486,16.08,1946.4,0
24.1,32.55,71.84,2148.5,2057.6,27.73,10.4,0.502,5.916,11.36,3089.5,0
27.94,39.47,64.92,1284.1,1182.8,41.58,3.4,2.158,5.824,16.5,4827.8,0
30.08,40.31,68.59,1056.4,1113.3,58.13,11.1,2.059,6.086,10.24,2534.3,0
30.09,41.44,83.83,1268.5,1168.6,51.01,4.8,1.723,4.884,20.45,5676.9,0
28.33,38.22,67.22,1369.1,1299.9,45.09,6.0,1.217,5.986,13.26,3765.3,0
28.27,36.41,62.91,1405.0,1349.4,42.5,4.1,3.435,4.538,14.12,4435.9,0
31.35,43.99,80.34,1428.2,1448.7,38.72,147.4,0.767,4.729,19.2,1185.7,0
22.18,32.31,64.1,2025.0,2144.9,30.99,101.9,1.995,5.467,18.46,1403.5,0
25.92,34.92,68.13,1710.2,1708.0,37.46,4.9,1.259,5.609,16.52,4152.8,0
28.55,39.69,73.87,1331.7,1296.9,45.75,82.4,1.254,7.732,22.13,1206.5,0
26.18,38.21,78.02,1352.2,1420.6,43.9,104.2,2.331,4.128,16.64,3267.5,0
29.33,39.13,60.88,1488.8,1434.5,47.89,27.6,4.225,4.058,8.39,5245.7,0
26.77,36.67,59.63,1350.0,1388.5,52.2,165.5,0.196,4.846,15.07,1432.4,0
27.11,37.35,66.66,1685.8,1706.7,38.42,9.2,1.629,7.057,14.71,4044.4,0
26.3,35.19,72.65,1433.5,1399.6,41.92,14.1,3.091,5.941,9.84,5561.3,0
25.8,35.11,67.22,3022.9,3021.2,21.01,63.2,0.704,8.888,17.69,4693.3,0
25.76,37.54,56.18,979.9,999.0,62.56,35.9,4.05,5.402,9.45,5803.4,0
27.39,37.26,68.13,1635.2,1611.2,35.86,67.7,0.446,6.065,13.98,5950.1,0
25.3,34.46,73.66,1258.3,1253.2,46.52,88.8,1.167,5.633,11.3,2194.3,0
28.76,38.3,84.87,1578.6,1597.5,35.85,3.9,0.639,5.919,18.48,2877.3,0
28.16,39.23,73.68,1779.3,1815.8,35.62,28.7,0.922,4.364,8.4,2887.5,0
29.05,37.07,61.79,1646.1,1565.2,37.63,133.9,3.68,5.633,16.28,4782.8,0
24.59,34.85,66.49,2116.3,2116.6,27.55,37.4,0.644,3.813,20.13,575.5,0
23.45,35.91,72.33,3342.3,3310.0,15.2,5.3,1.716,6.02,10.68,3978.0,0
26.84,38.87,65.55,1155.8,1226.4,51.6,2.0,0.968,6.166,15.81,1813.7,0
32.65,43.22,69.74,1336.5,1336.9,45.46,19.7,2.281,5.202,8.44,4225.2,0
29.38,40.7,84.32,1917.3,1911.1,30.84,13.1,1.49,4.512,11.33,5803.0,0
25.74,37.05,71.96,1360.4,1435.0,44.52,45.5,1.495,4.375,11.06,617.2,0
27.7,37.57,75.52,1173.9,1116.9,48.24,38.5,0.863,4.086,23.36,1581.5,0
28.31,39.23,56.7,1871.5,1879.0,33.07,208.4,4.978,5.252,12.6,594.2,1
24.11,35.9,59.24,1234.8,1211.7,44.12,15.8,2.042,9.248,12.11,2868.7,0
29.59,38.33,51.74,1197.5,1298.0,50.07,23.2,1.933,5.932,15.73,2816.9,0
26.52,37.09,66.34,2288.4,2245.3,25.62,10.6,2.395,5.13,12.34,661.9,0
26.67,37.03,63.23,1368.4,1373.4,45.33,88.9,0.964,4.41,19.2,3771.3,0
26.9,37.0,70.19,1542.5,1540.2,43.64,9.1,2.907,5.275,15.25,4684.6,0
29.14,39.15,72.22,1075.1,1074.3,58.8,66.0,2.112,6.383,14.23,4811.1,0
25.34,35.57,73.09,1133.4,1202.8,45.57,41.8,2.269,6.298,13.65,470.7,0
23.44,33.75,69.94,1535.0,1569.5,35.89,7.0,0.036,6.947,10.66,4501.9,0
27.5,38.61,67.88,1687.5,1693.1,37.05,22.9,1.394,7.019,19.81,4158.0,0
22.76,33.24,70.45,1041.7,1080.2,60.23,57.3,1.234,5.471,17.5,2837.1,0
26.25,36.07,60.79,1577.8,1583.1,36.45,73.9,1.891,4.449,22.32,2138.5,0
29.22,38.38,69.77,1180.5,1112.8,45.86,29.7,3.522,5.141,18.98,3461.9,0
28.01,37.54,60.89,1678.7,1695.1,37.62,16.8,0.986,6.68,12.99,294.4,0
28.93,39.2,69.0,1214.1,1358.2,50.81,63.2,1.878,4.518,12.76,5881.3,0
28.09,37.38,64.84,1060.2,1101.6,51.31,33.0,2.229,8.656,21.57,3520.2,0
31.67,42.62,82.05,1482.5,1436.4,39.77,8.3,1.705,4.47,14.33,3912.8,0
25.67,36.1,71.05,1691.3,1602.6,35.93,31.7,1.103,6.261,15.11,73.3,0
27.65,38.79,66.28,1572.4,1530.7,35.69,143.8,0.51,5.939,14.08,4300.3,0
25.97,35.33,64.31,2572.5,2529.8,22.73,46.0,0.265,6.696,14.9,911.1,0
28.76,37.93,68.34,1391.2,1400.8,41.01,17.9,1.164,2.42,16.08,5412.8,0
26.73,37.86,66.21,1428.6,1510.0,40.8,78.1,1.096,6.928,20.27,1106.4,0
30.29,40.42,70.34,1824.9,1787.0,31.84,31.8,1.723,4.951,26.01,5905.8,0
25.79,35.59,69.41,2514.2,2496.6,21.65,6.2,3.631,4.225,14.44,4897.1,0
29.66,40.36,66.82,1496.5,1539.5,42.06,71.8,1.304,6.952,14.3,912.8,0
28.04,38.7,67.25,1173.7,1165.2,43.33,20.9,0.362,2.78,15.12,3920.6,0
26.79,35.53,67.96,1341.6,1384.8,43.95,56.2,1.711,8.38,17.61,5647.6,0
27.93,39.32,80.87,2045.3,2028.7,30.1,18.4,0.203,5.812,14.01,5571.4,0
27.37,36.96,69.64,1440.7,1429.6,43.97,28.7,0.252,5.279,8.82,1023.3,0
27.56,39.26,71.71,1687.5,1689.8,38.21,10.6,0.682,3.604,8.91,5555.3,0
26.44,35.1,68.21,1122.5,1126.6,48.64,30.7,0.745,5.098,21.44,1624.8,0
25.45,35.76,59.67,1878.6,1805.4,30.25,119.1,1.22,7.259,12.75,5449.3,0
26.18,35.99,66.25,1225.8,1225.8,51.5,77.7,2.439,5.891,11.01,2406.7,0
23.48,31.51,54.91,1027.6,1052.6,55.1,30.1,6.15,7.193,25.41,3553.1,1
28.53,39.19,69.53,1637.9,1612.8,41.16,17.4,1.644,7.015,17.42,920.0,0
24.38,32.46,54.24,1458.5,1484.4,44.04,27.6,2.805,4.223,13.12,3768.3,0
26.41,36.12,63.47,1248.5,1288.3,47.84,55.8,5.32,3.068,10.15,2706.9,0
28.15,39.25,79.4,2090.7,2105.9,29.74,11.4,0.87,3.999,20.4,329.9,0
28.53,38.0,72.42,1818.4,1797.9,35.14,11.0,1.099,5.456,9.49,2352.4,0
23.3,32.4,67.04,1478.9,1418.3,41.84,104.4,1.723,5.142,9.32,1911.4,0
26.67,37.47,69.91,864.1,897.0,60.27,40.8,1.596,5.118,16.64,1676.3,0
27.77,37.52,76.05,1995.3,2036.3,28.04,33.1,1.428,6.271,10.24,1837.5,0
26.95,36.55,77.39,770.5,869.0,56.38,115.1,1.052,4.855,10.38,60.7,0
29.54,40.81,69.24,1596.9,1520.8,38.07,2.5,0.39,3.908,16.76,3847.7,0
25.21,34.04,69.89,1514.2,1587.3,39.66,47.8,1.443,4.022,16.4,1761.5,0
22.75,32.29,65.57,1049.9,1111.0,52.18,24.7,1.013,6.421,8.58,3326.7,0
28.47,39.34,52.96,984.5,998.9,60.21,10.5,1.167,7.107,17.41,1984.2,0
25.78,34.54,58.12,1259.2,1318.1,44.23,28.4,1.715,7.604,7.98,5075.3,0
23.33,35.11,76.23,1094.5,1102.7,51.65,110.8,3.617,4.787,15.7,1940.2,0
26.53,36.32,78.74,1879.3,1891.3,30.8,17.6,0.534,5.764,9.92,1161.7,0
29.31,40.19,63.78,1792.2,1741.4,34.71,33.1,1.296,6.208,16.77,1829.6,0
24.32,35.2,63.95,2315.1,2298.6,26.48,78.6,0.507,5.934,15.18,5929.8,0
31.52,41.37,84.12,1828.7,1857.2,34.84,161.3,2.928,6.341,12.69,1922.8,0
25.17,34.7,65.05,1251.9,1248.7,45.65,171.0,2.723,6.544,11.98,2809.1,0
27.02,36.98,71.31,1531.6,1494.6,42.12,35.3,3.723,4.353,15.21,5935.4,0
24.41,35.12,75.77,991.6,979.5,57.27,1.7,2.017,4.569,12.47,5929.8,0
26.93,35.95,63.42,930.8,932.1,60.55,33.5,0.07,6.14,11.7,928.5,0
26.58,35.38,75.61,1748.1,1810.7,38.63,77.5,1.881,4.011,13.89,1280.9,0
23.87,35.36,72.36,1596.8,1652.8,33.2,9.3,5.418,4.566,17.9,4799.5,0
32.5,41.77,70.73,1058.6,1049.0,51.6,148.5,1.106,5.733,9.34,5611.9,0
25.86,36.21,70.04,1088.4,1068.2,52.64,41.8,0.879,4.762,12.38,4866.4,0
25.86,35.66,62.56,1217.3,1257.2,44.41,28.0,1.037,6.032,19.77,197.8,0
28.79,38.63,75.24,1186.5,1151.8,47.06,15.6,2.238,4.446,13.1,944.6,0
30.48,41.91,77.28,1338.2,1372.8,45.49,37.5,0.745,1.927,24.64,4652.0,0
29.1,39.02,65.39,1822.8,1889.3,30.11,35.4,2.813,5.94,19.75,3484.8,0
24.45,34.09,73.56,2019.7,2099.6,27.81,7.8,0.195,5.391,12.63,766.6,0
27.28,37.01,65.91,1511.3,1470.5,39.49,6.0,3.782,7.385,11.28,2788.2,0
23.09,32.58,54.79,1555.9,1567.2,37.99,5.0,1.131,4.94,17.74,4135.1,0
28.65,37.98,62.19,1439.3,1442.5,42.77,11.4,2.628,5.623,23.66,4076.8,0
23.58,33.08,62.43,1626.3,1549.0,38.69,218.3,3.483,5.749,12.7,1012.5,1
25.24,36.91,69.09,2740.6,2767.7,22.97,2.5,0.947,4.438,21.38,1536.5,0
26.84,37.56,69.21,2812.2,2811.4,18.88,59.1,1.296,4.774,19.06,1452.2,0
27.74,37.39,59.52,1315.5,1306.0,47.37,38.1,2.558,4.026,11.25,4076.7,0
26.33,37.31,68.83,1815.3,1817.5,33.37,67.3,0.983,5.685,21.0,3417.6,0
29.89,38.3,64.76,1628.1,1614.1,37.68,22.5,2.3,5.654,15.04,1620.8,0
28.3,39.67,66.72,1552.9,1525.9,34.42,36.0,1.87,4.051,17.24,5230.1,0
28.14,39.43,68.75,1942.9,1984.1,30.87,135.8,3.774,6.758,14.9,4547.9,0
24.39,36.63,65.73,1943.2,1941.7,30.6,21.0,2.548,4.404,8.08,3811.2,0
30.25,41.26,78.34,1302.7,1361.2,50.2,21.1,0.45,5.462,11.68,3022.8,0
25.24,35.68,74.8,1464.0,1498.5,37.61,59.4,1.396,6.741,17.15,1190.6,0
30.33,41.62,75.26,1132.7,1169.8,46.35,30.8,2.257,7.431,19.62,2000.4,0
30.89,40.27,65.02,1356.0,1286.1,47.69,12.9,0.68,1.947,13.17,1500.5,0
27.88,37.48,62.43,1395.3,1396.0,43.17,60.0,2.074,6.789,12.76,1235.6,0
28.91,38.85,68.98,1231.8,1274.1,48.02,71.6,3.153,5.854,20.25,290.1,0
20.68,32.05,58.96,1544.9,1610.4,40.14,15.2,0.887,6.216,23.37,1361.1,0
26.46,35.6,70.78,981.6,984.2,53.64,36.4,2.195,4.758,18.34,1931.9,0
29.05,38.09,65.04,1280.7,1226.2,48.23,6.7,8.86,6.548,14.32,4508.6,0
28.7,38.94,70.09,1237.8,1307.3,49.56,82.4,1.603,7.07,17.66,5064.6,0
24.41,35.13,74.89,2048.6,2011.7,30.61,44.3,2.075,6.338,17.0,3751.3,0
26.26,35.56,72.85,1287.8,1204.0,42.63,60.1,1.787,6.747,17.67,1748.3,0
21.78,32.45,55.91,2857.0,2860.0,21.65,22.1,1.12,8.301,19.14,4942.0,0
27.68,39.04,67.37,1135.7,1133.3,54.01,7.2,1.016,7.571,17.3,3130.0,0
23.08,34.28,66.02,1839.3,1901.0,33.77,18.7,0.907,4.485,22.88,3005.2,0
29.11,39.46,69.92,1722.8,1777.2,35.15,6.8,0.503,6.532,16.26,5359.8,0
29.22,39.12,69.86,2372.6,2348.3,26.33,0.3,0.75,7.136,12.21,3681.1,0
25.9,37.64,62.7,1445.7,1395.4,39.64,82.9,3.187,5.943,19.01,2654.3,0
27.89,37.91,68.36,1583.2,1568.0,37.32,102.1,3.533,6.449,15.4,2887.5,0
26.42,37.36,70.13,1031.5,1042.0,58.23,68.5,1.902,3.172,17.08,1134.7,0
27.33,39.29,78.11,1229.0,1262.8,48.59,6.5,1.256,5.389,18.4,2340.5,0
24.56,35.39,78.41,1776.4,1758.3,34.85,35.9,0.537,5.069,19.32,5012.5,0
28.09,37.1,81.49,2692.9,2728.1,23.34,58.1,1.937,4.034,8.28,479.4,0
23.57,32.33,59.86,3342.3,3313.3,17.16,42.1,3.005,6.923,17.22,646.8,0
23.19,32.89,70.48,2102.9,2186.7,29.74,28.9,3.651,3.684,12.59,5071.1,0
26.61,37.32,65.52,2345.1,2362.4,26.69,0.1,4.706,6.869,14.87,1872.9,0
26.43,36.87,72.49,1423.1,1362.1,43.49,21.4,0.821,5.25,6.09,2339.1,0
27.39,39.6,74.7,1571.4,1540.2,38.55,20.6,4.191,7.193,18.24,5199.2,0
25.55,35.99,59.37,1561.2,1524.2,40.17,7.0,1.618,6.06,18.34,5883.8,0
30.62,40.29,80.78,1808.7,1793.9,30.51,59.1,2.017,5.7,19.21,3547.2,0
27.17,36.04,79.86,1344.1,1288.6,41.52,31.2,1.859,5.423,15.95,4515.9,0
27.32,38.5,66.49,2214.4,2198.1,25.8,72.4,1.073,4.788,11.08,4691.4,0
27.24,37.24,70.1,1523.0,1501.9,39.12,49.2,2.231,5.824,8.31,5030.6,0
28.86,37.35,81.15,1021.3,1037.1,48.3,31.3,5.157,2.879,20.39,5074.0,1
28.0,38.02,73.63,1511.3,1490.8,36.35,19.2,3.89,5.029,18.33,1774.1,0
27.73,36.74,68.59,1254.1,1299.3,44.44,3.3,1.678,6.436,15.23,5194.9,0
28.32,37.9,71.82,2763.8,2746.9,20.23,60.1,0.093,5.346,14.67,3705.4,0
23.2,33.21,65.3,2923.1,2866.0,19.43,8.2,6.762,6.824,19.02,1418.8,0
23.28,32.37,71.62,1294.1,1178.9,43.27,55.6,1.849,4.293,10.17,2.9,0
26.7,36.21,77.19,1311.9,1324.2,50.47,11.4,0.641,3.981,13.42,252.7,0
26.45,35.71,60.91,1527.3,1504.3,37.62,75.4,2.802,5.68,20.51,2563.2,0
28.01,37.29,55.92,830.8,757.6,61.45,59.8,0.698,4.588,8.97,1111.7,0
26.89,35.88,60.8,2343.9,2346.3,25.57,60.4,0.895,6.344,18.25,1174.3,0
28.01,37.53,59.21,1667.6,1631.2,33.2,48.5,1.281,4.775,11.16,4889.6,0
24.36,33.46,65.31,1496.0,1552.2,41.4,47.5,0.566,5.803,12.81,2933.8,0
26.83,37.42,70.53,1471.1,1433.1,44.64,19.3,1.876,1.888,14.31,5692.4,0
24.17,34.37,67.55,1668.9,1749.9,34.16,78.1,0.752,5.019,16.26,4857.9,0
27.62,38.82,58.68,1903.2,1899.6,29.41,9.0,3.313,5.034,15.3,292.9,0
23.09,34.98,76.43,1428.7,1442.4,46.2,7.7,0.877,2.88,17.01,5872.2,0
27.55,38.22,64.46,1492.1,1524.1,41.33,11.6,0.275,5.843,17.79,985.8,0
23.91,34.36,62.34,1814.9,1842.6,36.55,101.2,1.661,5.305,11.49,3114.0,0
26.08,36.82,68.96,1433.1,1442.2,44.99,14.0,1.12,4.242,13.91,4356.5,0
28.64,39.11,73.49,1403.2,1339.7,38.64,74.7,1.905,7.428,13.96,2861.0,0
27.3,37.35,68.93,1587.9,1723.8,38.6,87.9,3.064,4.007,19.03,4960.4,0
23.56,33.53,67.97,1497.6,1441.3,38.23,8.3,0.568,6.861,13.67,5486.5,0
25.51,34.48,64.78,1903.3,1844.0,31.79,30.6,4.269,5.336,9.86,2727.2,0
23.85,34.69,75.77,1972.1,1991.4,30.77,49.0,2.647,6.907,13.18,818.6,0
23.46,33.43,53.17,1838.0,1887.3,34.74,11.4,0.575,6.342,19.16,5125.5,0
27.09,38.53,68.63,1584.5,1530.2,40.32,33.5,0.466,2.571,16.52,2662.4,0
27.97,38.89,82.08,2597.0,2668.3,21.29,99.8,2.71,3.958,16.93,913.4,0
27.73,37.11,65.68,1250.6,1193.4,49.45,4.4,4.136,4.252,10.58,4506.8,0
28.06,39.3,66.53,1606.6,1651.1,40.18,58.5,1.279,9.002,20.57,5837.7,0
26.83,34.27,62.94,2014.0,2031.6,29.35,18.2,0.189,7.037,17.15,4372.0,0
26.3,38.23,75.74,1147.8,1262.6,56.17,132.9,2.594,7.714,16.64,3471.1,0
24.7,33.37,73.57,1336.9,1364.6,40.42,33.8,3.929,3.807,13.63,3074.6,0
25.97,36.46,69.47,2122.8,2147.4,26.65,33.3,0.496,5.804,20.95,26.1,0
24.21,34.63,61.08,1159.2,1176.4,55.72,172.6,0.737,4.402,9.2,2451.5,0
25.16,36.28,59.25,938.9,998.3,53.55,128.3,1.688,7.876,8.72,129.3,0
27.03,36.7,63.36,1705.4,1670.7,30.91,4.3,2.355,6.249,12.56,474.8,0
26.61,34.47,60.39,1669.4,1660.5,36.77,23.6,2.022,5.157,13.68,4240.3,0
32.98,42.65,85.16,1466.4,1488.8,35.42,203.3,1.475,5.3,16.07,1749.8,1
24.16,33.94,62.84,3200.4,3276.4,21.11,184.9,1.393,6.509,16.44,1946.5,0
26.6,34.55,58.18,1408.8,1433.6,43.25,59.8,0.902,6.04,19.13,2906.9,0
24.0,34.05,53.7,1194.7,1133.9,48.45,16.1,4.322,5.015,15.2,3045.1,0
26.07,35.0,67.83,1272.3,1316.7,46.57,46.0,1.916,4.372,13.16,599.3,0
26.16,36.8,66.74,1321.6,1349.6,40.33,1.0,0.735,6.498,14.07,387.5,0
28.54,38.29,74.85,1290.5,1308.8,49.42,30.9,0.902,5.443,18.12,5797.0,0
25.95,37.91,68.46,1980.7,2004.5,28.65,43.8,0.766,4.519,12.9,51.1,0
26.47,36.21,68.29,1027.4,1011.1,58.18,48.8,0.332,5.835,14.64,65.1,0
25.99,36.42,73.57,1839.2,1868.6,32.28,24.9,0.573,6.616,12.94,3915.2,0
24.05,33.83,66.16,1912.4,1848.3,33.39,147.1,1.059,5.516,17.32,43.5,0
25.55,33.92,63.34,1767.5,1827.6,34.25,72.4,1.15,6.483,17.48,3735.0,0
26.09,35.88,68.63,1835.2,1945.1,33.52,36.9,1.956,4.185,18.97,1624.1,0
27.0,37.75,74.89,1452.5,1538.7,38.07,34.3,1.266,7.724,14.56,1500.7,0
27.97,38.57,70.78,1389.6,1374.7,37.69,58.1,2.525,4.243,14.87,4939.6,0
26.38,36.09,70.39,1480.5,1521.5,41.3,0.6,1.257,6.343,10.64,247.4,0
26.35,34.89,57.73,1583.4,1636.6,31.81,11.5,2.126,5.317,8.63,5046.2,0
23.41,34.05,57.54,1294.4,1332.9,41.67,42.1,0.808,4.098,13.53,4280.4,0
27.93,38.35,71.51,1898.4,1873.2,29.1,14.1,3.035,4.953,14.11,2819.5,0
25.46,36.3,59.72,1154.0,1138.8,47.32,11.4,2.13,8.129,14.34,4236.3,0
28.34,38.07,68.81,1275.2,1236.1,47.2,25.2,0.95,4.048,19.09,4187.1,0
29.48,37.8,67.85,1443.4,1414.0,39.94,49.6,1.521,4.056,9.93,510.6,0
26.47,37.01,70.39,1783.0,1886.7,33.5,12.6,0.925,4.195,8.67,3701.0,0
24.8,34.79,72.08,1409.9,1417.2,43.11,13.5,1.328,6.99,8.16,5446.2,0
26.82,38.21,67.81,1720.5,1680.1,31.12,41.5,0.748,5.772,13.39,428.4,0
27.55,37.58,62.38,1406.5,1442.9,40.35,175.2,3.414,4.894,21.33,338.8,0
26.22,36.17,64.33,1637.5,1732.5,38.48,38.8,3.845,5.067,19.86,443.4,0
25.72,36.14,71.51,1000.4,1030.2,66.3,8.9,2.842,4.832,19.2,5909.3,0
27.98,37.38,67.17,2248.4,2258.1,27.73,2.5,1.007,5.207,12.8,2074.6,0
27.85,37.2,66.07,3342.3,3219.5,13.33,39.3,1.117,3.896,10.31,968.6,0
26.16,36.06,72.59,1773.8,1741.4,33.62,59.2,0.225,3.445,16.85,1528.6,0
23.54,32.62,71.43,2460.6,2484.7,22.84,17.4,0.596,5.846,21.86,2398.8,0
27.76,37.53,64.64,1914.3,2005.0,32.73,98.6,4.566,4.571,14.28,3839.1,0
25.32,37.25,68.96,2301.7,2303.1,27.02,96.7,4.315,6.122,11.67,941.7,0
27.28,38.32,60.5,1873.8,1923.7,30.95,124.3,3.476,5.752,13.05,4762.4,0
27.15,37.46,62.07,2081.8,2108.3,29.35,40.4,3.66,7.246,13.47,2173.3,0
23.07,34.62,59.89,1129.7,1126.8,49.63,25.6,0.517,5.734,22.1,1741.2,0
27.01,36.19,61.93,1513.0,1478.0,39.51,20.0,2.651,6.387,14.64,3643.3,0
27.88,40.37,75.18,1082.7,1092.8,50.75,59.4,2.431,4.667,19.6,3951.3,0
28.12,37.66,68.8,1545.0,1657.3,40.4,22.9,2.781,2.963,17.69,4240.9,0
27.08,39.09,67.12,1196.9,1091.9,49.29,36.2,5.126,5.108,17.37,5299.6,0
22.9,34.9,50.75,1443.5,1435.4,36.98,28.4,0.229,4.708,19.85,3658.2,0
29.4,37.65,75.31,994.6,984.8,55.95,2.1,3.555,4.863,21.88,5045.1,1
27.67,39.14,84.68,1475.3,1459.5,44.71,67.8,0.642,6.756,14.02,303.1,0
24.44,34.16,61.98,1780.5,1829.8,32.2,16.0,0.466,5.014,10.56,4866.3,0
25.27,34.71,62.44,1249.0,1284.5,46.19,10.4,1.293,6.003,14.1,2432.3,0
27.31,37.84,63.02,1505.7,1506.5,40.27,193.2,1.956,3.776,13.38,2471.2,0
28.21,37.2,59.64,1758.7,1761.0,37.97,13.1,2.341,5.783,20.51,4789.1,0
25.87,36.38,73.9,1482.9,1511.9,40.96,45.5,0.324,6.933,16.79,1741.2,0
28.5,37.56,78.04,1229.6,1283.0,47.51,2.8,0.887,8.486,8.42,4958.7,0
23.26,33.44,68.98,3115.1,3192.9,18.82,24.7,1.913,3.418,11.88,4761.6,0
24.77,36.1,61.77,1624.9,1631.6,36.49,1.9,1.462,5.944,12.94,1528.0,0
22.72,33.11,66.09,1330.2,1258.8,46.83,17.6,1.202,3.371,18.29,5262.0,0
25.06,34.7,62.65,1319.5,1369.5,42.48,18.9,3.266,3.65,12.92,2087.6,0
29.87,40.41,78.51,2089.5,2090.1,28.74,7.5,0.939,5.918,19.34,715.7,0
30.97,39.56,78.16,3342.3,3386.6,16.32,38.1,4.408,6.109,10.42,3647.3,0
27.32,36.48,57.95,1167.3,1299.0,57.01,6.5,0.68,6.64,7.23,4775.0,0
25.57,35.14,66.28,1626.2,1630.2,38.13,47.2,0.737,5.293,15.73,2843.5,0
26.41,37.19,76.63,1085.9,1084.6,55.14,85.7,2.048,7.282,7.73,4876.0,0
27.8,38.2,64.26,1276.4,1228.0,47.95,5.5,1.047,6.635,14.01,1817.1,0
23.72,34.26,69.74,2049.1,2137.5,32.06,10.4,1.082,5.386,15.78,5587.4,0
25.71,35.68,68.93,3342.3,3227.5,14.99,64.4,0.889,6.573,19.23,535.1,0
29.72,38.93,75.92,1672.8,1682.2,35.38,50.6,1.89,4.965,18.09,4885.1,0
24.76,36.25,54.7,1517.7,1566.9,39.63,64.8,0.264,7.131,10.26,3955.8,0
25.35,34.65,62.99,1444.9,1442.7,44.51,23.6,0.685,5.889,10.82,717.8,0
26.88,37.3,67.97,2066.4,2008.7,28.89,50.5,1.132,5.127,9.94,2397.6,0
27.42,37.3,78.78,1374.2,1313.0,41.78,5.2,2.16,4.423,12.66,1368.0,0
25.6,36.16,63.07,1398.1,1389.7,41.78,23.3,0.966,5.174,20.34,5522.1,0
27.0,36.4,74.4,1210.5,1246.4,49.86,1.4,5.251,5.974,26.78,4604.3,0
28.07,39.12,76.9,1726.6,1742.7,36.93,1.7,2.418,5.501,16.04,1583.4,0
30.77,42.15,70.27,1458.0,1423.8,44.43,2.7,2.121,6.572,14.41,3954.8,0
26.6,37.59,67.88,1429.2,1489.3,42.88,13.8,1.5,5.02,13.71,1853.7,0
26.77,36.93,63.16,1112.5,1168.6,48.76,61.2,1.774,6.311,12.06,2538.3,0
29.9,39.47,77.37,1908.4,1873.7,31.8,21.3,1.261,1.946,7.2,1074.5,0
25.75,38.57,59.53,3342.3,3294.5,9.29,56.4,5.118,5.347,20.65,4979.9,1
24.2,33.21,50.75,1658.0,1710.5,37.63,6.5,2.902,4.99,16.88,1747.9,0
27.35,38.23,84.14,1599.0,1590.3,37.69,58.4,1.618,2.503,13.8,5270.8,0
29.0,39.34,66.33,2246.9,2264.4,28.42,10.5,5.262,6.966,16.79,5950.1,0
27.57,37.51,58.75,2571.6,2622.4,24.92,58.3,0.947,5.45,16.49,4036.8,0
26.66,36.84,77.04,1683.3,1607.5,34.25,30.5,4.354,6.219,19.2,1169.9,0
23.95,33.44,55.17,1343.9,1355.6,38.85,19.1,2.393,4.894,16.36,3191.4,0
26.73,37.16,76.69,1353.3,1364.1,40.95,28.9,1.258,6.71,14.46,5529.5,0
29.32,39.63,75.95,3342.3,3307.4,17.15,20.6,1.064,5.638,15.3,4801.5,0
24.38,37.06,68.0,2807.3,2758.3,22.46,75.1,0.273,6.436,11.87,3818.7,0
26.36,37.43,61.82,1169.0,1143.7,51.3,50.4,3.247,5.725,11.02,2693.2,0
26.08,36.59,66.08,1668.7,1581.3,38.1,8.6,4.257,6.22,18.27,5712.5,0
25.45,36.03,60.9,1495.9,1429.4,39.98,16.9,1.97,5.655,22.66,2076.6,0
27.35,39.19,69.56,2081.6,2139.2,26.67,2.1,0.903,6.082,11.39,3335.8,0
27.74,36.77,68.34,1461.8,1421.2,39.96,46.8,0.597,5.615,8.6,3702.3,0
27.72,37.53,56.82,1647.1,1583.3,36.24,28.6,2.068,3.163,9.02,2177.0,0
24.9,32.99,62.07,1657.9,1655.3,33.81,22.9,1.96,3.319,12.81,5705.6,0
23.56,34.12,61.19,2267.9,2236.3,25.38,10.4,1.412,4.739,12.11,4631.0,0
27.37,38.22,74.72,1745.4,1716.0,31.32,2.1,1.571,7.15,18.56,5760.4,0
25.84,34.84,71.01,1008.0,1067.9,59.72,67.7,2.523,5.49,19.65,5269.2,0
30.53,41.96,75.73,1630.7,1738.9,36.51,73.3,1.758,3.495,21.86,1721.6,0
30.62,39.9,63.62,1256.8,1292.9,47.9,142.9,1.629,5.061,20.5,5598.2,0
30.83,40.49,79.29,1412.7,1341.6,38.04,96.9,2.216,4.847,17.36,2594.0,0
24.97,35.09,67.28,1750.0,1734.3,36.88,101.5,4.677,5.166,10.74,5945.7,0
27.99,39.58,65.78,1705.7,1748.6,33.64,19.5,0.507,6.589,16.11,3109.2,0
28.59,37.73,71.75,1126.3,1113.7,53.46,20.3,1.454,6.275,12.27,4320.2,0
28.37,38.66,68.95,1358.5,1341.3,43.73,27.7,0.509,7.05,6.13,3700.3,0
26.14,36.92,67.77,2028.0,2032.1,32.1,9.4,0.357,5.12,14.89,2170.1,0
29.41,39.98,71.52,1589.8,1664.4,36.06,12.1,1.885,6.077,12.91,3019.2,0
26.85,37.46,62.14,1118.6,1043.6,50.76,17.2,2.757,6.978,10.21,946.2,0
27.11,37.87,55.76,3342.3,3348.4,11.61,56.5,0.956,5.393,12.98,969.3,0
23.77,33.22,61.27,1506.0,1408.1,43.11,0.0,1.577,2.529,22.69,4816.8,0
28.14,39.83,58.88,1340.7,1396.5,45.38,1.3,2.079,5.009,19.06,2753.5,0
26.33,36.22,65.11,1776.3,1785.7,32.5,59.4,3.94,8.115,22.46,5274.7,0
27.78,37.54,74.34,1450.7,1423.7,41.55,3.7,0.312,5.954,15.55,4095.1,0
27.32,38.67,57.43,1218.6,1255.3,45.02,11.8,1.942,5.583,8.39,1618.1,0
27.21,36.58,71.9,2172.8,2144.4,27.69,0.3,3.223,4.593,7.81,2429.1,0
26.76,37.08,73.83,1123.5,1062.2,48.42,118.2,2.094,4.754,9.74,5355.9,0
28.42,37.7,66.78,1309.1,1400.8,42.97,36.0,0.605,5.7,24.11,5056.0,0
26.45,38.97,68.78,1528.5,1520.0,38.47,16.1,2.235,6.719,15.76,2404.6,1
23.94,36.25,68.4,1349.6,1356.6,41.05,79.0,1.386,3.319,16.19,5031.5,0
27.99,37.88,65.72,1197.0,1252.0,47.07,7.1,0.137,3.935,14.99,4763.0,0
25.23,35.75,64.39,920.4,999.0,63.16,45.4,4.07,5.957,16.73,2564.1,0
24.2,34.21,70.92,1242.4,1246.0,46.1,34.0,0.374,5.62,10.38,4725.0,0
24.81,34.46,57.88,1141.6,1246.3,48.11,38.6,0.878,2.696,13.5,787.0,0
27.42,37.54,66.25,1345.6,1383.7,41.94,15.8,1.728,4.903,7.39,1830.0,0
26.66,36.62,62.48,1147.9,1236.3,59.02,25.6,0.632,7.453,16.46,3907.5,0
22.58,31.06,63.14,2357.6,2328.6,25.34,10.4,1.085,5.435,17.05,3690.1,0
26.08,36.35,58.1,2319.8,2293.5,22.63,12.6,3.566,4.177,11.94,3592.3,0
29.19,39.15,73.62,1340.8,1353.5,41.53,6.3,4.425,5.26,6.78,2850.4,0
25.95,36.26,60.63,1287.1,1247.7,46.6,10.0,1.044,7.416,13.64,142.5,0
26.52,36.44,67.24,3342.3,3416.6,14.25,50.6,1.309,6.288,18.69,4048.6,0
28.94,38.58,62.69,1587.9,1561.7,39.97,0.2,0.39,4.384,9.71,1541.7,0
28.44,39.32,65.46,1602.4,1572.0,38.2,69.3,0.718,6.238,11.06,5657.9,0
28.89,39.43,63.42,1256.7,1174.1,47.44,15.4,1.997,4.984,14.65,4786.6,0
21.3,32.7,58.81,1233.9,1200.0,44.29,82.3,1.705,3.671,15.28,2992.9,0
30.32,40.81,72.5,2760.7,2644.9,21.92,4.3,2.473,6.935,17.15,5052.3,0
28.12,37.93,76.05,2006.0,1983.4,29.2,188.8,1.233,6.246,20.85,4353.9,0
31.77,42.39,62.02,1762.4,1657.3,31.93,8.1,2.653,4.134,11.55,5891.9,0
25.29,33.3,65.02,1267.6,1218.9,47.39,27.4,6.828,7.76,11.95,2338.1,1
23.32,35.43,62.38,1357.6,1321.1,43.75,9.0,0.573,2.158,13.0,1995.1,0
26.86,37.14,69.98,1806.8,1796.5,33.79,73.7,1.758,5.459,10.61,4393.0,0
26.3,38.48,72.12,1530.0,1552.7,41.45,1.9,3.271,8.775,11.41,3795.5,0
28.16,37.29,60.8,2054.2,2055.7,29.42,44.5,0.147,8.51,14.41,5428.2,0
29.0,37.88,68.64,1050.3,1072.8,60.5,63.2,1.307,5.039,12.29,2085.2,0
26.68,37.04,62.34,1472.2,1514.2,45.74,61.2,0.684,9.465,19.36,3649.7,0
26.37,36.73,65.51,1302.6,1326.9,47.86,1.6,1.888,6.381,9.97,4593.1,0
27.9,38.23,73.77,1188.9,1186.4,53.77,7.4,1.072,5.2,14.51,4811.3,0
26.34,36.52,70.77,1149.0,1217.0,50.16,150.0,2.071,5.826,8.87,1785.7,0
26.17,35.54,64.44,1448.7,1453.9,40.32,35.3,2.718,4.836,16.13,874.7,0
28.92,37.44,72.16,1586.5,1528.3,38.15,47.8,1.181,6.707,16.07,837.6,0
29.37,39.65,70.12,1100.3,1112.8,52.88,16.2,1.86,5.038,22.82,451.9,0
29.02,37.74,61.5,1373.2,1394.1,40.27,28.0,3.49,5.939,19.02,3671.9,0
26.51,35.14,66.48,1751.0,1724.0,32.51,10.5,1.829,5.141,8.42,4810.2,0
22.57,32.19,59.33,1011.4,1074.5,59.67,34.8,0.452,3.024,17.09,1126.7,0
26.55,36.98,70.71,1810.7,1818.0,30.64,1.8,0.5,4.596,14.22,797.8,0
25.33,37.32,69.47,2866.6,2822.0,22.65,99.9,1.085,5.367,17.2,1062.5,0
26.59,37.57,63.99,1275.0,1208.6,49.93,4.5,1.48,5.394,11.9,885.8,0
25.51,36.94,58.33,1846.4,1778.7,32.69,16.0,2.299,6.785,18.35,3859.6,0
26.81,37.46,70.4,1442.9,1550.6,44.35,6.2,1.212,6.4,14.81,1538.8,0
24.77,35.14,67.6,1082.0,1085.7,58.17,55.0,0.476,4.987,12.68,1321.0,0
24.29,36.79,70.12,2167.5,2192.9,26.25,40.6,2.945,4.89,10.73,5950.0,0
29.3,37.97,66.46,1536.6,1505.6,39.59,49.1,1.896,5.821,9.77,4983.0,0
24.91,34.5,62.48,1134.0,1173.5,54.83,113.7,0.559,5.108,11.52,4684.4,0
26.85,36.52,63.06,1253.4,1247.0,46.82,5.3,0.18,4.852,13.31,5043.1,0
28.76,39.65,80.44,1544.4,1535.2,38.2,57.1,1.99,4.326,18.58,5175.4,0
28.68,37.7,62.75,970.4,963.0,63.89,31.2,1.364,4.99,20.01,368.9,0
28.44,39.2,67.3,1284.5,1222.0,39.05,137.4,1.961,6.32,10.44,4544.3,0
27.46,38.04,73.36,1373.5,1408.4,43.97,82.9,0.844,4.023,13.04,1784.7,0
28.3,39.11,80.85,885.2,972.0,56.49,57.2,2.586,6.285,11.23,4151.4,0
29.6,40.39,73.4,1157.7,1174.1,49.81,145.3,0.668,9.6,9.25,3551.9,0
27.7,39.24,54.95,1153.5,1147.4,53.22,25.7,1.609,4.768,15.54,132.2,0
23.18,33.13,56.28,2016.3,1974.6,31.0,44.6,3.009,5.167,19.32,5156.5,0
25.79,36.32,65.54,1228.9,1215.8,52.28,64.2,1.967,4.868,18.27,401.4,0
28.24,37.51,73.99,1476.0,1438.0,41.7,8.1,0.378,6.014,15.47,843.3,0
25.6,34.63,78.29,1739.2,1656.3,32.54,4.1,2.885,5.059,15.91,3831.1,0
30.09,41.86,68.63,1360.9,1346.0,42.22,87.5,1.822,5.164,12.86,2256.4,0
26.72,35.91,55.55,1453.9,1446.6,41.9,60.0,2.386,3.217,15.21,5757.5,0
27.02,37.66,64.03,1114.4,1127.4,58.68,18.1,0.417,5.142,10.93,5568.6,0
29.1,39.63,69.61,1380.5,1439.5,43.81,53.7,2.246,3.755,21.67,2478.4,0
26.48,37.66,60.72,1899.6,1917.7,32.19,58.7,0.464,4.397,21.23,4861.5,0
